citing_paper_id,cited_paper_id,citing_year,cited_year,context_snippet,status,notes
proc_isls-2026,cscl-volume-2026-paper-0165,2026,2026,School Grades. In  Proceedings of the 19th International Conference of the Learning Sciences-ICLS,extracted_from_md_references,Extracted via 0-cost reference block parsing from proceedings markdown; 2016-2022 proceedings reference extraction can be generated via Tier 3 PDF reference parsing.
proc_isls-2026,icls-volume-2026-paper-0367,2026,2026,non-formal learning contexts. CoReTra has been piloted in an intensive graduate course on the learning sciences;,extracted_from_md_references,Extracted via 0-cost reference block parsing from proceedings markdown; 2016-2022 proceedings reference extraction can be generated via Tier 3 PDF reference parsing.
proc_isls-2026,general-volume-2026-paper-062,2026,2026,approach to educational games. In  Emerging technologies for the classroom: A learning sciences,extracted_from_md_references,Extracted via 0-cost reference block parsing from proceedings markdown; 2016-2022 proceedings reference extraction can be generated via Tier 3 PDF reference parsing.
proc_isls-2026,general-volume-2026-paper-052,2026,2026,uniquely focuses on the methodological dialogues and tensions emerging in AI-era learning sciences. It moves,extracted_from_md_references,Extracted via 0-cost reference block parsing from proceedings markdown; 2016-2022 proceedings reference extraction can be generated via Tier 3 PDF reference parsing.
proc_isls-2026,general-volume-2026-paper-054,2026,2026,A CSCL Taxonomy Building Workshop,extracted_from_md_references,Extracted via 0-cost reference block parsing from proceedings markdown; 2016-2022 proceedings reference extraction can be generated via Tier 3 PDF reference parsing.
proc_isls-2026,general-volume-2026-paper-060,2026,2026,STEAM in the Learning Sciences: Foregrounding Heritage,extracted_from_md_references,Extracted via 0-cost reference block parsing from proceedings markdown; 2016-2022 proceedings reference extraction can be generated via Tier 3 PDF reference parsing.
proc_isls-2026,icls-volume-2026-paper-0491,2026,2026,quantum information science offers the learning sciences: a domain that pushes us to reconsider our theories of,extracted_from_md_references,Extracted via 0-cost reference block parsing from proceedings markdown; 2016-2022 proceedings reference extraction can be generated via Tier 3 PDF reference parsing.
proc_isls-2026,cscl-volume-2026-paper-0120,2026,2026,interaction analysis: A mixed-methods approach to tracing object-based participation in CSCL. In,extracted_from_md_references,Extracted via 0-cost reference block parsing from proceedings markdown; 2016-2022 proceedings reference extraction can be generated via Tier 3 PDF reference parsing.
proc_isls-2026,icls-volume-2026-paper-0348,2026,2026,centrally into the AI literacy and human–AI collaboration space within the Learning Sciences and computer-,extracted_from_md_references,Extracted via 0-cost reference block parsing from proceedings markdown; 2016-2022 proceedings reference extraction can be generated via Tier 3 PDF reference parsing.
proc_icls-2026,cscl-volume-2026-paper-0165,2026,2026,"Learning. In Proceedings of the 18th International Conference of the Learning Sciences-ICLS 2024, pp.",extracted_from_md_references,Extracted via 0-cost reference block parsing from proceedings markdown; 2016-2022 proceedings reference extraction can be generated via Tier 3 PDF reference parsing.
proc_icls-2026,general-volume-2026-paper-062,2026,2026,"IA is a common analytical approach in the Learning Sciences (e.g., Keifert & Stevens, 2019; diSessa et al., 2016;",extracted_from_md_references,Extracted via 0-cost reference block parsing from proceedings markdown; 2016-2022 proceedings reference extraction can be generated via Tier 3 PDF reference parsing.
proc_icls-2026,icls-volume-2026-paper-0160,2026,2026,"interactional analyses to examine teacher learning processes. Journal of the Learning Sciences, 29(2).",extracted_from_md_references,Extracted via 0-cost reference block parsing from proceedings markdown; 2016-2022 proceedings reference extraction can be generated via Tier 3 PDF reference parsing.
proc_icls-2026,icls-volume-2026-paper-0491,2026,2026,"interpret science as lived meaning -making. It contributes to the learning sciences by bridging embodiment,",extracted_from_md_references,Extracted via 0-cost reference block parsing from proceedings markdown; 2016-2022 proceedings reference extraction can be generated via Tier 3 PDF reference parsing.
proc_icls-2026,icls-volume-2026-paper-0061,2026,2026,"● Outer layer: Learning Sciences ecology. Encompasses the social, cultural, and participatory contexts in",extracted_from_md_references,Extracted via 0-cost reference block parsing from proceedings markdown; 2016-2022 proceedings reference extraction can be generated via Tier 3 PDF reference parsing.
proc_icls-2026,icls-volume-2026-paper-0029,2026,2026,"We gather literatures from the learning sciences and related fields on epistemic practices, emotion, and ideology",extracted_from_md_references,Extracted via 0-cost reference block parsing from proceedings markdown; 2016-2022 proceedings reference extraction can be generated via Tier 3 PDF reference parsing.
proc_icls-2026,icls-volume-2026-paper-0031,2026,2026,Inter-University Design Workshop: plurality in design education. In Proceedings of the Conference,extracted_from_md_references,Extracted via 0-cost reference block parsing from proceedings markdown; 2016-2022 proceedings reference extraction can be generated via Tier 3 PDF reference parsing.
proc_icls-2026,icls-volume-2026-paper-0032,2026,2026,Reinventing Measurement Models for the Learning Sciences:,extracted_from_md_references,Extracted via 0-cost reference block parsing from proceedings markdown; 2016-2022 proceedings reference extraction can be generated via Tier 3 PDF reference parsing.
proc_icls-2026,cscl-volume-2026-paper-0072,2026,2026,of Youth Epistemic Agency and in a Computational Data Science Workshop. In Proceedings of the 19th,extracted_from_md_references,Extracted via 0-cost reference block parsing from proceedings markdown; 2016-2022 proceedings reference extraction can be generated via Tier 3 PDF reference parsing.
proc_icls-2026,icls-volume-2026-paper-0045,2026,2026,analytic and empirical methods in the  learning sciences. While we position speculative interaction geography as,extracted_from_md_references,Extracted via 0-cost reference block parsing from proceedings markdown; 2016-2022 proceedings reference extraction can be generated via Tier 3 PDF reference parsing.
proc_icls-2026,general-volume-2026-paper-034,2026,2026,"contexts (Anderson & Shattuck, 2012). Within the  Learning Sciences community, DBR has inspired related",extracted_from_md_references,Extracted via 0-cost reference block parsing from proceedings markdown; 2016-2022 proceedings reference extraction can be generated via Tier 3 PDF reference parsing.
proc_icls-2026.md_38486,cscl-volume-2026-paper-0165,2026,2026,Engagement in the Makerspace. In Proceedings of the 18th International Conference of the Learning,extracted_from_md_references,Extracted via 0-cost reference block parsing from proceedings markdown; 2016-2022 proceedings reference extraction can be generated via Tier 3 PDF reference parsing.
proc_icls-2026.md_38486,icls-volume-2026-paper-0491,2026,2026,"reasoning in science learning. Journal of the Learning Sciences, 28(2), 160-205.",extracted_from_md_references,Extracted via 0-cost reference block parsing from proceedings markdown; 2016-2022 proceedings reference extraction can be generated via Tier 3 PDF reference parsing.
proc_icls-2026.md_38486,general-volume-2026-paper-062,2026,2026,"Information and Learning Sciences, 123(7/8), 500-525.",extracted_from_md_references,Extracted via 0-cost reference block parsing from proceedings markdown; 2016-2022 proceedings reference extraction can be generated via Tier 3 PDF reference parsing.
proc_icls-2026.md_38486,icls-volume-2026-paper-0160,2026,2026,"principles, suggesting that agency and autonomy are emerging ethical aspects of AI that the learning sciences can",extracted_from_md_references,Extracted via 0-cost reference block parsing from proceedings markdown; 2016-2022 proceedings reference extraction can be generated via Tier 3 PDF reference parsing.
proc_icls-2026.md_38486,icls-volume-2026-paper-0449,2026,2026,took a more traditional approach to writing and researching our conceptualization of learning within ISLS in this,extracted_from_md_references,Extracted via 0-cost reference block parsing from proceedings markdown; 2016-2022 proceedings reference extraction can be generated via Tier 3 PDF reference parsing.
proc_icls-2026.md_38486,icls-volume-2026-paper-0111,2026,2026,"In short, if the learning sciences are to take seriously the theme of “partnering with purpose,” they must",extracted_from_md_references,Extracted via 0-cost reference block parsing from proceedings markdown; 2016-2022 proceedings reference extraction can be generated via Tier 3 PDF reference parsing.
proc_icls-2026.md_38486,icls-volume-2026-paper-0159,2026,2026,Reflections on Hybrid History and Designs at ISLS Annual,extracted_from_md_references,Extracted via 0-cost reference block parsing from proceedings markdown; 2016-2022 proceedings reference extraction can be generated via Tier 3 PDF reference parsing.
proc_icls-2026.md_76766,cscl-volume-2026-paper-0165,2026,2026,"presented at the 19th International Conference of the Learning Sciences (ICLS), Helsinki, Finland.",extracted_from_md_references,Extracted via 0-cost reference block parsing from proceedings markdown; 2016-2022 proceedings reference extraction can be generated via Tier 3 PDF reference parsing.
proc_icls-2026.md_76766,general-volume-2026-paper-062,2026,2026,"to map historical pandemics during a pandemic. Information and Learning Sciences, 121(7/8), 533–547.",extracted_from_md_references,Extracted via 0-cost reference block parsing from proceedings markdown; 2016-2022 proceedings reference extraction can be generated via Tier 3 PDF reference parsing.
proc_icls-2026.md_76766,icls-volume-2026-paper-0491,2026,2026,Design in the learning sciences is never neutral; it encodes particular values and privileges some forms of,extracted_from_md_references,Extracted via 0-cost reference block parsing from proceedings markdown; 2016-2022 proceedings reference extraction can be generated via Tier 3 PDF reference parsing.
proc_icls-2026.md_76766,icls-volume-2026-paper-0280,2026,2026,to the growing body of work among the learning sciences by exploring how young people’s ecological and social,extracted_from_md_references,Extracted via 0-cost reference block parsing from proceedings markdown; 2016-2022 proceedings reference extraction can be generated via Tier 3 PDF reference parsing.
proc_icls-2026.md_76766,icls-volume-2026-paper-0234,2026,2026,programming performance. In Proceedings of the first international workshop on Computing education,extracted_from_md_references,Extracted via 0-cost reference block parsing from proceedings markdown; 2016-2022 proceedings reference extraction can be generated via Tier 3 PDF reference parsing.
proc_icls-2026.md_76766,icls-volume-2026-paper-0032,2026,2026,"(DBIR) are well established in the learning sciences, practical models that translate these ideas into short,",extracted_from_md_references,Extracted via 0-cost reference block parsing from proceedings markdown; 2016-2022 proceedings reference extraction can be generated via Tier 3 PDF reference parsing.
proc_icls-2026.md_76766,icls-volume-2026-paper-0361,2026,2026,"In the learning sciences, methodologies such as social design experiments (Gutiérrez & Jurow, 2016),",extracted_from_md_references,Extracted via 0-cost reference block parsing from proceedings markdown; 2016-2022 proceedings reference extraction can be generated via Tier 3 PDF reference parsing.
proc_icls-2026.md_76766,icls-volume-2026-paper-0159,2026,2026,and hybrid features at ISLS Annual Meetings. This process will continue during the symposium through breakout,extracted_from_md_references,Extracted via 0-cost reference block parsing from proceedings markdown; 2016-2022 proceedings reference extraction can be generated via Tier 3 PDF reference parsing.
proc_icls-2026.md_76766,icls-volume-2026-paper-0160,2026,2026,"design of some learning artifact. Unlike other design-oriented disciplines, co-design in the learning sciences has",extracted_from_md_references,Extracted via 0-cost reference block parsing from proceedings markdown; 2016-2022 proceedings reference extraction can be generated via Tier 3 PDF reference parsing.
proc_icls-2026.md_76766,icls-volume-2026-paper-0348,2026,2026,"Google, AI Literacy, and the Learning Sciences: Multiple Modes of",extracted_from_md_references,Extracted via 0-cost reference block parsing from proceedings markdown; 2016-2022 proceedings reference extraction can be generated via Tier 3 PDF reference parsing.
proc_icls-2026.md_76766,icls-volume-2026-paper-0111,2026,2026,"aspect of “partnering with purpose.” Collectively, we will consider the extent to which the learning sciences",extracted_from_md_references,Extracted via 0-cost reference block parsing from proceedings markdown; 2016-2022 proceedings reference extraction can be generated via Tier 3 PDF reference parsing.
proc_icls-2026.md_76766,general-volume-2026-paper-014,2026,2026,"learning with material tools. However, their submissions based on outcome-oriented research to ISLS conferences",extracted_from_md_references,Extracted via 0-cost reference block parsing from proceedings markdown; 2016-2022 proceedings reference extraction can be generated via Tier 3 PDF reference parsing.
proc_icls-2026.md_76766,icls-volume-2026-paper-0202,2026,2026,club: An innovative professional development model for AI education. In Proceedings of the 53rd ACM,extracted_from_md_references,Extracted via 0-cost reference block parsing from proceedings markdown; 2016-2022 proceedings reference extraction can be generated via Tier 3 PDF reference parsing.
proc_icls-2026.md_76766,icls-volume-2026-paper-0419,2026,2026,to trace the thematic evolution of the learning sciences across three decades of International,extracted_from_md_references,Extracted via 0-cost reference block parsing from proceedings markdown; 2016-2022 proceedings reference extraction can be generated via Tier 3 PDF reference parsing.
proc_icls-2026.md_76766,icls-volume-2026-paper-0355,2026,2026,"Leydens, J. A., Lucena, J., & Nieusma, D. (2014). What is design for social justice. Proceedings of the American",extracted_from_md_references,Extracted via 0-cost reference block parsing from proceedings markdown; 2016-2022 proceedings reference extraction can be generated via Tier 3 PDF reference parsing.
proc_icls-2026.md_76766,cscl-volume-2026-paper-0020,2026,2026,levels: Insights from professional learning in a CS RPP collaboration. In Proceedings of the 52nd ACM,extracted_from_md_references,Extracted via 0-cost reference block parsing from proceedings markdown; 2016-2022 proceedings reference extraction can be generated via Tier 3 PDF reference parsing.
proc_cscl-2026,cscl-volume-2026-paper-0165,2026,2026,dashboards: Where do we go from here? In Proceedings of the 9th International Conference on Learning,extracted_from_md_references,Extracted via 0-cost reference block parsing from proceedings markdown; 2016-2022 proceedings reference extraction can be generated via Tier 3 PDF reference parsing.
proc_cscl-2026.md_4227,cscl-volume-2026-paper-0165,2026,2026,"In Proceedings of the 17th International Conference of the Learning Sciences -ICLS 2023, pp. 577-584.",extracted_from_md_references,Extracted via 0-cost reference block parsing from proceedings markdown; 2016-2022 proceedings reference extraction can be generated via Tier 3 PDF reference parsing.
proc_cscl-2026.md_4227,cscl-volume-2026-paper-0026,2026,2026,orchestration load in co-located and online CSCL settings? The remainder of this paper is structured as follows.,extracted_from_md_references,Extracted via 0-cost reference block parsing from proceedings markdown; 2016-2022 proceedings reference extraction can be generated via Tier 3 PDF reference parsing.
proc_cscl-2026.md_4227,cscl-volume-2026-paper-0034,2026,2026,A Design Space for Dialogic Assessment in CSCL,extracted_from_md_references,Extracted via 0-cost reference block parsing from proceedings markdown; 2016-2022 proceedings reference extraction can be generated via Tier 3 PDF reference parsing.
proc_cscl-2026.md_4227,general-volume-2026-paper-027,2026,2026,the design space outlined here should be considered a starting point for collaborative refinement within the CSCL,extracted_from_md_references,Extracted via 0-cost reference block parsing from proceedings markdown; 2016-2022 proceedings reference extraction can be generated via Tier 3 PDF reference parsing.
proc_cscl-2026.md_4227,cscl-volume-2026-paper-0038,2026,2026,Extending CSCL Affordances for Multilingual Classrooms: Teacher,extracted_from_md_references,Extracted via 0-cost reference block parsing from proceedings markdown; 2016-2022 proceedings reference extraction can be generated via Tier 3 PDF reference parsing.
proc_cscl-2026.md_4227,cscl-volume-2026-paper-0059,2026,2026,Regulating Epistemic Emotions in CSCL: Comparing the Higher-,extracted_from_md_references,Extracted via 0-cost reference block parsing from proceedings markdown; 2016-2022 proceedings reference extraction can be generated via Tier 3 PDF reference parsing.
proc_cscl-2026.md_4227,cscl-volume-2026-paper-0086,2026,2026,"In CSCL environments, emotions are deeply situated within the socio-cognitive dynamics of collaborative inquiry",extracted_from_md_references,Extracted via 0-cost reference block parsing from proceedings markdown; 2016-2022 proceedings reference extraction can be generated via Tier 3 PDF reference parsing.
proc_cscl-2026.md_4227,icls-volume-2026-paper-0491,2026,2026,"follow, advancing both multimodal learning sciences and human–AI interaction design.",extracted_from_md_references,Extracted via 0-cost reference block parsing from proceedings markdown; 2016-2022 proceedings reference extraction can be generated via Tier 3 PDF reference parsing.
proc_cscl-2026.md_4227,cscl-volume-2026-paper-0115,2026,2026,working together in a STEM+C learning environment. Our analysis is guided by a social -constructivist CSCL,extracted_from_md_references,Extracted via 0-cost reference block parsing from proceedings markdown; 2016-2022 proceedings reference extraction can be generated via Tier 3 PDF reference parsing.
proc_cscl-2026.md_4227,icls-volume-2026-paper-0388,2026,2026,"pair dynamics in shared, co- located augmented reality narratives.  In Proceedings of the ACM",extracted_from_md_references,Extracted via 0-cost reference block parsing from proceedings markdown; 2016-2022 proceedings reference extraction can be generated via Tier 3 PDF reference parsing.
proc_cscl-2026.md_4227,cscl-volume-2026-paper-0091,2026,2026,Revisiting Wise and Schwarz’s Provocations for CSCL:,extracted_from_md_references,Extracted via 0-cost reference block parsing from proceedings markdown; 2016-2022 proceedings reference extraction can be generated via Tier 3 PDF reference parsing.
proc_cscl-2026.md_4227,icls-volume-2026-paper-0059,2026,2026,"through the design of its activities. These activities implement state of the art CSCL theory and practice, such as",extracted_from_md_references,Extracted via 0-cost reference block parsing from proceedings markdown; 2016-2022 proceedings reference extraction can be generated via Tier 3 PDF reference parsing.
proc_cscl-2026.md_4227,general-volume-2026-paper-062,2026,2026,"construction into political manipulation? Information and Learning Sciences , 124(7/8), 197 –220.",extracted_from_md_references,Extracted via 0-cost reference block parsing from proceedings markdown; 2016-2022 proceedings reference extraction can be generated via Tier 3 PDF reference parsing.
proc_cscl-2026.md_4227,cscl-volume-2026-paper-0093,2026,2026,"Towards a Robust Theory Toolbox for CSCL: Mechanisms, Models,",extracted_from_md_references,Extracted via 0-cost reference block parsing from proceedings markdown; 2016-2022 proceedings reference extraction can be generated via Tier 3 PDF reference parsing.
proc_cscl-2026.md_4227,icls-volume-2026-paper-0413,2026,2026,"how intergenerational participatio n shapes collaborative learning, and how CSCL might expand to include",extracted_from_md_references,Extracted via 0-cost reference block parsing from proceedings markdown; 2016-2022 proceedings reference extraction can be generated via Tier 3 PDF reference parsing.
proc_cscl-2026.md_31750,cscl-volume-2026-paper-0107,2026,2026,Dialogic Intelligence: Rethinking the pedagogical goal of CSCL in,extracted_from_md_references,Extracted via 0-cost reference block parsing from proceedings markdown; 2016-2022 proceedings reference extraction can be generated via Tier 3 PDF reference parsing.
proc_cscl-2026.md_31750,cscl-volume-2026-paper-0165,2026,2026,"R., & Brennan, K. (Eds.), Proceedings of the 17th International Conference of the Learning Sciences -",extracted_from_md_references,Extracted via 0-cost reference block parsing from proceedings markdown; 2016-2022 proceedings reference extraction can be generated via Tier 3 PDF reference parsing.
proc_cscl-2026.md_31750,cscl-volume-2026-paper-0124,2026,2026,Physiological Indicators of Teacher Stress in CSCL,extracted_from_md_references,Extracted via 0-cost reference block parsing from proceedings markdown; 2016-2022 proceedings reference extraction can be generated via Tier 3 PDF reference parsing.
proc_cscl-2026.md_31750,icls-volume-2026-paper-0285,2026,2026,"literacy as a social practice, data literacy, AI literacy, CS education, and CSCL. Our current vision of TC includes",extracted_from_md_references,Extracted via 0-cost reference block parsing from proceedings markdown; 2016-2022 proceedings reference extraction can be generated via Tier 3 PDF reference parsing.
proc_isls-2026,handle_1_11573,2026,2025,"every child know about AI? In Proceedings of the AAAI Conference on Artificial Intelligence (Vol. 33,",extracted_from_md_references,Extracted via 0-cost reference block parsing from proceedings markdown; 2016-2022 proceedings reference extraction can be generated via Tier 3 PDF reference parsing.
proc_isls-2026,handle_1_11439,2026,2025,"2023, pp. 27-34). International Society of the Learning Sciences.",extracted_from_md_references,Extracted via 0-cost reference block parsing from proceedings markdown; 2016-2022 proceedings reference extraction can be generated via Tier 3 PDF reference parsing.
proc_isls-2026,handle_1_11784,2026,2025,"Extensive research demonstrates that CSCL fosters learning gains, enhances critical thinking, and sustains",extracted_from_md_references,Extracted via 0-cost reference block parsing from proceedings markdown; 2016-2022 proceedings reference extraction can be generated via Tier 3 PDF reference parsing.
proc_isls-2026,handle_1_11481,2026,2025,We welcome feedback from the learning sciences community on how topological approaches might,extracted_from_md_references,Extracted via 0-cost reference block parsing from proceedings markdown; 2016-2022 proceedings reference extraction can be generated via Tier 3 PDF reference parsing.
proc_isls-2026,handle_1_11938,2026,2025,Ground in CSCL: Evidence from a Global Survey .,extracted_from_md_references,Extracted via 0-cost reference block parsing from proceedings markdown; 2016-2022 proceedings reference extraction can be generated via Tier 3 PDF reference parsing.
proc_isls-2026,handle_1_11263,2026,2025,"the roles of CSCL in advancing AI-supported assessment.  With the rapid rise of generative AI, higher education",extracted_from_md_references,Extracted via 0-cost reference block parsing from proceedings markdown; 2016-2022 proceedings reference extraction can be generated via Tier 3 PDF reference parsing.
proc_isls-2026,handle_1_11482,2026,2025,will engage learning sciences colleagues in deeper theorizing around these issues.,extracted_from_md_references,Extracted via 0-cost reference block parsing from proceedings markdown; 2016-2022 proceedings reference extraction can be generated via Tier 3 PDF reference parsing.
proc_isls-2026,handle_1_11619,2026,2025,inquiry. I also aim to collaborate with international researchers in dialogic teaching and learning sciences to,extracted_from_md_references,Extracted via 0-cost reference block parsing from proceedings markdown; 2016-2022 proceedings reference extraction can be generated via Tier 3 PDF reference parsing.
proc_isls-2026,handle_1_11664,2026,2025,"scholarship that helps the Learning Sciences reckon with its historical inheritances while designing toward freer,",extracted_from_md_references,Extracted via 0-cost reference block parsing from proceedings markdown; 2016-2022 proceedings reference extraction can be generated via Tier 3 PDF reference parsing.
proc_isls-2026,handle_1_11711,2026,2025,College Education: The Case for Learning Sciences Collaboration.  arXiv preprint arXiv:2508.00668 .,extracted_from_md_references,Extracted via 0-cost reference block parsing from proceedings markdown; 2016-2022 proceedings reference extraction can be generated via Tier 3 PDF reference parsing.
proc_isls-2026,handle_1_11487,2026,2025,Makes a Competent Outsider?. In Proceedings of the 19th International Conference of the Learning,extracted_from_md_references,Extracted via 0-cost reference block parsing from proceedings markdown; 2016-2022 proceedings reference extraction can be generated via Tier 3 PDF reference parsing.
proc_isls-2026,handle_1_11830,2026,2025,Perceptions of Journaling in Cooperative Inquiry Co-Design. In  Proceedings of the 19th International,extracted_from_md_references,Extracted via 0-cost reference block parsing from proceedings markdown; 2016-2022 proceedings reference extraction can be generated via Tier 3 PDF reference parsing.
proc_icls-2026,handle_1_11439,2026,2025,1770-1773. International Society of the Learning Sciences.,extracted_from_md_references,Extracted via 0-cost reference block parsing from proceedings markdown; 2016-2022 proceedings reference extraction can be generated via Tier 3 PDF reference parsing.
proc_icls-2026,handle_1_11481,2026,2025,"literacy aligned with the Learning Sciences’ commitment to contextualized, justice -oriented education (Lee &",extracted_from_md_references,Extracted via 0-cost reference block parsing from proceedings markdown; 2016-2022 proceedings reference extraction can be generated via Tier 3 PDF reference parsing.
proc_icls-2026,handle_1_11573,2026,2025,every child know about AI? In Proceedings of the AAAI Conference on Artificial Intelligence (AAAI-,extracted_from_md_references,Extracted via 0-cost reference block parsing from proceedings markdown; 2016-2022 proceedings reference extraction can be generated via Tier 3 PDF reference parsing.
proc_icls-2026,handle_1_11621,2026,2025,"Greeno, J. (2005). Learning in activity. In Sawyer, R. K., (Ed.), The Cambridge handbook of the learning sciences.",extracted_from_md_references,Extracted via 0-cost reference block parsing from proceedings markdown; 2016-2022 proceedings reference extraction can be generated via Tier 3 PDF reference parsing.
proc_icls-2026,handle_1_11824,2026,2025,environmental learning: A design tool. In Proceedings of the 19th International Conference of the,extracted_from_md_references,Extracted via 0-cost reference block parsing from proceedings markdown; 2016-2022 proceedings reference extraction can be generated via Tier 3 PDF reference parsing.
proc_icls-2026,handle_1_11449,2026,2025,research-practice partnerships and why CSCL should not give up on large -scale educational change.,extracted_from_md_references,Extracted via 0-cost reference block parsing from proceedings markdown; 2016-2022 proceedings reference extraction can be generated via Tier 3 PDF reference parsing.
proc_icls-2026.md_38486,handle_1_11439,2026,2025,"Sciences-ICLS 2024, pp. 1251-1254. International Society of the Learning Sciences.",extracted_from_md_references,Extracted via 0-cost reference block parsing from proceedings markdown; 2016-2022 proceedings reference extraction can be generated via Tier 3 PDF reference parsing.
proc_icls-2026.md_38486,handle_1_11769,2026,2025,Mechanistic Reasoning about Natural Selection. Proceedings of the 19th International Conference of the,extracted_from_md_references,Extracted via 0-cost reference block parsing from proceedings markdown; 2016-2022 proceedings reference extraction can be generated via Tier 3 PDF reference parsing.
proc_icls-2026.md_38486,handle_1_11621,2026,2025,"culturally shaped activity. Journal of the Learning Sciences, 14(1), 3–40.",extracted_from_md_references,Extracted via 0-cost reference block parsing from proceedings markdown; 2016-2022 proceedings reference extraction can be generated via Tier 3 PDF reference parsing.
proc_icls-2026.md_38486,handle_1_11573,2026,2025,should every child know about AI?. In Proceedings of the AAAI conference on artificial intelligence,extracted_from_md_references,Extracted via 0-cost reference block parsing from proceedings markdown; 2016-2022 proceedings reference extraction can be generated via Tier 3 PDF reference parsing.
proc_icls-2026.md_38486,handle_1_11672,2026,2025,"recently, learning sciences have investigated learning about machine learning and neural networks (Barnett et al.,",extracted_from_md_references,Extracted via 0-cost reference block parsing from proceedings markdown; 2016-2022 proceedings reference extraction can be generated via Tier 3 PDF reference parsing.
proc_icls-2026.md_38486,handle_1_11772,2026,2025,learning sciences. Prior work in justice -centered computing education has argued that computing learning,extracted_from_md_references,Extracted via 0-cost reference block parsing from proceedings markdown; 2016-2022 proceedings reference extraction can be generated via Tier 3 PDF reference parsing.
proc_icls-2026.md_38486,handle_1_11480,2026,2025,"postcolonial possibilities” (Curnow, et al., 2025) all represent parts of the learning sciences community invested",extracted_from_md_references,Extracted via 0-cost reference block parsing from proceedings markdown; 2016-2022 proceedings reference extraction can be generated via Tier 3 PDF reference parsing.
proc_icls-2026.md_38486,handle_1_11481,2026,2025,"pushing the learning sciences in new directions, and developing our understanding of the present and future of the",extracted_from_md_references,Extracted via 0-cost reference block parsing from proceedings markdown; 2016-2022 proceedings reference extraction can be generated via Tier 3 PDF reference parsing.
proc_icls-2026.md_38486,handle_1_11271,2026,2025,held a Ph.D. in Learning Sciences and had four years of teaching experience.,extracted_from_md_references,Extracted via 0-cost reference block parsing from proceedings markdown; 2016-2022 proceedings reference extraction can be generated via Tier 3 PDF reference parsing.
proc_icls-2026.md_38486,handle_1_11283,2026,2025,"Sinha, T. (2025a ). Pedagogies for executing impactful AI literacy programs. In Proceedings of the 19th",extracted_from_md_references,Extracted via 0-cost reference block parsing from proceedings markdown; 2016-2022 proceedings reference extraction can be generated via Tier 3 PDF reference parsing.
proc_icls-2026.md_76766,handle_1_11439,2026,2025,International Society of the Learning Sciences.,extracted_from_md_references,Extracted via 0-cost reference block parsing from proceedings markdown; 2016-2022 proceedings reference extraction can be generated via Tier 3 PDF reference parsing.
proc_icls-2026.md_76766,handle_1_11480,2026,2025,Learning Possibilities. Proceedings of the 16th International Conference of the Learning Sciences (ICLS),extracted_from_md_references,Extracted via 0-cost reference block parsing from proceedings markdown; 2016-2022 proceedings reference extraction can be generated via Tier 3 PDF reference parsing.
proc_icls-2026.md_76766,handle_1_11573,2026,2025,"every child know about AI?  In Proceedings of the AAAI Conference on Artificial Intelligence, 33 (1),",extracted_from_md_references,Extracted via 0-cost reference block parsing from proceedings markdown; 2016-2022 proceedings reference extraction can be generated via Tier 3 PDF reference parsing.
proc_icls-2026.md_76766,handle_1_11351,2026,2025,Youths’ Conceptualizations and Criteria within a Project-Based Data Science Camp. Proceedings of the,extracted_from_md_references,Extracted via 0-cost reference block parsing from proceedings markdown; 2016-2022 proceedings reference extraction can be generated via Tier 3 PDF reference parsing.
proc_icls-2026.md_76766,handle_1_11684,2026,2025,Contextualizing and relating data with network visualization. Proceedings of the International,extracted_from_md_references,Extracted via 0-cost reference block parsing from proceedings markdown; 2016-2022 proceedings reference extraction can be generated via Tier 3 PDF reference parsing.
proc_icls-2026.md_76766,handle_1_11784,2026,2025,"thinking, collaboration and new media literacy skills. Information and Learning Sciences , 120(11/12),",extracted_from_md_references,Extracted via 0-cost reference block parsing from proceedings markdown; 2016-2022 proceedings reference extraction can be generated via Tier 3 PDF reference parsing.
proc_icls-2026.md_76766,handle_1_11481,2026,2025,from cultural-historical approaches to the learning sciences —including learning on the move,extracted_from_md_references,Extracted via 0-cost reference block parsing from proceedings markdown; 2016-2022 proceedings reference extraction can be generated via Tier 3 PDF reference parsing.
proc_icls-2026.md_76766,handle_1_11926,2026,2025,the loop: Returning learning analytics to teachers. In Proceedings of the 31st Annual Conference of the,extracted_from_md_references,Extracted via 0-cost reference block parsing from proceedings markdown; 2016-2022 proceedings reference extraction can be generated via Tier 3 PDF reference parsing.
proc_icls-2026.md_76766,handle_1_11219,2026,2025,"teaching machine learning. In Proceedings of the 2022 ACM Conference on Fairness, Accountability,",extracted_from_md_references,Extracted via 0-cost reference block parsing from proceedings markdown; 2016-2022 proceedings reference extraction can be generated via Tier 3 PDF reference parsing.
proc_icls-2026.md_76766,handle_1_11722,2026,2025,Machine Learning. In Proceedings of the 2025 ACM Designing Interactive Systems Conference (pp. 535-,extracted_from_md_references,Extracted via 0-cost reference block parsing from proceedings markdown; 2016-2022 proceedings reference extraction can be generated via Tier 3 PDF reference parsing.
proc_icls-2026.md_76766,handle_1_11440,2026,2025,co-design in the learning sciences seeks to surface participants’ lived experiences and needs to directly inform the,extracted_from_md_references,Extracted via 0-cost reference block parsing from proceedings markdown; 2016-2022 proceedings reference extraction can be generated via Tier 3 PDF reference parsing.
proc_icls-2026.md_76766,handle_1_11898,2026,2025,addressing the need for dialogue across various approaches to co- design within the Learning Sciences.  The,extracted_from_md_references,Extracted via 0-cost reference block parsing from proceedings markdown; 2016-2022 proceedings reference extraction can be generated via Tier 3 PDF reference parsing.
proc_icls-2026.md_76766,handle_1_11718,2026,2025,Imaginings in a Teen Science -Based Creative Writing Workshop. In Proceedings of the 19th,extracted_from_md_references,Extracted via 0-cost reference block parsing from proceedings markdown; 2016-2022 proceedings reference extraction can be generated via Tier 3 PDF reference parsing.
proc_icls-2026.md_76766,handle_1_11840,2026,2025,Support Moments With a Conversational AI Partner. In Proceedings of the 18th International,extracted_from_md_references,Extracted via 0-cost reference block parsing from proceedings markdown; 2016-2022 proceedings reference extraction can be generated via Tier 3 PDF reference parsing.
proc_icls-2026.md_76766,handle_1_11306,2026,2025,"maker education, offering valuable insights for the learning sciences and a model for fostering deep, systemic,",extracted_from_md_references,Extracted via 0-cost reference block parsing from proceedings markdown; 2016-2022 proceedings reference extraction can be generated via Tier 3 PDF reference parsing.
proc_icls-2026.md_76766,handle_1_11496,2026,2025,as transformational agents of change inside and outside classrooms. In Proceedings of the 19th ICLS,extracted_from_md_references,Extracted via 0-cost reference block parsing from proceedings markdown; 2016-2022 proceedings reference extraction can be generated via Tier 3 PDF reference parsing.
proc_icls-2026.md_76766,handle_1_11271,2026,2025,"background, still figuring out how — and if — I truly fit within the learning sciences. What most draws me to the",extracted_from_md_references,Extracted via 0-cost reference block parsing from proceedings markdown; 2016-2022 proceedings reference extraction can be generated via Tier 3 PDF reference parsing.
proc_icls-2026.md_76766,handle_1_11621,2026,2025,"The learning sciences community has long emphasized authentic activity ( Papert & Harel, 1991 ),",extracted_from_md_references,Extracted via 0-cost reference block parsing from proceedings markdown; 2016-2022 proceedings reference extraction can be generated via Tier 3 PDF reference parsing.
proc_icls-2026.md_76766,handle_1_11606,2026,2025,"participation in communities of practice (Wenger, 1998). Furthermore, engagement in Learning Sciences",extracted_from_md_references,Extracted via 0-cost reference block parsing from proceedings markdown; 2016-2022 proceedings reference extraction can be generated via Tier 3 PDF reference parsing.
proc_icls-2026.md_76766,handle_1_11628,2026,2025,"education: Teachers’ trust, self-efficacy, anxiety and task value. In Joint Proceedings of the LAK 2025",extracted_from_md_references,Extracted via 0-cost reference block parsing from proceedings markdown; 2016-2022 proceedings reference extraction can be generated via Tier 3 PDF reference parsing.
proc_icls-2026.md_76766,handle_1_11839,2026,2025,Interdisciplinary collaboration is foundational to the Learning Sciences because progress in the field depends on,extracted_from_md_references,Extracted via 0-cost reference block parsing from proceedings markdown; 2016-2022 proceedings reference extraction can be generated via Tier 3 PDF reference parsing.
proc_icls-2026.md_76766,handle_1_11648,2026,2025,"collaboration as four early -career Learning Sciences scholars. At the time of data collection, we were all PhD",extracted_from_md_references,Extracted via 0-cost reference block parsing from proceedings markdown; 2016-2022 proceedings reference extraction can be generated via Tier 3 PDF reference parsing.
proc_icls-2026.md_76766,handle_1_11704,2026,2025,teachers’ culturally responsive classroom practices. In  Proceedings of the 2023 ACM Conference on,extracted_from_md_references,Extracted via 0-cost reference block parsing from proceedings markdown; 2016-2022 proceedings reference extraction can be generated via Tier 3 PDF reference parsing.
proc_icls-2026.md_76766,handle_1_11406,2026,2025,critical framings of computational thinking for K -12 CS education. In Proceedings of the 2019 ACM,extracted_from_md_references,Extracted via 0-cost reference block parsing from proceedings markdown; 2016-2022 proceedings reference extraction can be generated via Tier 3 PDF reference parsing.
proc_cscl-2026,handle_1_11439,2026,2025,Learning (CSCL 2024)  (pp. 139– 146). International Society of the Learning Sciences.,extracted_from_md_references,Extracted via 0-cost reference block parsing from proceedings markdown; 2016-2022 proceedings reference extraction can be generated via Tier 3 PDF reference parsing.
proc_cscl-2026.md_4227,handle_1_11439,2026,2025,International Society of the Learning Sciences.,extracted_from_md_references,Extracted via 0-cost reference block parsing from proceedings markdown; 2016-2022 proceedings reference extraction can be generated via Tier 3 PDF reference parsing.
proc_cscl-2026.md_4227,handle_1_11722,2026,2025,"offer implications for designing adaptive, computer-supported peer feedback systems in CSCL",extracted_from_md_references,Extracted via 0-cost reference block parsing from proceedings markdown; 2016-2022 proceedings reference extraction can be generated via Tier 3 PDF reference parsing.
proc_cscl-2026.md_4227,handle_1_11481,2026,2025,"the Learning Sciences, 3(3), 265–283. (Classic paper distinguishing KB from other approaches) ()",extracted_from_md_references,Extracted via 0-cost reference block parsing from proceedings markdown; 2016-2022 proceedings reference extraction can be generated via Tier 3 PDF reference parsing.
proc_cscl-2026.md_4227,handle_1_11855,2026,2025,triangulating EDA with self-reported data to assess the teacher orchestration load in CSCL activities. The finding,extracted_from_md_references,Extracted via 0-cost reference block parsing from proceedings markdown; 2016-2022 proceedings reference extraction can be generated via Tier 3 PDF reference parsing.
proc_cscl-2026.md_4227,handle_1_11318,2026,2025,Teachers (AI CFT) and Zhai’s teacher agency framework. The study contributes to the CSCL,extracted_from_md_references,Extracted via 0-cost reference block parsing from proceedings markdown; 2016-2022 proceedings reference extraction can be generated via Tier 3 PDF reference parsing.
proc_cscl-2026.md_4227,handle_1_11852,2026,2025,"learning orientations and operationalizing transactional applications through CSCL collaboration scripts, we can",extracted_from_md_references,Extracted via 0-cost reference block parsing from proceedings markdown; 2016-2022 proceedings reference extraction can be generated via Tier 3 PDF reference parsing.
proc_cscl-2026.md_4227,handle_1_11390,2026,2025,"In CSCL, Activity Theory has been widely applied to analyze how learners, teachers, and mediating",extracted_from_md_references,Extracted via 0-cost reference block parsing from proceedings markdown; 2016-2022 proceedings reference extraction can be generated via Tier 3 PDF reference parsing.
proc_cscl-2026.md_4227,handle_1_11908,2026,2025,Analysis through Vogel et al.’s (2017) three-level CSCL script framework revealed a continuum of collaborative,extracted_from_md_references,Extracted via 0-cost reference block parsing from proceedings markdown; 2016-2022 proceedings reference extraction can be generated via Tier 3 PDF reference parsing.
proc_cscl-2026.md_4227,handle_1_11966,2026,2025,A Proactive Speech Agent for Metacognitive Mediation in Collaborative Learning. In Proceedings of,extracted_from_md_references,Extracted via 0-cost reference block parsing from proceedings markdown; 2016-2022 proceedings reference extraction can be generated via Tier 3 PDF reference parsing.
proc_cscl-2026.md_4227,handle_1_11900,2026,2025,"Within Collaborative Learning. In Oshima, J., Chen, B., Vogel, F., & Järvelä, J. (Eds.), Proceedings of",extracted_from_md_references,Extracted via 0-cost reference block parsing from proceedings markdown; 2016-2022 proceedings reference extraction can be generated via Tier 3 PDF reference parsing.
proc_cscl-2026.md_4227,handle_1_11869,2026,2025,"interdisciplinary research practice, CSCL 2025 Proceedings, pp.340-344.",extracted_from_md_references,Extracted via 0-cost reference block parsing from proceedings markdown; 2016-2022 proceedings reference extraction can be generated via Tier 3 PDF reference parsing.
proc_cscl-2026.md_31750,handle_1_11439,2026,2025,CSCL 2025 (pp. 678-680). International Society of the Learning Sciences.,extracted_from_md_references,Extracted via 0-cost reference block parsing from proceedings markdown; 2016-2022 proceedings reference extraction can be generated via Tier 3 PDF reference parsing.
proc_cscl-2026.md_31750,handle_1_11662,2026,2025,Science and Physical Computing Curriculum. In Proceedings of the 55th ACM Technical Symposium,extracted_from_md_references,Extracted via 0-cost reference block parsing from proceedings markdown; 2016-2022 proceedings reference extraction can be generated via Tier 3 PDF reference parsing.
proc_cscl-2026.md_31750,handle_1_11903,2026,2025,Collaborating with Generative AI for Learning? 525–533. https://doi.org/10.22318/cscl2025.882858,extracted_from_md_references,Extracted via 0-cost reference block parsing from proceedings markdown; 2016-2022 proceedings reference extraction can be generated via Tier 3 PDF reference parsing.
proc_cscl-2026.md_31750,handle_1_11385,2026,2025,"Russo, R., & Blikstein, P. (2025). Towards a Learning Sciences-Informed Framework for Investigating “Twisted”",extracted_from_md_references,Extracted via 0-cost reference block parsing from proceedings markdown; 2016-2022 proceedings reference extraction can be generated via Tier 3 PDF reference parsing.
proc_cscl-2026.md_31750,handle_1_11411,2026,2025,Knowledge Construction on Social Media. Proceedings of the 19th International Conference of the,extracted_from_md_references,Extracted via 0-cost reference block parsing from proceedings markdown; 2016-2022 proceedings reference extraction can be generated via Tier 3 PDF reference parsing.
proc_cscl-2026.md_31750,handle_1_11304,2026,2025,"Sherin, B., & Chavey, L. (2025). Learning Trajectories in Large -Scale Communities. Proceedings of the 19th",extracted_from_md_references,Extracted via 0-cost reference block parsing from proceedings markdown; 2016-2022 proceedings reference extraction can be generated via Tier 3 PDF reference parsing.
proc_cscl-2026.md_31750,handle_1_11966,2026,2025,"collaborative learning (CSCL) theory, TeacherCollab creates a multi -agent dialogue",extracted_from_md_references,Extracted via 0-cost reference block parsing from proceedings markdown; 2016-2022 proceedings reference extraction can be generated via Tier 3 PDF reference parsing.
proc_cscl-2026.md_31750,handle_1_11573,2026,2025,"know about AI? In Proceedings of the AAAI Conference on Artificial Intelligence, 33 (1), Article 9795.",extracted_from_md_references,Extracted via 0-cost reference block parsing from proceedings markdown; 2016-2022 proceedings reference extraction can be generated via Tier 3 PDF reference parsing.
proc_isls-2026,handle_1_11015,2026,2024,"limit the Learning Sciences community’s ability to test hypotheses about learning trajectories, conceptual",extracted_from_md_references,Extracted via 0-cost reference block parsing from proceedings markdown; 2016-2022 proceedings reference extraction can be generated via Tier 3 PDF reference parsing.
proc_isls-2026,handle_1_11039,2026,2024,platform that enables the Learning Sciences community to study early mathematical cognition and learning,extracted_from_md_references,Extracted via 0-cost reference block parsing from proceedings markdown; 2016-2022 proceedings reference extraction can be generated via Tier 3 PDF reference parsing.
proc_isls-2026,handle_1_10691,2026,2024,A hallucination identifier for large language models. In  Proceedings of the 2024 CHI Conference on,extracted_from_md_references,Extracted via 0-cost reference block parsing from proceedings markdown; 2016-2022 proceedings reference extraction can be generated via Tier 3 PDF reference parsing.
proc_isls-2026,handle_1_10983,2026,2024,Computational Modeling Practices with Three-dimensional NGSS Learning. In Proceedings of the 18th,extracted_from_md_references,Extracted via 0-cost reference block parsing from proceedings markdown; 2016-2022 proceedings reference extraction can be generated via Tier 3 PDF reference parsing.
proc_isls-2026,handle_1_10851,2026,2024,"capacity among diverse actors. Within the Learning Sciences, such dynamics increasingly take shape through",extracted_from_md_references,Extracted via 0-cost reference block parsing from proceedings markdown; 2016-2022 proceedings reference extraction can be generated via Tier 3 PDF reference parsing.
proc_isls-2026,handle_1_11097,2026,2024,"The learning sciences offer strong conceptual foundations for the design of educational AI, drawing on",extracted_from_md_references,Extracted via 0-cost reference block parsing from proceedings markdown; 2016-2022 proceedings reference extraction can be generated via Tier 3 PDF reference parsing.
proc_isls-2026,handle_1_10853,2026,2024,"Board, and CODAP to learning sciences and constructionist frameworks, emphasizing how participatory sensing",extracted_from_md_references,Extracted via 0-cost reference block parsing from proceedings markdown; 2016-2022 proceedings reference extraction can be generated via Tier 3 PDF reference parsing.
proc_isls-2026,handle_1_10586,2026,2024,awareness of what constitutes CSCL and foster a feeling of agency through a common activity centered around,extracted_from_md_references,Extracted via 0-cost reference block parsing from proceedings markdown; 2016-2022 proceedings reference extraction can be generated via Tier 3 PDF reference parsing.
proc_icls-2026,handle_1_11015,2026,2024,"metacognition, and conceptual change—while the Learning Sciences highlight how learning is socially situated,",extracted_from_md_references,Extracted via 0-cost reference block parsing from proceedings markdown; 2016-2022 proceedings reference extraction can be generated via Tier 3 PDF reference parsing.
proc_icls-2026,handle_1_11097,2026,2024,The Politics of Learning Writing Collective. (2017). The Learning Sciences in a new era of U.S. nationalism.,extracted_from_md_references,Extracted via 0-cost reference block parsing from proceedings markdown; 2016-2022 proceedings reference extraction can be generated via Tier 3 PDF reference parsing.
proc_icls-2026,handle_1_11197,2026,2024,Critical AI Literacy through exploring generative AI limitations. In Proceedings of the 19th International,extracted_from_md_references,Extracted via 0-cost reference block parsing from proceedings markdown; 2016-2022 proceedings reference extraction can be generated via Tier 3 PDF reference parsing.
proc_icls-2026,handle_1_10851,2026,2024,"Studying Learning in and through Relational Histories, Journal of the learning sciences, 29(2), 183-223.",extracted_from_md_references,Extracted via 0-cost reference block parsing from proceedings markdown; 2016-2022 proceedings reference extraction can be generated via Tier 3 PDF reference parsing.
proc_icls-2026,handle_1_10891,2026,2024,"Carlone, H. B. (2017). Disciplinary Identity as Analytic Construct and Design Goal: Making Learning Sciences",extracted_from_md_references,Extracted via 0-cost reference block parsing from proceedings markdown; 2016-2022 proceedings reference extraction can be generated via Tier 3 PDF reference parsing.
proc_icls-2026,handle_1_10914,2026,2024,"an informal engineering education program . Journal of the Learning Sciences, 29(4 –5), 550– 597.",extracted_from_md_references,Extracted via 0-cost reference block parsing from proceedings markdown; 2016-2022 proceedings reference extraction can be generated via Tier 3 PDF reference parsing.
proc_icls-2026.md_38486,handle_1_10851,2026,2024,"Studying learning in and through relational histories. Journal of the Learning Sciences, 29(2), 183-223.",extracted_from_md_references,Extracted via 0-cost reference block parsing from proceedings markdown; 2016-2022 proceedings reference extraction can be generated via Tier 3 PDF reference parsing.
proc_icls-2026.md_38486,handle_1_11071,2026,2024,Youth in Critiquing AI. In Proceedings of the 56th ACM Technical Symposium on Computer Science,extracted_from_md_references,Extracted via 0-cost reference block parsing from proceedings markdown; 2016-2022 proceedings reference extraction can be generated via Tier 3 PDF reference parsing.
proc_icls-2026.md_38486,handle_1_11129,2026,2024,Recommendation Systems: A Transformative AI Literacy Learning Experience. Proceedings of the 18th,extracted_from_md_references,Extracted via 0-cost reference block parsing from proceedings markdown; 2016-2022 proceedings reference extraction can be generated via Tier 3 PDF reference parsing.
proc_icls-2026.md_38486,handle_1_11097,2026,2024,"As the learning sciences took on the mantle of engaging more explicitly in the politics of learning (e.g.,",extracted_from_md_references,Extracted via 0-cost reference block parsing from proceedings markdown; 2016-2022 proceedings reference extraction can be generated via Tier 3 PDF reference parsing.
proc_icls-2026.md_38486,handle_1_10640,2026,2024,Early work in co- design within the Learning Sciences primarily focused on improving curriculum design and,extracted_from_md_references,Extracted via 0-cost reference block parsing from proceedings markdown; 2016-2022 proceedings reference extraction can be generated via Tier 3 PDF reference parsing.
proc_icls-2026.md_38486,handle_1_11003,2026,2024,learning sciences was really complicated. Where,extracted_from_md_references,Extracted via 0-cost reference block parsing from proceedings markdown; 2016-2022 proceedings reference extraction can be generated via Tier 3 PDF reference parsing.
proc_icls-2026.md_38486,handle_1_11177,2026,2024,"Teaching. In Hayashi, Y., et al. (Eds.), Workshop Proceedings of the 25th International Conference on",extracted_from_md_references,Extracted via 0-cost reference block parsing from proceedings markdown; 2016-2022 proceedings reference extraction can be generated via Tier 3 PDF reference parsing.
proc_icls-2026.md_38486,handle_1_11026,2026,2024,This study makes an original contribution to the learning sciences by integrating evaluation and professional,extracted_from_md_references,Extracted via 0-cost reference block parsing from proceedings markdown; 2016-2022 proceedings reference extraction can be generated via Tier 3 PDF reference parsing.
proc_icls-2026.md_38486,handle_1_11128,2026,2024,learning sciences while responding to student experiences. Using l earning experience network,extracted_from_md_references,Extracted via 0-cost reference block parsing from proceedings markdown; 2016-2022 proceedings reference extraction can be generated via Tier 3 PDF reference parsing.
proc_icls-2026.md_38486,handle_1_10853,2026,2024,"Therefore, I developed additional theory- driven revisions grounded in learning sciences frameworks.  As the",extracted_from_md_references,Extracted via 0-cost reference block parsing from proceedings markdown; 2016-2022 proceedings reference extraction can be generated via Tier 3 PDF reference parsing.
proc_icls-2026.md_38486,handle_1_10982,2026,2024,community for STEM undergraduates: Connecting a learning sciences and a learning humanities approach in,extracted_from_md_references,Extracted via 0-cost reference block parsing from proceedings markdown; 2016-2022 proceedings reference extraction can be generated via Tier 3 PDF reference parsing.
proc_icls-2026.md_38486,handle_1_10675,2026,2024,"To evaluate teacher agency in  recent co-design research in LS, we reviewed papers published in ISLS venues",extracted_from_md_references,Extracted via 0-cost reference block parsing from proceedings markdown; 2016-2022 proceedings reference extraction can be generated via Tier 3 PDF reference parsing.
proc_icls-2026.md_38486,handle_1_10900,2026,2024,in undergraduate computer science group projects. In Proceedings of the 18th International Conference,extracted_from_md_references,Extracted via 0-cost reference block parsing from proceedings markdown; 2016-2022 proceedings reference extraction can be generated via Tier 3 PDF reference parsing.
proc_icls-2026.md_76766,handle_1_11039,2026,2024,"Learning as a cornerstone of healing, resilience, and community: ICLS Proceedings: 18th Annual",extracted_from_md_references,Extracted via 0-cost reference block parsing from proceedings markdown; 2016-2022 proceedings reference extraction can be generated via Tier 3 PDF reference parsing.
proc_icls-2026.md_76766,handle_1_11097,2026,2024,Politics of Learning Writing Collective. (2017). The learning sciences in a new era of US nationalism. Cognition,extracted_from_md_references,Extracted via 0-cost reference block parsing from proceedings markdown; 2016-2022 proceedings reference extraction can be generated via Tier 3 PDF reference parsing.
proc_icls-2026.md_76766,handle_1_10851,2026,2024,"Halverson, E., & Sawyer, K. (2022). Learning in and through the arts. Journal of the Learning Sciences, 31(1), 1-",extracted_from_md_references,Extracted via 0-cost reference block parsing from proceedings markdown; 2016-2022 proceedings reference extraction can be generated via Tier 3 PDF reference parsing.
proc_icls-2026.md_76766,handle_1_11015,2026,2024,conceptual framework linking learning design with learning analytics. In Proceedings of the sixth,extracted_from_md_references,Extracted via 0-cost reference block parsing from proceedings markdown; 2016-2022 proceedings reference extraction can be generated via Tier 3 PDF reference parsing.
proc_icls-2026.md_76766,handle_1_10691,2026,2024,reliance on large language models. In Proceedings of the 2025 CHI Conference on Human Factors in,extracted_from_md_references,Extracted via 0-cost reference block parsing from proceedings markdown; 2016-2022 proceedings reference extraction can be generated via Tier 3 PDF reference parsing.
proc_icls-2026.md_76766,handle_1_11067,2026,2024,"broader conversation in the learning sciences about how professional learning is distributed across tools,",extracted_from_md_references,Extracted via 0-cost reference block parsing from proceedings markdown; 2016-2022 proceedings reference extraction can be generated via Tier 3 PDF reference parsing.
proc_icls-2026.md_76766,handle_1_10637,2026,2024,"concreteness with virtual reality. Proceedings of the Seventeenth International Conference on Tangible,",extracted_from_md_references,Extracted via 0-cost reference block parsing from proceedings markdown; 2016-2022 proceedings reference extraction can be generated via Tier 3 PDF reference parsing.
proc_icls-2026.md_76766,handle_1_10996,2026,2024,agent for children to explore machine learning concepts. In Proceedings of the AAAI C onference on,extracted_from_md_references,Extracted via 0-cost reference block parsing from proceedings markdown; 2016-2022 proceedings reference extraction can be generated via Tier 3 PDF reference parsing.
proc_icls-2026.md_76766,handle_1_10949,2026,2024,"educational spaces and advance the Learning Sciences' commitment to social justice, ethical",extracted_from_md_references,Extracted via 0-cost reference block parsing from proceedings markdown; 2016-2022 proceedings reference extraction can be generated via Tier 3 PDF reference parsing.
proc_icls-2026.md_76766,handle_1_11146,2026,2024,"within asymmetries of power (The Politics of Learning Writing Collective, 2017), the field of learning sciences",extracted_from_md_references,Extracted via 0-cost reference block parsing from proceedings markdown; 2016-2022 proceedings reference extraction can be generated via Tier 3 PDF reference parsing.
proc_icls-2026.md_76766,handle_1_10602,2026,2024,will contribute to momentum in the learning sciences highlighting the forms of labor underlying video analysis,extracted_from_md_references,Extracted via 0-cost reference block parsing from proceedings markdown; 2016-2022 proceedings reference extraction can be generated via Tier 3 PDF reference parsing.
proc_icls-2026.md_76766,handle_1_10881,2026,2024,"curriculum Research-Practice Partnership. International Society of the Learning Sciences, 1.",extracted_from_md_references,Extracted via 0-cost reference block parsing from proceedings markdown; 2016-2022 proceedings reference extraction can be generated via Tier 3 PDF reference parsing.
proc_icls-2026.md_76766,handle_1_10971,2026,2024,Co-Design of an Artificial Intelligence Curriculum. In Proceedings of the 17th International Conference,extracted_from_md_references,Extracted via 0-cost reference block parsing from proceedings markdown; 2016-2022 proceedings reference extraction can be generated via Tier 3 PDF reference parsing.
proc_cscl-2026.md_4227,handle_1_10527,2026,2024,Learning to Enhance Their Interdisciplinary Competence. In Proceedings of the 17th International,extracted_from_md_references,Extracted via 0-cost reference block parsing from proceedings markdown; 2016-2022 proceedings reference extraction can be generated via Tier 3 PDF reference parsing.
proc_cscl-2026.md_4227,handle_1_10838,2026,2024,"learning in CSCL environments. Yet, little is known about how learners process multiple peer",extracted_from_md_references,Extracted via 0-cost reference block parsing from proceedings markdown; 2016-2022 proceedings reference extraction can be generated via Tier 3 PDF reference parsing.
proc_cscl-2026.md_4227,handle_1_10502,2026,2024,teacher orchestration load in scripted CSCL activities across co -located and online settings . By combining,extracted_from_md_references,Extracted via 0-cost reference block parsing from proceedings markdown; 2016-2022 proceedings reference extraction can be generated via Tier 3 PDF reference parsing.
proc_cscl-2026.md_4227,handle_1_10510,2026,2024,Understanding: Indicator of Knowledge Integration?. In Proceedings of the 17th International,extracted_from_md_references,Extracted via 0-cost reference block parsing from proceedings markdown; 2016-2022 proceedings reference extraction can be generated via Tier 3 PDF reference parsing.
proc_cscl-2026.md_4227,handle_1_11173,2026,2024,learning postgraduate course. This  gap carries particular consequence for CSCL research: without frameworks,extracted_from_md_references,Extracted via 0-cost reference block parsing from proceedings markdown; 2016-2022 proceedings reference extraction can be generated via Tier 3 PDF reference parsing.
proc_cscl-2026.md_4227,handle_1_11015,2026,2024,"Roschelle, J. (1992). Learning by collaborating: Convergent conceptual change. Journal of the Learning Sciences,",extracted_from_md_references,Extracted via 0-cost reference block parsing from proceedings markdown; 2016-2022 proceedings reference extraction can be generated via Tier 3 PDF reference parsing.
proc_cscl-2026.md_4227,handle_1_10943,2026,2024,generative artificial intelligence feedback for programming. Proceedings of the AAAI Conference on,extracted_from_md_references,Extracted via 0-cost reference block parsing from proceedings markdown; 2016-2022 proceedings reference extraction can be generated via Tier 3 PDF reference parsing.
proc_cscl-2026.md_4227,handle_1_10522,2026,2024,learning (CSCL) may support deeper learning by combining adaptive feedback with,extracted_from_md_references,Extracted via 0-cost reference block parsing from proceedings markdown; 2016-2022 proceedings reference extraction can be generated via Tier 3 PDF reference parsing.
proc_cscl-2026.md_4227,handle_1_10506,2026,2024,Student Resource Uses in a Game-based CSCL. In Proceedings of the 17th International Conference on,extracted_from_md_references,Extracted via 0-cost reference block parsing from proceedings markdown; 2016-2022 proceedings reference extraction can be generated via Tier 3 PDF reference parsing.
proc_cscl-2026.md_4227,handle_1_10576,2026,2024,"This study investigated collaborative processes within HoloOrbits, a WebGL -based CSCL environment. The",extracted_from_md_references,Extracted via 0-cost reference block parsing from proceedings markdown; 2016-2022 proceedings reference extraction can be generated via Tier 3 PDF reference parsing.
proc_cscl-2026.md_4227,handle_1_10970,2026,2024,"findings position ICCSA as a bridge between CSCL theory and actionable learning analytics,",extracted_from_md_references,Extracted via 0-cost reference block parsing from proceedings markdown; 2016-2022 proceedings reference extraction can be generated via Tier 3 PDF reference parsing.
proc_cscl-2026.md_4227,handle_1_10558,2026,2024,Learned from a Remote Collaborative Coding Camp for Elementary Students. In Proceedings of the 53rd,extracted_from_md_references,Extracted via 0-cost reference block parsing from proceedings markdown; 2016-2022 proceedings reference extraction can be generated via Tier 3 PDF reference parsing.
proc_cscl-2026.md_4227,handle_1_10853,2026,2024,"a focus on learning communities frameworks. By reviewing prior formalisms from learning sciences, computer",extracted_from_md_references,Extracted via 0-cost reference block parsing from proceedings markdown; 2016-2022 proceedings reference extraction can be generated via Tier 3 PDF reference parsing.
proc_cscl-2026.md_4227,handle_1_11003,2026,2024,scientists who consider learning within emerging technologies. Where scholars in the learning sciences and CSCL,extracted_from_md_references,Extracted via 0-cost reference block parsing from proceedings markdown; 2016-2022 proceedings reference extraction can be generated via Tier 3 PDF reference parsing.
proc_cscl-2026.md_4227,handle_1_11097,2026,2024,The Politics of Learning Writing Collective. (2017). The learning sciences in a new era of U.S. nationalism.,extracted_from_md_references,Extracted via 0-cost reference block parsing from proceedings markdown; 2016-2022 proceedings reference extraction can be generated via Tier 3 PDF reference parsing.
proc_cscl-2026.md_4227,handle_1_10599,2026,2024,"interdisciplinary collaborative research, CSCL 2024 Proceedings, pp.67-74.",extracted_from_md_references,Extracted via 0-cost reference block parsing from proceedings markdown; 2016-2022 proceedings reference extraction can be generated via Tier 3 PDF reference parsing.
proc_cscl-2026.md_31750,handle_1_10674,2026,2024,"Wegerif, R. (2006). A dialogic understanding of the relationship between CSCL and teaching thinking skills.",extracted_from_md_references,Extracted via 0-cost reference block parsing from proceedings markdown; 2016-2022 proceedings reference extraction can be generated via Tier 3 PDF reference parsing.
proc_cscl-2026.md_31750,handle_1_10566,2026,2024,Multimodal Analysis of Mathematical Statistics Learning in a CSCL,extracted_from_md_references,Extracted via 0-cost reference block parsing from proceedings markdown; 2016-2022 proceedings reference extraction can be generated via Tier 3 PDF reference parsing.
proc_cscl-2026.md_31750,handle_1_11142,2026,2024,"student outcomes in CSCL (Jeong et al., 2019), less attention has been paid to the teacher experience and",extracted_from_md_references,Extracted via 0-cost reference block parsing from proceedings markdown; 2016-2022 proceedings reference extraction can be generated via Tier 3 PDF reference parsing.
proc_cscl-2026.md_31750,handle_1_10502,2026,2024,scripted CSCL: The role of heart rate variability. In Proceedings of the 17th International Conference on,extracted_from_md_references,Extracted via 0-cost reference block parsing from proceedings markdown; 2016-2022 proceedings reference extraction can be generated via Tier 3 PDF reference parsing.
proc_cscl-2026.md_31750,handle_1_10572,2026,2024,2021). CSCL literature highlights that groups need instructional support to effectively engage in collaborative,extracted_from_md_references,Extracted via 0-cost reference block parsing from proceedings markdown; 2016-2022 proceedings reference extraction can be generated via Tier 3 PDF reference parsing.
proc_cscl-2026.md_31750,handle_1_10704,2026,2024,Teachers in Knowledge Building Pedagogy. 617–618. https://doi.org/10.22318/cscl2025.605711,extracted_from_md_references,Extracted via 0-cost reference block parsing from proceedings markdown; 2016-2022 proceedings reference extraction can be generated via Tier 3 PDF reference parsing.
proc_cscl-2026.md_31750,handle_1_10527,2026,2024,"Dillenbourg, P. (2002). Over -scripting CSCL: The risks of blending collaborative learning with instructional",extracted_from_md_references,Extracted via 0-cost reference block parsing from proceedings markdown; 2016-2022 proceedings reference extraction can be generated via Tier 3 PDF reference parsing.
proc_cscl-2026.md_31750,handle_1_10599,2026,2024,in interdisciplinary collaborative research. In Proceedings of the 16th International Conference on,extracted_from_md_references,Extracted via 0-cost reference block parsing from proceedings markdown; 2016-2022 proceedings reference extraction can be generated via Tier 3 PDF reference parsing.
proc_isls-2026,handle_1_9918,2026,2023,(2022). TweetNLP: Cutting-Edge Natural Language Processing for Social Media. In  Proceedings of the,extracted_from_md_references,Extracted via 0-cost reference block parsing from proceedings markdown; 2016-2022 proceedings reference extraction can be generated via Tier 3 PDF reference parsing.
proc_isls-2026,handle_1_9203,2026,2023,student learning outcomes. In  Proceedings of the 20th Workshop on Innovative Use of NLP for Building,extracted_from_md_references,Extracted via 0-cost reference block parsing from proceedings markdown; 2016-2022 proceedings reference extraction can be generated via Tier 3 PDF reference parsing.
proc_isls-2026,handle_1_10257,2026,2023,"that can directly benefit the learning sciences community. First, TRAIL supports controlled experimentation with",extracted_from_md_references,Extracted via 0-cost reference block parsing from proceedings markdown; 2016-2022 proceedings reference extraction can be generated via Tier 3 PDF reference parsing.
proc_isls-2026,handle_1_10236,2026,2023,Connect with others in the ISLS community who are working to bridge research and practice.,extracted_from_md_references,Extracted via 0-cost reference block parsing from proceedings markdown; 2016-2022 proceedings reference extraction can be generated via Tier 3 PDF reference parsing.
proc_isls-2026,handle_1_10339,2026,2023,"Aligned with the ISLS themes of design, collaboration, crossing boundaries, expansive thinking, and",extracted_from_md_references,Extracted via 0-cost reference block parsing from proceedings markdown; 2016-2022 proceedings reference extraction can be generated via Tier 3 PDF reference parsing.
proc_isls-2026,handle_1_9209,2026,2023,"3.   Organizer Networks: Leveraging connections in learning sciences, STEM education, and educational",extracted_from_md_references,Extracted via 0-cost reference block parsing from proceedings markdown; 2016-2022 proceedings reference extraction can be generated via Tier 3 PDF reference parsing.
proc_isls-2026,handle_1_9263,2026,2023,"In recent years, the field of Computer Supported Collaborative Learning (CSCL) has continued to expand in",extracted_from_md_references,Extracted via 0-cost reference block parsing from proceedings markdown; 2016-2022 proceedings reference extraction can be generated via Tier 3 PDF reference parsing.
proc_isls-2026,handle_1_9975,2026,2023,about their epistemic aims and ideals helps raise awareness for what is considered rigorous research in the CSCL,extracted_from_md_references,Extracted via 0-cost reference block parsing from proceedings markdown; 2016-2022 proceedings reference extraction can be generated via Tier 3 PDF reference parsing.
proc_isls-2026,handle_1_10166,2026,2023,supported collaborative learning (CSCL) communities. Recognizing the pivotal role teachers play in shaping,extracted_from_md_references,Extracted via 0-cost reference block parsing from proceedings markdown; 2016-2022 proceedings reference extraction can be generated via Tier 3 PDF reference parsing.
proc_icls-2026,handle_1_10123,2026,2023,youths’ intuitive technosocial knowledge. In Proceedings of ICLS 2024 (pp. 1942–1948). ISLS.,extracted_from_md_references,Extracted via 0-cost reference block parsing from proceedings markdown; 2016-2022 proceedings reference extraction can be generated via Tier 3 PDF reference parsing.
proc_icls-2026,handle_1_9263,2026,2023,Proceedings of the International Conference on Computer Supported Collaborative Learning (CSCL,extracted_from_md_references,Extracted via 0-cost reference block parsing from proceedings markdown; 2016-2022 proceedings reference extraction can be generated via Tier 3 PDF reference parsing.
proc_icls-2026,handle_1_10104,2026,2023,Visualization of Data Design for Elementary Students. In Proceedings of the 18th International,extracted_from_md_references,Extracted via 0-cost reference block parsing from proceedings markdown; 2016-2022 proceedings reference extraction can be generated via Tier 3 PDF reference parsing.
proc_icls-2026,handle_1_10276,2026,2023,clarity: Computational thinking pathways communities of practice. In Proceedings of the 2026,extracted_from_md_references,Extracted via 0-cost reference block parsing from proceedings markdown; 2016-2022 proceedings reference extraction can be generated via Tier 3 PDF reference parsing.
proc_icls-2026,handle_1_9918,2026,2023,Instructor-Student Interactions via Mobile Interfaces and Natural Language Processing. Proceedings of,extracted_from_md_references,Extracted via 0-cost reference block parsing from proceedings markdown; 2016-2022 proceedings reference extraction can be generated via Tier 3 PDF reference parsing.
proc_icls-2026.md_38486,handle_1_10269,2026,2023,computational thinking. In Proceedings of the 2012 annual meeting of the American educational,extracted_from_md_references,Extracted via 0-cost reference block parsing from proceedings markdown; 2016-2022 proceedings reference extraction can be generated via Tier 3 PDF reference parsing.
proc_icls-2026.md_38486,handle_1_9263,2026,2023,International Conference on Computer -Supported Collaborative Learning (CSCL 2023)  (pp. 51– 58).,extracted_from_md_references,Extracted via 0-cost reference block parsing from proceedings markdown; 2016-2022 proceedings reference extraction can be generated via Tier 3 PDF reference parsing.
proc_icls-2026.md_38486,handle_1_10090,2026,2023,Teacher Agency in Learning Sciences Co-design: Dubious or,extracted_from_md_references,Extracted via 0-cost reference block parsing from proceedings markdown; 2016-2022 proceedings reference extraction can be generated via Tier 3 PDF reference parsing.
proc_icls-2026.md_76766,handle_1_9263,2026,2023,Computer Supported Collaborative Learning (CSCL 2015) (pp. 332-339).,extracted_from_md_references,Extracted via 0-cost reference block parsing from proceedings markdown; 2016-2022 proceedings reference extraction can be generated via Tier 3 PDF reference parsing.
proc_icls-2026.md_76766,handle_1_10332,2026,2023,Developing criticality through redesign of the tabletop game  Forbidden Island. General Proceedings of,extracted_from_md_references,Extracted via 0-cost reference block parsing from proceedings markdown; 2016-2022 proceedings reference extraction can be generated via Tier 3 PDF reference parsing.
proc_icls-2026.md_76766,handle_1_10269,2026,2023,Computational Thinking. Proceedings of the 2012 Annual Meeting of the American Educational,extracted_from_md_references,Extracted via 0-cost reference block parsing from proceedings markdown; 2016-2022 proceedings reference extraction can be generated via Tier 3 PDF reference parsing.
proc_icls-2026.md_76766,handle_1_10190,2026,2023,bias to flourish; this study contributes to ongoing discussion of design justice in the learning sciences by revealing,extracted_from_md_references,Extracted via 0-cost reference block parsing from proceedings markdown; 2016-2022 proceedings reference extraction can be generated via Tier 3 PDF reference parsing.
proc_icls-2026.md_76766,handle_1_10257,2026,2023,"implementation and sustainability of innovations. Journal of the Learning Sciences , 28(4-5), 659-677.",extracted_from_md_references,Extracted via 0-cost reference block parsing from proceedings markdown; 2016-2022 proceedings reference extraction can be generated via Tier 3 PDF reference parsing.
proc_icls-2026.md_76766,handle_1_10104,2026,2023,Visualization of Data Design for Elementary Students. In Proceedings of the 18th International,extracted_from_md_references,Extracted via 0-cost reference block parsing from proceedings markdown; 2016-2022 proceedings reference extraction can be generated via Tier 3 PDF reference parsing.
proc_icls-2026.md_76766,handle_1_10066,2026,2023,"weaving and sewing crafts. Journal of the Learning Sciences, 31(4–5).",extracted_from_md_references,Extracted via 0-cost reference block parsing from proceedings markdown; 2016-2022 proceedings reference extraction can be generated via Tier 3 PDF reference parsing.
proc_icls-2026.md_76766,handle_1_9940,2026,2023,students with disabilities. This work c ontributes to the learning sciences by examining how educational,extracted_from_md_references,Extracted via 0-cost reference block parsing from proceedings markdown; 2016-2022 proceedings reference extraction can be generated via Tier 3 PDF reference parsing.
proc_icls-2026.md_76766,handle_1_10016,2026,2023,Depth of Mathematics in Fiber Crafts. 178–185. https://doi.org/10.22318/icls2023.829130,extracted_from_md_references,Extracted via 0-cost reference block parsing from proceedings markdown; 2016-2022 proceedings reference extraction can be generated via Tier 3 PDF reference parsing.
proc_icls-2026.md_76766,handle_1_10058,2026,2023,"behavioral, cognitive, and social. While the learning sciences have increasingly called for integration, this",extracted_from_md_references,Extracted via 0-cost reference block parsing from proceedings markdown; 2016-2022 proceedings reference extraction can be generated via Tier 3 PDF reference parsing.
proc_icls-2026.md_76766,handle_1_9938,2026,2023,Culturally Responsive Teaching through an RPP Workshop. In Proceedings of the 52nd ACM Technical,extracted_from_md_references,Extracted via 0-cost reference block parsing from proceedings markdown; 2016-2022 proceedings reference extraction can be generated via Tier 3 PDF reference parsing.
proc_icls-2026.md_76766,handle_1_10185,2026,2023,and Ethnomathematics —Brazilian participation in the Learning Sciences remains relatively minimal. Paper,extracted_from_md_references,Extracted via 0-cost reference block parsing from proceedings markdown; 2016-2022 proceedings reference extraction can be generated via Tier 3 PDF reference parsing.
proc_icls-2026.md_76766,handle_1_10315,2026,2023,in the Global South: an integrative model for science education reform in Brazil. Proceedings of,extracted_from_md_references,Extracted via 0-cost reference block parsing from proceedings markdown; 2016-2022 proceedings reference extraction can be generated via Tier 3 PDF reference parsing.
proc_icls-2026.md_76766,handle_1_9875,2026,2023,How do elementary students conceptualize artificial intelligence?. In Proceedings of the 52nd ACM,extracted_from_md_references,Extracted via 0-cost reference block parsing from proceedings markdown; 2016-2022 proceedings reference extraction can be generated via Tier 3 PDF reference parsing.
proc_icls-2026.md_76766,handle_1_9998,2026,2023,"Luckin, R., & Cukurova, M. (2019). Designing educational technologies in the age of AI: A Learning Sciences -",extracted_from_md_references,Extracted via 0-cost reference block parsing from proceedings markdown; 2016-2022 proceedings reference extraction can be generated via Tier 3 PDF reference parsing.
proc_cscl-2026,handle_1_9263,2026,2023,player. In Proceedings of the 15th International Conference on Computer -Supported Collaborative,extracted_from_md_references,Extracted via 0-cost reference block parsing from proceedings markdown; 2016-2022 proceedings reference extraction can be generated via Tier 3 PDF reference parsing.
proc_cscl-2026,handle_1_10080,2026,2023,"Sinha, T. (2025a). Evaluating efficacy of problematizing chatbot in higher education. In Proceedings of the 19th",extracted_from_md_references,Extracted via 0-cost reference block parsing from proceedings markdown; 2016-2022 proceedings reference extraction can be generated via Tier 3 PDF reference parsing.
proc_cscl-2026.md_4227,handle_1_9263,2026,2023,Proceedings of the 18th International Conference on Computer -Supported Collaborative Learning - CSCL 2025,extracted_from_md_references,Extracted via 0-cost reference block parsing from proceedings markdown; 2016-2022 proceedings reference extraction can be generated via Tier 3 PDF reference parsing.
proc_cscl-2026.md_4227,handle_1_9980,2026,2023,"review). It enables teachers to create CSCL activities in diverse learning settings (co-located, online, and hybrid).",extracted_from_md_references,Extracted via 0-cost reference block parsing from proceedings markdown; 2016-2022 proceedings reference extraction can be generated via Tier 3 PDF reference parsing.
proc_cscl-2026.md_4227,handle_1_10099,2026,2023,conversational agent. In Proceedings of the Interaction Design and Children Conference (pp. 216-228).,extracted_from_md_references,Extracted via 0-cost reference block parsing from proceedings markdown; 2016-2022 proceedings reference extraction can be generated via Tier 3 PDF reference parsing.
proc_cscl-2026.md_4227,handle_1_10223,2026,2023,"support dialogic assessment, through the lens of a CSCL designer. We use this term to include knowledge on the",extracted_from_md_references,Extracted via 0-cost reference block parsing from proceedings markdown; 2016-2022 proceedings reference extraction can be generated via Tier 3 PDF reference parsing.
proc_cscl-2026.md_4227,handle_1_9203,2026,2023,engagement and learning outcomes in CSCL.,extracted_from_md_references,Extracted via 0-cost reference block parsing from proceedings markdown; 2016-2022 proceedings reference extraction can be generated via Tier 3 PDF reference parsing.
proc_cscl-2026.md_4227,handle_1_10232,2026,2023,theoretical depth to simulation -based education and push the boundaries of CSCL theory itself. Future research,extracted_from_md_references,Extracted via 0-cost reference block parsing from proceedings markdown; 2016-2022 proceedings reference extraction can be generated via Tier 3 PDF reference parsing.
proc_cscl-2026.md_4227,handle_1_9228,2026,2023,"collaboration requires and means. Furthermore, by building community, CSCL can serve as an example for other",extracted_from_md_references,Extracted via 0-cost reference block parsing from proceedings markdown; 2016-2022 proceedings reference extraction can be generated via Tier 3 PDF reference parsing.
proc_cscl-2026.md_4227,handle_1_10322,2026,2023,"sustainability, spread, ownership, and evolution—I call on CSCL to reimagine its design principles to support",extracted_from_md_references,Extracted via 0-cost reference block parsing from proceedings markdown; 2016-2022 proceedings reference extraction can be generated via Tier 3 PDF reference parsing.
proc_cscl-2026.md_4227,handle_1_10004,2026,2023,evaluating students’ formative assessment responses in science. Proceedings of the AAAI conference on,extracted_from_md_references,Extracted via 0-cost reference block parsing from proceedings markdown; 2016-2022 proceedings reference extraction can be generated via Tier 3 PDF reference parsing.
proc_cscl-2026.md_31750,handle_1_9923,2026,2023,"until the iHCSCL published a chapter interrogating the role of equity, diversity and inclusion in CSCL (Gomez,",extracted_from_md_references,Extracted via 0-cost reference block parsing from proceedings markdown; 2016-2022 proceedings reference extraction can be generated via Tier 3 PDF reference parsing.
proc_cscl-2026.md_31750,handle_1_9263,2026,2023,Proceedings of the 18th International Conferenc e on Computer -Supported Collaborative Learning -,extracted_from_md_references,Extracted via 0-cost reference block parsing from proceedings markdown; 2016-2022 proceedings reference extraction can be generated via Tier 3 PDF reference parsing.
proc_isls-2026,handle_1_8678,2026,2022,A crucial area for future development that directly engages the CSCL community is the planned  Social,extracted_from_md_references,Extracted via 0-cost reference block parsing from proceedings markdown; 2016-2022 proceedings reference extraction can be generated via Tier 3 PDF reference parsing.
proc_isls-2026,handle_1_8455,2026,2022,participant user-testing phase. Initial insights and reflections on the design process will be presented at the ISLS,extracted_from_md_references,Extracted via 0-cost reference block parsing from proceedings markdown; 2016-2022 proceedings reference extraction can be generated via Tier 3 PDF reference parsing.
proc_isls-2026,handle_1_8645,2026,2022,"systems learning in classrooms. In Hoadley, C. M. & Roschelle, J. (Eds.),  Proceedings of the Computer",extracted_from_md_references,Extracted via 0-cost reference block parsing from proceedings markdown; 2016-2022 proceedings reference extraction can be generated via Tier 3 PDF reference parsing.
proc_isls-2026,handle_1_8844,2026,2022,press). Leveraging CSCL for social emotional learning: Early insights from a large-scale classroom,extracted_from_md_references,Extracted via 0-cost reference block parsing from proceedings markdown; 2016-2022 proceedings reference extraction can be generated via Tier 3 PDF reference parsing.
proc_isls-2026,handle_1_8490,2026,2022,•   Chen Gaowei (Learning Sciences; Artificial Intelligence in Education; Educational Dialogue),extracted_from_md_references,Extracted via 0-cost reference block parsing from proceedings markdown; 2016-2022 proceedings reference extraction can be generated via Tier 3 PDF reference parsing.
proc_isls-2026,handle_1_9077,2026,2022,"for addressing these challenges and creating opportunities. Grounded in CSCL theory, design,",extracted_from_md_references,Extracted via 0-cost reference block parsing from proceedings markdown; 2016-2022 proceedings reference extraction can be generated via Tier 3 PDF reference parsing.
proc_isls-2026,handle_1_9001,2026,2022,"assessment in higher education in the AI age (Schwarz et al., in press). We build on decades of CSCL research on",extracted_from_md_references,Extracted via 0-cost reference block parsing from proceedings markdown; 2016-2022 proceedings reference extraction can be generated via Tier 3 PDF reference parsing.
proc_isls-2026,handle_1_9058,2026,2022,"mothers perceive, do, and envision early STEM learning.  Proceedings of International Society of the",extracted_from_md_references,Extracted via 0-cost reference block parsing from proceedings markdown; 2016-2022 proceedings reference extraction can be generated via Tier 3 PDF reference parsing.
proc_icls-2026,handle_1_8490,2026,2022,"Homework Support. In Proceedings of International Conference on Artificial Intelligence in Education,",extracted_from_md_references,Extracted via 0-cost reference block parsing from proceedings markdown; 2016-2022 proceedings reference extraction can be generated via Tier 3 PDF reference parsing.
proc_icls-2026,handle_1_8373,2026,2022,"Across the learning sciences and in fields such as literacy and teacher education, scholars have increasingly taken",extracted_from_md_references,Extracted via 0-cost reference block parsing from proceedings markdown; 2016-2022 proceedings reference extraction can be generated via Tier 3 PDF reference parsing.
proc_icls-2026,handle_1_9051,2026,2022,"& J. S. Brown (Eds.), Knowledge and interaction: A synthetic agenda for the learning sciences (pp. 72–",extracted_from_md_references,Extracted via 0-cost reference block parsing from proceedings markdown; 2016-2022 proceedings reference extraction can be generated via Tier 3 PDF reference parsing.
proc_icls-2026,handle_1_8805,2026,2022,Embodying the numerical and humanistic sides of data. In Proceedings of the 16th International,extracted_from_md_references,Extracted via 0-cost reference block parsing from proceedings markdown; 2016-2022 proceedings reference extraction can be generated via Tier 3 PDF reference parsing.
proc_icls-2026,handle_1_8859,2026,2022,"Situated within the broader fields of learning sciences, design education, and queer and trans studies in",extracted_from_md_references,Extracted via 0-cost reference block parsing from proceedings markdown; 2016-2022 proceedings reference extraction can be generated via Tier 3 PDF reference parsing.
proc_icls-2026,handle_1_8295,2026,2022,through Cognitive Dissonance. Proceedings of the 19th International Conference of the Learning,extracted_from_md_references,Extracted via 0-cost reference block parsing from proceedings markdown; 2016-2022 proceedings reference extraction can be generated via Tier 3 PDF reference parsing.
proc_icls-2026,handle_1_8640,2026,2022,Student Learning Through Large Language Models. Proceedings of the 30th ACM Conference on,extracted_from_md_references,Extracted via 0-cost reference block parsing from proceedings markdown; 2016-2022 proceedings reference extraction can be generated via Tier 3 PDF reference parsing.
proc_icls-2026.md_38486,handle_1_8640,2026,2022,Natural Selection. Proceedings of the 17th Conference on the Learning Sciences.,extracted_from_md_references,Extracted via 0-cost reference block parsing from proceedings markdown; 2016-2022 proceedings reference extraction can be generated via Tier 3 PDF reference parsing.
proc_icls-2026.md_38486,handle_1_9051,2026,2022,"Brown (Eds.), Knowledge and interaction: A synthetic agenda for the learning sciences , 30 -71.",extracted_from_md_references,Extracted via 0-cost reference block parsing from proceedings markdown; 2016-2022 proceedings reference extraction can be generated via Tier 3 PDF reference parsing.
proc_icls-2026.md_38486,handle_1_8269,2026,2022,Connecting to Learning Sciences Literature on Teacher Noticing.  These shifts in instructor thinking,extracted_from_md_references,Extracted via 0-cost reference block parsing from proceedings markdown; 2016-2022 proceedings reference extraction can be generated via Tier 3 PDF reference parsing.
proc_icls-2026.md_38486,handle_1_9071,2026,2022,"improve equity in higher education. In C. Chinn, E. Tan, C. Chan, & Y. Kali (Eds.), Proceedings of the",extracted_from_md_references,Extracted via 0-cost reference block parsing from proceedings markdown; 2016-2022 proceedings reference extraction can be generated via Tier 3 PDF reference parsing.
proc_icls-2026.md_38486,handle_1_8295,2026,2022,through cognitive dissonance. Proceedings of the 19th International Conference of the Learning,extracted_from_md_references,Extracted via 0-cost reference block parsing from proceedings markdown; 2016-2022 proceedings reference extraction can be generated via Tier 3 PDF reference parsing.
proc_icls-2026.md_38486,handle_1_9001,2026,2022,"strong informing of policy and practice around AI in education. For instance, ISLS research emphasizes how AI",extracted_from_md_references,Extracted via 0-cost reference block parsing from proceedings markdown; 2016-2022 proceedings reference extraction can be generated via Tier 3 PDF reference parsing.
proc_icls-2026.md_38486,handle_1_8715,2026,2022,"principle-based innovation at an elementary school. Journal of the Learning Sciences, 20(2), 262– 307.",extracted_from_md_references,Extracted via 0-cost reference block parsing from proceedings markdown; 2016-2022 proceedings reference extraction can be generated via Tier 3 PDF reference parsing.
proc_icls-2026.md_38486,handle_1_8366,2026,2022,to Designing Tools for Learning With Communities. Proceedings of the 17th International Conference,extracted_from_md_references,Extracted via 0-cost reference block parsing from proceedings markdown; 2016-2022 proceedings reference extraction can be generated via Tier 3 PDF reference parsing.
proc_icls-2026.md_38486,handle_1_8363,2026,2022,conditions of learning: Proceedings of the Computer -Supported Collaborative Learning (CSCL),extracted_from_md_references,Extracted via 0-cost reference block parsing from proceedings markdown; 2016-2022 proceedings reference extraction can be generated via Tier 3 PDF reference parsing.
proc_icls-2026.md_38486,handle_1_8980,2026,2022,"Kapur, M., & Bielaczyc, K. (2012). Designing for productive failure. Journal of the Learning Sciences, 21(1),",extracted_from_md_references,Extracted via 0-cost reference block parsing from proceedings markdown; 2016-2022 proceedings reference extraction can be generated via Tier 3 PDF reference parsing.
proc_icls-2026.md_38486,handle_1_8355,2026,2022,The International Society of the Learning Sciences is a leader in the design and study of learning environment s.,extracted_from_md_references,Extracted via 0-cost reference block parsing from proceedings markdown; 2016-2022 proceedings reference extraction can be generated via Tier 3 PDF reference parsing.
proc_icls-2026.md_38486,handle_1_8958,2026,2022,and Designing Relational Possibilities in Teaching and Learning. Proceedings of the 17th International,extracted_from_md_references,Extracted via 0-cost reference block parsing from proceedings markdown; 2016-2022 proceedings reference extraction can be generated via Tier 3 PDF reference parsing.
proc_icls-2026.md_76766,handle_1_8970,2026,2022,"critical, justice-oriented data literacies in a post -truth world. In Proceedings of the 16th International",extracted_from_md_references,Extracted via 0-cost reference block parsing from proceedings markdown; 2016-2022 proceedings reference extraction can be generated via Tier 3 PDF reference parsing.
proc_icls-2026.md_76766,handle_1_8655,2026,2022,for narrative creation as a culturally sustaining practice that warrants deeper learning sciences exploration.,extracted_from_md_references,Extracted via 0-cost reference block parsing from proceedings markdown; 2016-2022 proceedings reference extraction can be generated via Tier 3 PDF reference parsing.
proc_icls-2026.md_76766,handle_1_9057,2026,2022,Body politics: Queer and trans* bodies in learning sciences,extracted_from_md_references,Extracted via 0-cost reference block parsing from proceedings markdown; 2016-2022 proceedings reference extraction can be generated via Tier 3 PDF reference parsing.
proc_icls-2026.md_76766,handle_1_8976,2026,2022,"Gutierrez and colleagues (1996; 1997). In the learning sciences literature, the third space acts as a place where",extracted_from_md_references,Extracted via 0-cost reference block parsing from proceedings markdown; 2016-2022 proceedings reference extraction can be generated via Tier 3 PDF reference parsing.
proc_icls-2026.md_76766,handle_1_9032,2026,2022,Spaces for Indigenous STEM Success. In Discussions on University Science Teaching:  Proceedings of,extracted_from_md_references,Extracted via 0-cost reference block parsing from proceedings markdown; 2016-2022 proceedings reference extraction can be generated via Tier 3 PDF reference parsing.
proc_icls-2026.md_76766,handle_1_8366,2026,2022,to Designing Tools for Learning With Communities. Proceedings of the 17th International Conference,extracted_from_md_references,Extracted via 0-cost reference block parsing from proceedings markdown; 2016-2022 proceedings reference extraction can be generated via Tier 3 PDF reference parsing.
proc_icls-2026.md_76766,handle_1_8295,2026,2022,"(Noddings, 2013) to argue that the Learning Sciences has a responsibility to support caregivers through offering",extracted_from_md_references,Extracted via 0-cost reference block parsing from proceedings markdown; 2016-2022 proceedings reference extraction can be generated via Tier 3 PDF reference parsing.
proc_icls-2026.md_76766,handle_1_8417,2026,2022,Past work in the learning sciences offers several starting points for exploring co-design spaces as sites of,extracted_from_md_references,Extracted via 0-cost reference block parsing from proceedings markdown; 2016-2022 proceedings reference extraction can be generated via Tier 3 PDF reference parsing.
proc_icls-2026.md_76766,handle_1_8859,2026,2022,equity: Perspectives from design of AI education. In Proceedings of the 16th International Conference,extracted_from_md_references,Extracted via 0-cost reference block parsing from proceedings markdown; 2016-2022 proceedings reference extraction can be generated via Tier 3 PDF reference parsing.
proc_icls-2026.md_76766,handle_1_8348,2026,2022,and partner with artificial intelligence in the learning sciences. Rather than treating evaluation as a post -hoc,extracted_from_md_references,Extracted via 0-cost reference block parsing from proceedings markdown; 2016-2022 proceedings reference extraction can be generated via Tier 3 PDF reference parsing.
proc_icls-2026.md_76766,handle_1_9051,2026,2022,"N. Brown (Eds.), Knowledge and Interaction: A Synthetic Agenda for the Learning Sciences, (pp. 30-",extracted_from_md_references,Extracted via 0-cost reference block parsing from proceedings markdown; 2016-2022 proceedings reference extraction can be generated via Tier 3 PDF reference parsing.
proc_icls-2026.md_76766,handle_1_8748,2026,2022,each person to their respective roles as core representatives for the sub -bodies of learning sciences that each,extracted_from_md_references,Extracted via 0-cost reference block parsing from proceedings markdown; 2016-2022 proceedings reference extraction can be generated via Tier 3 PDF reference parsing.
proc_icls-2026.md_76766,handle_1_8980,2026,2022,"Kapur, M., & Bielaczyc, K. (2012). Designing for productive failure. Journal of the Learning Sciences, 21(1), 45-",extracted_from_md_references,Extracted via 0-cost reference block parsing from proceedings markdown; 2016-2022 proceedings reference extraction can be generated via Tier 3 PDF reference parsing.
proc_icls-2026.md_76766,handle_1_8490,2026,2022,Rationales of AI Fairness in Higher Education. In Proceedings of the Artificial Intelligence in,extracted_from_md_references,Extracted via 0-cost reference block parsing from proceedings markdown; 2016-2022 proceedings reference extraction can be generated via Tier 3 PDF reference parsing.
proc_icls-2026.md_76766,handle_1_8805,2026,2022,Embodying the numerical and humanistic sides of data. In Proceedings of the 16th International,extracted_from_md_references,Extracted via 0-cost reference block parsing from proceedings markdown; 2016-2022 proceedings reference extraction can be generated via Tier 3 PDF reference parsing.
proc_icls-2026.md_76766,handle_1_8988,2026,2022,"results showed that teaching experience, professional title, and Learning Sciences engagement",extracted_from_md_references,Extracted via 0-cost reference block parsing from proceedings markdown; 2016-2022 proceedings reference extraction can be generated via Tier 3 PDF reference parsing.
proc_icls-2026.md_76766,handle_1_8960,2026,2022,AI Literacy in Middle School Classrooms [Paper session]. In Proceedings of the AI Education in K -12,extracted_from_md_references,Extracted via 0-cost reference block parsing from proceedings markdown; 2016-2022 proceedings reference extraction can be generated via Tier 3 PDF reference parsing.
proc_icls-2026.md_76766,handle_1_8715,2026,2022,"a principle-based innovation at an elementary school. Journal of the Learning Sciences, 20(2), 262–307.",extracted_from_md_references,Extracted via 0-cost reference block parsing from proceedings markdown; 2016-2022 proceedings reference extraction can be generated via Tier 3 PDF reference parsing.
proc_icls-2026.md_76766,handle_1_8766,2026,2022,between belonging and ability in computer science. Proceedings of the 44th ACM Technical Symposium,extracted_from_md_references,Extracted via 0-cost reference block parsing from proceedings markdown; 2016-2022 proceedings reference extraction can be generated via Tier 3 PDF reference parsing.
proc_icls-2026.md_76766,handle_1_8974,2026,2022,"Transformative Agency. The Journal of the Learning Sciences , 25(4), 599 –633.",extracted_from_md_references,Extracted via 0-cost reference block parsing from proceedings markdown; 2016-2022 proceedings reference extraction can be generated via Tier 3 PDF reference parsing.
proc_icls-2026.md_76766,handle_1_9071,2026,2022,"improve equity in higher education. In C. Chinn, E. Tan, C. Chan, & Y. Kali (Eds.), Proceedings of the",extracted_from_md_references,Extracted via 0-cost reference block parsing from proceedings markdown; 2016-2022 proceedings reference extraction can be generated via Tier 3 PDF reference parsing.
proc_icls-2026.md_76766,handle_1_8567,2026,2022,"equity-oriented teaching competencies. In C. Chinn, E. Tan, C. Chan, & Y. Kali (Eds.), Proceedings of",extracted_from_md_references,Extracted via 0-cost reference block parsing from proceedings markdown; 2016-2022 proceedings reference extraction can be generated via Tier 3 PDF reference parsing.
proc_icls-2026.md_76766,handle_1_8710,2026,2022,Expansive Learning for Enacting Utopias: Methodological Challenges. In Proceedings of the 19th,extracted_from_md_references,Extracted via 0-cost reference block parsing from proceedings markdown; 2016-2022 proceedings reference extraction can be generated via Tier 3 PDF reference parsing.
proc_cscl-2026,handle_1_8490,2026,2022,education. In Proceedings of the 21st International Conference on Artificial Intelligence in Education,extracted_from_md_references,Extracted via 0-cost reference block parsing from proceedings markdown; 2016-2022 proceedings reference extraction can be generated via Tier 3 PDF reference parsing.
proc_cscl-2026.md_4227,handle_1_8490,2026,2022,In Proceedings of the AI-ED 95-World Conference on Artificial Intelligence in Education (pp. 210-217).,extracted_from_md_references,Extracted via 0-cost reference block parsing from proceedings markdown; 2016-2022 proceedings reference extraction can be generated via Tier 3 PDF reference parsing.
proc_cscl-2026.md_4227,handle_1_8500,2026,2022,computational thinking. Proceedings of the 2012 Annual Meeting of the American Educational Research,extracted_from_md_references,Extracted via 0-cost reference block parsing from proceedings markdown; 2016-2022 proceedings reference extraction can be generated via Tier 3 PDF reference parsing.
proc_cscl-2026.md_4227,handle_1_8534,2026,2022,"of AI and students’ development of classroom language. In summary, we show how the original CSCL",extracted_from_md_references,Extracted via 0-cost reference block parsing from proceedings markdown; 2016-2022 proceedings reference extraction can be generated via Tier 3 PDF reference parsing.
proc_cscl-2026.md_4227,handle_1_8373,2026,2022,"in education, and specifically within Computer -Supported Collaborative Learning (CSCL), is the gap between",extracted_from_md_references,Extracted via 0-cost reference block parsing from proceedings markdown; 2016-2022 proceedings reference extraction can be generated via Tier 3 PDF reference parsing.
proc_cscl-2026.md_4227,handle_1_8342,2026,2022,"Learning paradigm and Computer -Supported Collaborative Learning (CSCL) principles, we",extracted_from_md_references,Extracted via 0-cost reference block parsing from proceedings markdown; 2016-2022 proceedings reference extraction can be generated via Tier 3 PDF reference parsing.
proc_cscl-2026.md_4227,handle_1_8976,2026,2022,"where groups jointly analyze video cases and applied learning sciences concepts to lesson design. Similarly, Collis",extracted_from_md_references,Extracted via 0-cost reference block parsing from proceedings markdown; 2016-2022 proceedings reference extraction can be generated via Tier 3 PDF reference parsing.
proc_cscl-2026.md_4227,handle_1_8361,2026,2022,The object represents the shared problem space or goal that directs collaborative activity. In both traditional CSCL,extracted_from_md_references,Extracted via 0-cost reference block parsing from proceedings markdown; 2016-2022 proceedings reference extraction can be generated via Tier 3 PDF reference parsing.
proc_cscl-2026.md_4227,handle_1_9042,2026,2022,"Chen, D., Zhang, Y., Luo, H., Zhu, Z., Ma, J., & Lin, Y. (2024). Effects of group awareness support in CSCL on",extracted_from_md_references,Extracted via 0-cost reference block parsing from proceedings markdown; 2016-2022 proceedings reference extraction can be generated via Tier 3 PDF reference parsing.
proc_cscl-2026.md_4227,handle_1_8274,2026,2022,performance in collaborative learning: The impact of group awareness. Proceedings of the 18th,extracted_from_md_references,Extracted via 0-cost reference block parsing from proceedings markdown; 2016-2022 proceedings reference extraction can be generated via Tier 3 PDF reference parsing.
proc_cscl-2026.md_4227,handle_1_8715,2026,2022,"a principle-based innovation at an elementary school. The Journal of the Learning Sciences, 20(2), 262–",extracted_from_md_references,Extracted via 0-cost reference block parsing from proceedings markdown; 2016-2022 proceedings reference extraction can be generated via Tier 3 PDF reference parsing.
proc_cscl-2026.md_4227,handle_1_9073,2026,2022,based computer -supported collaborative learning (CSCL) environment designed to teach,extracted_from_md_references,Extracted via 0-cost reference block parsing from proceedings markdown; 2016-2022 proceedings reference extraction can be generated via Tier 3 PDF reference parsing.
proc_cscl-2026.md_4227,handle_1_8509,2026,2022,"computational models. Together, by linking CSCL constructs to empirically observable patterns in learners’",extracted_from_md_references,Extracted via 0-cost reference block parsing from proceedings markdown; 2016-2022 proceedings reference extraction can be generated via Tier 3 PDF reference parsing.
proc_cscl-2026.md_4227,handle_1_9069,2026,2022,"for the seven CSCL affordances (Jeong & Hmelo-Silver, 2016) and the science learning affordances identified in",extracted_from_md_references,Extracted via 0-cost reference block parsing from proceedings markdown; 2016-2022 proceedings reference extraction can be generated via Tier 3 PDF reference parsing.
proc_cscl-2026.md_4227,handle_1_8790,2026,2022,"et al., 2024). In CSCL learning environment s different types of support can be  distinguished. Epistemic support",extracted_from_md_references,Extracted via 0-cost reference block parsing from proceedings markdown; 2016-2022 proceedings reference extraction can be generated via Tier 3 PDF reference parsing.
proc_cscl-2026.md_4227,handle_1_8348,2026,2022,CSCL research on how artificial intelligence can scaffold multi-party learning interactions.,extracted_from_md_references,Extracted via 0-cost reference block parsing from proceedings markdown; 2016-2022 proceedings reference extraction can be generated via Tier 3 PDF reference parsing.
proc_cscl-2026.md_4227,handle_1_8842,2026,2022,possibility to study collaboration between CSCL researchers who have awareness on what successful,extracted_from_md_references,Extracted via 0-cost reference block parsing from proceedings markdown; 2016-2022 proceedings reference extraction can be generated via Tier 3 PDF reference parsing.
proc_cscl-2026.md_4227,handle_1_8431,2026,2022,"support to build learner agency in the figured world of visual art. Journal of the Learning Sciences, 31(1),",extracted_from_md_references,Extracted via 0-cost reference block parsing from proceedings markdown; 2016-2022 proceedings reference extraction can be generated via Tier 3 PDF reference parsing.
proc_cscl-2026.md_4227,handle_1_9047,2026,2022,Knowledge Forum for CSCL and conceptualized Knowledge Building as knowledge creation advancing the idea,extracted_from_md_references,Extracted via 0-cost reference block parsing from proceedings markdown; 2016-2022 proceedings reference extraction can be generated via Tier 3 PDF reference parsing.
proc_cscl-2026.md_4227,handle_1_8345,2026,2022,The notion of a collaborative learning script (or CSCL script) has been one of the key approaches to applying,extracted_from_md_references,Extracted via 0-cost reference block parsing from proceedings markdown; 2016-2022 proceedings reference extraction can be generated via Tier 3 PDF reference parsing.
proc_cscl-2026.md_31750,handle_1_8844,2026,2022,Leveraging CSCL for Social Emotional Learning: Early Insights,extracted_from_md_references,Extracted via 0-cost reference block parsing from proceedings markdown; 2016-2022 proceedings reference extraction can be generated via Tier 3 PDF reference parsing.
proc_cscl-2026.md_31750,handle_1_8715,2026,2022,"a principle-based innovation at an elementary school. The Journal of the Learning Sciences, 20(2), 262-",extracted_from_md_references,Extracted via 0-cost reference block parsing from proceedings markdown; 2016-2022 proceedings reference extraction can be generated via Tier 3 PDF reference parsing.
proc_cscl-2026.md_31750,handle_1_9040,2026,2022,the design of future CSCL environments that aim to foster critical engagement with  technology and promote,extracted_from_md_references,Extracted via 0-cost reference block parsing from proceedings markdown; 2016-2022 proceedings reference extraction can be generated via Tier 3 PDF reference parsing.
proc_isls-2026,handle_1_7447,2026,2021,“ Personal Perspectives on the Emergence of the Learning Sciences: 1970s–2005 .” This material is used under,extracted_from_md_references,Extracted via 0-cost reference block parsing from proceedings markdown; 2016-2022 proceedings reference extraction can be generated via Tier 3 PDF reference parsing.
proc_isls-2026,handle_1_7556,2026,2021,"educators refine their teaching through continuous testing, advancing the practical application of learning sciences",extracted_from_md_references,Extracted via 0-cost reference block parsing from proceedings markdown; 2016-2022 proceedings reference extraction can be generated via Tier 3 PDF reference parsing.
proc_isls-2026,handle_1_7352,2026,2021,and attitude. In  Proceedings of the 14th Learning Analytics and Knowledge Conference   (pp. 295 – 304).,extracted_from_md_references,Extracted via 0-cost reference block parsing from proceedings markdown; 2016-2022 proceedings reference extraction can be generated via Tier 3 PDF reference parsing.
proc_isls-2026,handle_1_7373,2026,2021,Researchers/graduate students from learning sciences working on generative AI related to assessment,extracted_from_md_references,Extracted via 0-cost reference block parsing from proceedings markdown; 2016-2022 proceedings reference extraction can be generated via Tier 3 PDF reference parsing.
proc_isls-2026,handle_1_7474,2026,2021,"Lee, V. R., & Delaney, V. (2021). Aesthetics of authenticity for teachers’ data set preferences. In  Proceedings of",extracted_from_md_references,Extracted via 0-cost reference block parsing from proceedings markdown; 2016-2022 proceedings reference extraction can be generated via Tier 3 PDF reference parsing.
proc_isls-2026,handle_1_7549,2026,2021,Contributions to the learning sciences,extracted_from_md_references,Extracted via 0-cost reference block parsing from proceedings markdown; 2016-2022 proceedings reference extraction can be generated via Tier 3 PDF reference parsing.
proc_icls-2026,handle_1_7436,2026,2021,learning trajectories. In Proceedings of the Working Group Reports on Innovation and Technology in,extracted_from_md_references,Extracted via 0-cost reference block parsing from proceedings markdown; 2016-2022 proceedings reference extraction can be generated via Tier 3 PDF reference parsing.
proc_icls-2026,handle_1_7454,2026,2021,"Framework. Journal of the Learning Sciences , 16(4), 451– 484.",extracted_from_md_references,Extracted via 0-cost reference block parsing from proceedings markdown; 2016-2022 proceedings reference extraction can be generated via Tier 3 PDF reference parsing.
proc_icls-2026,handle_1_7514,2026,2021,music experience for situational interest formation. Proceedings of the 52nd ACM Technical Symposium,extracted_from_md_references,Extracted via 0-cost reference block parsing from proceedings markdown; 2016-2022 proceedings reference extraction can be generated via Tier 3 PDF reference parsing.
proc_icls-2026,handle_1_7447,2026,2021,Learning Sciences perspectives to conceptualize AI literacy as a process that is both individually,extracted_from_md_references,Extracted via 0-cost reference block parsing from proceedings markdown; 2016-2022 proceedings reference extraction can be generated via Tier 3 PDF reference parsing.
proc_icls-2026,handle_1_7614,2026,2021,These design approaches align with the Learning Sciences’ emphasis on participatory design and cross -,extracted_from_md_references,Extracted via 0-cost reference block parsing from proceedings markdown; 2016-2022 proceedings reference extraction can be generated via Tier 3 PDF reference parsing.
proc_icls-2026,handle_1_7415,2026,2021,"The learning sciences (Politics of Learning Writing Collective, 2017), teacher education (Cochran- Smith and",extracted_from_md_references,Extracted via 0-cost reference block parsing from proceedings markdown; 2016-2022 proceedings reference extraction can be generated via Tier 3 PDF reference parsing.
proc_icls-2026,handle_1_7626,2026,2021,The haptic bridge: Towards a theory for haptic -supported learning. In Proceedings of the 2017,extracted_from_md_references,Extracted via 0-cost reference block parsing from proceedings markdown; 2016-2022 proceedings reference extraction can be generated via Tier 3 PDF reference parsing.
proc_icls-2026,handle_1_7431,2026,2021,data interpretation skills within science topics. Singapore: International Society of the Learning Sciences.,extracted_from_md_references,Extracted via 0-cost reference block parsing from proceedings markdown; 2016-2022 proceedings reference extraction can be generated via Tier 3 PDF reference parsing.
proc_icls-2026.md_38486,handle_1_7454,2026,2021,"contributes to the learning sciences by analyzing how reflective tools (e.g., written reflections focused on",extracted_from_md_references,Extracted via 0-cost reference block parsing from proceedings markdown; 2016-2022 proceedings reference extraction can be generated via Tier 3 PDF reference parsing.
proc_icls-2026.md_38486,handle_1_7503,2026,2021,Students’ Conceptual Design. Proceedings of the 18th International Conference of the Learning Sciences,extracted_from_md_references,Extracted via 0-cost reference block parsing from proceedings markdown; 2016-2022 proceedings reference extraction can be generated via Tier 3 PDF reference parsing.
proc_icls-2026.md_38486,handle_1_7589,2026,2021,Broadening the scope of modeling in K-12 education. Proceedings of the 15th International Conference,extracted_from_md_references,Extracted via 0-cost reference block parsing from proceedings markdown; 2016-2022 proceedings reference extraction can be generated via Tier 3 PDF reference parsing.
proc_icls-2026.md_38486,handle_1_7549,2026,2021,"This paper initiates two interrelated contributions to the learning sciences. First, I surface the implicit positive",extracted_from_md_references,Extracted via 0-cost reference block parsing from proceedings markdown; 2016-2022 proceedings reference extraction can be generated via Tier 3 PDF reference parsing.
proc_icls-2026.md_38486,handle_1_7447,2026,2021,environments for the future: International perspectives from the Learning Sciences  (pp.233-62). New,extracted_from_md_references,Extracted via 0-cost reference block parsing from proceedings markdown; 2016-2022 proceedings reference extraction can be generated via Tier 3 PDF reference parsing.
proc_icls-2026.md_76766,handle_1_7361,2026,2021,"with learning sciences work on sociomateriality, epistemic justice, and design for equitable participation,",extracted_from_md_references,Extracted via 0-cost reference block parsing from proceedings markdown; 2016-2022 proceedings reference extraction can be generated via Tier 3 PDF reference parsing.
proc_icls-2026.md_76766,handle_1_7447,2026,2021,"reality, concepts, and language. By syn thesizing insights from the learning sciences and complexity theory, we",extracted_from_md_references,Extracted via 0-cost reference block parsing from proceedings markdown; 2016-2022 proceedings reference extraction can be generated via Tier 3 PDF reference parsing.
proc_icls-2026.md_76766,handle_1_7444,2026,2021,A central design question facing the learning sciences is how to design learning spaces that invite young people,extracted_from_md_references,Extracted via 0-cost reference block parsing from proceedings markdown; 2016-2022 proceedings reference extraction can be generated via Tier 3 PDF reference parsing.
proc_icls-2026.md_76766,handle_1_7614,2026,2021,"Hoadley, C. (2017). How Participatory Design Has Influenced the Learning Sciences. In B. DiSalvo, J. Yip, E.",extracted_from_md_references,Extracted via 0-cost reference block parsing from proceedings markdown; 2016-2022 proceedings reference extraction can be generated via Tier 3 PDF reference parsing.
proc_icls-2026.md_76766,handle_1_7385,2026,2021,that these challenges reflect broader tensions in learning sciences around balancing structure and emergence in,extracted_from_md_references,Extracted via 0-cost reference block parsing from proceedings markdown; 2016-2022 proceedings reference extraction can be generated via Tier 3 PDF reference parsing.
proc_icls-2026.md_76766,handle_1_7624,2026,2021,"learning and expanding expertise within ISLS. Thus, we believe our hybrid plan meets the standard for a creative,",extracted_from_md_references,Extracted via 0-cost reference block parsing from proceedings markdown; 2016-2022 proceedings reference extraction can be generated via Tier 3 PDF reference parsing.
proc_icls-2026.md_76766,handle_1_7549,2026,2021,"contributions to the learning sciences, maker education, and extensive partnerships across Latin America, joins",extracted_from_md_references,Extracted via 0-cost reference block parsing from proceedings markdown; 2016-2022 proceedings reference extraction can be generated via Tier 3 PDF reference parsing.
proc_icls-2026.md_76766,handle_1_7367,2026,2021,alignment between science and makerspace teachers. In Proceedings of the 15th ICLS.,extracted_from_md_references,Extracted via 0-cost reference block parsing from proceedings markdown; 2016-2022 proceedings reference extraction can be generated via Tier 3 PDF reference parsing.
proc_icls-2026.md_76766,handle_1_7454,2026,2021,framework. In Proceedings of the 16th International Conference of the Learning Sciences -ICLS 2022,extracted_from_md_references,Extracted via 0-cost reference block parsing from proceedings markdown; 2016-2022 proceedings reference extraction can be generated via Tier 3 PDF reference parsing.
proc_icls-2026.md_76766,handle_1_7498,2026,2021,"iterative, data‑driven approach—grounded in learning sciences and instructional design and infused with Mayan",extracted_from_md_references,Extracted via 0-cost reference block parsing from proceedings markdown; 2016-2022 proceedings reference extraction can be generated via Tier 3 PDF reference parsing.
proc_icls-2026.md_76766,handle_1_7583,2026,2021,"L., Slotta, J. (2021). Designing a Global Community of Critical Action Educators. Proceedings of the",extracted_from_md_references,Extracted via 0-cost reference block parsing from proceedings markdown; 2016-2022 proceedings reference extraction can be generated via Tier 3 PDF reference parsing.
proc_icls-2026.md_76766,handle_1_7352,2026,2021,contamination. In Proceedings of the 9th International Conference on Learning Analytics & Knowledge,extracted_from_md_references,Extracted via 0-cost reference block parsing from proceedings markdown; 2016-2022 proceedings reference extraction can be generated via Tier 3 PDF reference parsing.
proc_icls-2026.md_76766,handle_1_7570,2026,2021,"In the learning sciences, we are seeing increased interest in approaches that leverage the large quantities",extracted_from_md_references,Extracted via 0-cost reference block parsing from proceedings markdown; 2016-2022 proceedings reference extraction can be generated via Tier 3 PDF reference parsing.
proc_cscl-2026.md_4227,handle_1_7554,2026,2021,course topics and do students use them? Proceedings of the 25th Australasian Computing Education,extracted_from_md_references,Extracted via 0-cost reference block parsing from proceedings markdown; 2016-2022 proceedings reference extraction can be generated via Tier 3 PDF reference parsing.
proc_cscl-2026.md_4227,handle_1_7426,2026,2021,multimodal data reveal about teacher orchestration load in co-located and online CSCL settings? To address the,extracted_from_md_references,Extracted via 0-cost reference block parsing from proceedings markdown; 2016-2022 proceedings reference extraction can be generated via Tier 3 PDF reference parsing.
proc_cscl-2026.md_4227,handle_1_7420,2026,2021,"providing insights for designing more effective and supportive CSCL tools and dashboards.  In addition, we have",extracted_from_md_references,Extracted via 0-cost reference block parsing from proceedings markdown; 2016-2022 proceedings reference extraction can be generated via Tier 3 PDF reference parsing.
proc_cscl-2026.md_4227,handle_1_7642,2026,2021,"Liu, Q., Yang, X., & Li, X. (2025, May). Promoting Student Engagement in CSCL Through Scaffolds and",extracted_from_md_references,Extracted via 0-cost reference block parsing from proceedings markdown; 2016-2022 proceedings reference extraction can be generated via Tier 3 PDF reference parsing.
proc_cscl-2026.md_4227,handle_1_7308,2026,2021,underestimate its impact on learning processes and outcomes. We call on the CSCL community to take a leading,extracted_from_md_references,Extracted via 0-cost reference block parsing from proceedings markdown; 2016-2022 proceedings reference extraction can be generated via Tier 3 PDF reference parsing.
proc_cscl-2026.md_4227,handle_1_7445,2026,2021,"collaborative learning (CSCL) remains challenging due to its dynamic and context -dependent nature (Kim et al.,",extracted_from_md_references,Extracted via 0-cost reference block parsing from proceedings markdown; 2016-2022 proceedings reference extraction can be generated via Tier 3 PDF reference parsing.
proc_cscl-2026.md_4227,handle_1_7447,2026,2021,"Environments: Inquiries, Methods, and Perspectives from Learning Sciences. In Lindgren, R., Asino, T.",extracted_from_md_references,Extracted via 0-cost reference block parsing from proceedings markdown; 2016-2022 proceedings reference extraction can be generated via Tier 3 PDF reference parsing.
proc_cscl-2026.md_4227,handle_1_7614,2026,2021,"Gomez, K., Kyza, E. A., & Mancevice, N. (2018). Participatory Design and the Learning Sciences. In",extracted_from_md_references,Extracted via 0-cost reference block parsing from proceedings markdown; 2016-2022 proceedings reference extraction can be generated via Tier 3 PDF reference parsing.
proc_cscl-2026.md_4227,handle_1_7570,2026,2021,"learning community approach. Drawing on prior CSCL research, including process modeling",extracted_from_md_references,Extracted via 0-cost reference block parsing from proceedings markdown; 2016-2022 proceedings reference extraction can be generated via Tier 3 PDF reference parsing.
proc_cscl-2026.md_31750,handle_1_7348,2026,2021,"teacher and peer interactions in crafting electronic textiles. Information and Learning Sciences, 121(5/6),",extracted_from_md_references,Extracted via 0-cost reference block parsing from proceedings markdown; 2016-2022 proceedings reference extraction can be generated via Tier 3 PDF reference parsing.
proc_cscl-2026.md_31750,handle_1_7447,2026,2021,"fields of AI literacy, education technology, and the learning sciences. This review is not without its limitations as",extracted_from_md_references,Extracted via 0-cost reference block parsing from proceedings markdown; 2016-2022 proceedings reference extraction can be generated via Tier 3 PDF reference parsing.
proc_cscl-2026.md_31750,handle_1_7556,2026,2021,"In the learning sciences, there are calls for improving data literacy learning, teaching future computer scientists",extracted_from_md_references,Extracted via 0-cost reference block parsing from proceedings markdown; 2016-2022 proceedings reference extraction can be generated via Tier 3 PDF reference parsing.
proc_isls-2026,handle_1_6509,2026,2020,"Building on this premise, the demonstrated work applies principles from the learning sciences and",extracted_from_md_references,Extracted via 0-cost reference block parsing from proceedings markdown; 2016-2022 proceedings reference extraction can be generated via Tier 3 PDF reference parsing.
proc_isls-2026,handle_1_6679,2026,2020,how PAL operationalizes foundational Learning Sciences frameworks to model the systematic nature of early,extracted_from_md_references,Extracted via 0-cost reference block parsing from proceedings markdown; 2016-2022 proceedings reference extraction can be generated via Tier 3 PDF reference parsing.
proc_isls-2026,handle_1_6663,2026,2020,"For early-career scholars, entering the Learning Sciences means navigating a domain with multiple theoretical",extracted_from_md_references,Extracted via 0-cost reference block parsing from proceedings markdown; 2016-2022 proceedings reference extraction can be generated via Tier 3 PDF reference parsing.
proc_isls-2026,handle_1_6400,2026,2020,collaboration analytics (MMCA) has been attracting more attention in Learning Analytics and CSCL (Esterhazy,extracted_from_md_references,Extracted via 0-cost reference block parsing from proceedings markdown; 2016-2022 proceedings reference extraction can be generated via Tier 3 PDF reference parsing.
proc_isls-2026,handle_1_6491,2026,2020,"Practice, Tool Design, and Professional Development . https://repository.isls.org//handle/1/215",extracted_from_md_references,Extracted via 0-cost reference block parsing from proceedings markdown; 2016-2022 proceedings reference extraction can be generated via Tier 3 PDF reference parsing.
proc_isls-2026,handle_1_6351,2026,2020,learning sciences are not only critical—they are also imaginative. Tanksley (2024) advocates for “critical race,extracted_from_md_references,Extracted via 0-cost reference block parsing from proceedings markdown; 2016-2022 proceedings reference extraction can be generated via Tier 3 PDF reference parsing.
proc_isls-2026,handle_1_6579,2026,2020,learning in research practice partnerships. In Proceedings of the 18th International Conference of the,extracted_from_md_references,Extracted via 0-cost reference block parsing from proceedings markdown; 2016-2022 proceedings reference extraction can be generated via Tier 3 PDF reference parsing.
proc_isls-2026,handle_1_6368,2026,2020,"knowledge building. From a CSCL perspective, the goal is to design technologies “to create artifacts, activities,",extracted_from_md_references,Extracted via 0-cost reference block parsing from proceedings markdown; 2016-2022 proceedings reference extraction can be generated via Tier 3 PDF reference parsing.
proc_isls-2026,handle_1_6296,2026,2020,"assessing collaboration (Cress et al., 2021), extending to CSCL theory, design, and analytics for assessment",extracted_from_md_references,Extracted via 0-cost reference block parsing from proceedings markdown; 2016-2022 proceedings reference extraction can be generated via Tier 3 PDF reference parsing.
proc_isls-2026,handle_1_6627,2026,2020,"was surprised to find that learning sciences researchers, who have spent decades studying how students understand",extracted_from_md_references,Extracted via 0-cost reference block parsing from proceedings markdown; 2016-2022 proceedings reference extraction can be generated via Tier 3 PDF reference parsing.
proc_isls-2026,handle_1_6720,2026,2020,"My research lies at the intersection of CSCL, learning analytics, and human-AI interaction, with a central focus",extracted_from_md_references,Extracted via 0-cost reference block parsing from proceedings markdown; 2016-2022 proceedings reference extraction can be generated via Tier 3 PDF reference parsing.
proc_isls-2026,handle_1_6475,2026,2020,"supporting mathematical learning. Thus, this study attends to calls within the learning sciences for participatory",extracted_from_md_references,Extracted via 0-cost reference block parsing from proceedings markdown; 2016-2022 proceedings reference extraction can be generated via Tier 3 PDF reference parsing.
proc_icls-2026,handle_1_6579,2026,2020,From learning sciences to classroom practice: Technology’s role in teaching,extracted_from_md_references,Extracted via 0-cost reference block parsing from proceedings markdown; 2016-2022 proceedings reference extraction can be generated via Tier 3 PDF reference parsing.
proc_icls-2026,handle_1_6571,2026,2020,"First, the framework was grounded systematically in literature spanning learning sciences, science",extracted_from_md_references,Extracted via 0-cost reference block parsing from proceedings markdown; 2016-2022 proceedings reference extraction can be generated via Tier 3 PDF reference parsing.
proc_icls-2026,handle_1_6351,2026,2020,"or marginalized, can offer critical insights for the learning sciences.",extracted_from_md_references,Extracted via 0-cost reference block parsing from proceedings markdown; 2016-2022 proceedings reference extraction can be generated via Tier 3 PDF reference parsing.
proc_icls-2026,handle_1_6435,2026,2020,The Learning Sciences and Cognitive Science share a central concern: understanding how people learn,extracted_from_md_references,Extracted via 0-cost reference block parsing from proceedings markdown; 2016-2022 proceedings reference extraction can be generated via Tier 3 PDF reference parsing.
proc_icls-2026,handle_1_6663,2026,2020,reflects the theoretical foundation of the learning sciences.  While still conceptualizing contextual and in-the-head,extracted_from_md_references,Extracted via 0-cost reference block parsing from proceedings markdown; 2016-2022 proceedings reference extraction can be generated via Tier 3 PDF reference parsing.
proc_icls-2026,handle_1_6591,2026,2020,Pre-Service Secondary CS Teacher Education. Proceedings of the 2022 ACM Conference on,extracted_from_md_references,Extracted via 0-cost reference block parsing from proceedings markdown; 2016-2022 proceedings reference extraction can be generated via Tier 3 PDF reference parsing.
proc_icls-2026,handle_1_6844,2026,2020,"explanations by fading scaffolds in instructional materials. The Journal of the Learning Sciences, 15(2),",extracted_from_md_references,Extracted via 0-cost reference block parsing from proceedings markdown; 2016-2022 proceedings reference extraction can be generated via Tier 3 PDF reference parsing.
proc_icls-2026,handle_1_6304,2026,2020,learning sciences field can further develop design knowledge about the types of talk various intervention features,extracted_from_md_references,Extracted via 0-cost reference block parsing from proceedings markdown; 2016-2022 proceedings reference extraction can be generated via Tier 3 PDF reference parsing.
proc_icls-2026.md_38486,handle_1_6823,2026,2020,"identity in basketball and classroom mathematics. Journal of the Learning Sciences, 17(2), 143– 179.",extracted_from_md_references,Extracted via 0-cost reference block parsing from proceedings markdown; 2016-2022 proceedings reference extraction can be generated via Tier 3 PDF reference parsing.
proc_icls-2026.md_38486,handle_1_6316,2026,2020,AI and ethics in the learning sciences: A literature review of the,extracted_from_md_references,Extracted via 0-cost reference block parsing from proceedings markdown; 2016-2022 proceedings reference extraction can be generated via Tier 3 PDF reference parsing.
proc_icls-2026.md_38486,handle_1_6351,2026,2020,"empirical study of an emergent construct. Journal of the Learning Sciences , 19(2), 143– 186.",extracted_from_md_references,Extracted via 0-cost reference block parsing from proceedings markdown; 2016-2022 proceedings reference extraction can be generated via Tier 3 PDF reference parsing.
proc_icls-2026.md_38486,handle_1_6663,2026,2020,"highlight theoretical considerations for the broader learning sciences community. In the reviewed studies, drawing",extracted_from_md_references,Extracted via 0-cost reference block parsing from proceedings markdown; 2016-2022 proceedings reference extraction can be generated via Tier 3 PDF reference parsing.
proc_icls-2026.md_38486,handle_1_6370,2026,2020,Abstract: Research-practice partnerships (RPPs) have become central to the learning sciences,extracted_from_md_references,Extracted via 0-cost reference block parsing from proceedings markdown; 2016-2022 proceedings reference extraction can be generated via Tier 3 PDF reference parsing.
proc_icls-2026.md_38486,handle_1_6618,2026,2020,"for the learning sciences community: museums serve as settings for understanding learning across the lifespan,",extracted_from_md_references,Extracted via 0-cost reference block parsing from proceedings markdown; 2016-2022 proceedings reference extraction can be generated via Tier 3 PDF reference parsing.
proc_icls-2026.md_38486,handle_1_6728,2026,2020,those experiences informed design changes for the new Learning Design & Learning Sciences ( LDLS) program.,extracted_from_md_references,Extracted via 0-cost reference block parsing from proceedings markdown; 2016-2022 proceedings reference extraction can be generated via Tier 3 PDF reference parsing.
proc_icls-2026.md_38486,handle_1_6679,2026,2020,by the International Society of the Learning Sciences (ISLS).  Papers that do not report on the nature and depth,extracted_from_md_references,Extracted via 0-cost reference block parsing from proceedings markdown; 2016-2022 proceedings reference extraction can be generated via Tier 3 PDF reference parsing.
proc_icls-2026.md_38486,handle_1_6353,2026,2020,practical model for integrating computational thinking in K -12 education. In Proceedings of The 50th,extracted_from_md_references,Extracted via 0-cost reference block parsing from proceedings markdown; 2016-2022 proceedings reference extraction can be generated via Tier 3 PDF reference parsing.
proc_icls-2026.md_38486,handle_1_6726,2026,2020,"AI into their writing processes.  By examining these patterns through a learning sciences lens, this study",extracted_from_md_references,Extracted via 0-cost reference block parsing from proceedings markdown; 2016-2022 proceedings reference extraction can be generated via Tier 3 PDF reference parsing.
proc_icls-2026.md_76766,handle_1_6485,2026,2020,"learning, thinking, and teaching in AI -mediated environments. This paper aims to contribute to ISLS dialogues",extracted_from_md_references,Extracted via 0-cost reference block parsing from proceedings markdown; 2016-2022 proceedings reference extraction can be generated via Tier 3 PDF reference parsing.
proc_icls-2026.md_76766,handle_1_6376,2026,2020,"In the learning sciences, this case highlights the interplay between design and youth agency. Despite careful",extracted_from_md_references,Extracted via 0-cost reference block parsing from proceedings markdown; 2016-2022 proceedings reference extraction can be generated via Tier 3 PDF reference parsing.
proc_icls-2026.md_76766,handle_1_6512,2026,2020,power of storytelling and storylistening for human learning and becoming. In Proceedings of the 14th,extracted_from_md_references,Extracted via 0-cost reference block parsing from proceedings markdown; 2016-2022 proceedings reference extraction can be generated via Tier 3 PDF reference parsing.
proc_icls-2026.md_76766,handle_1_6509,2026,2020,classic learning sciences pedagogies mostly applied in STEM share some similarities. Papert's constructionism,extracted_from_md_references,Extracted via 0-cost reference block parsing from proceedings markdown; 2016-2022 proceedings reference extraction can be generated via Tier 3 PDF reference parsing.
proc_icls-2026.md_76766,handle_1_6695,2026,2020,Thought Bubbles: A Proxy into Players’ Mental Model Development. Proceedings of the 2023 CHI,extracted_from_md_references,Extracted via 0-cost reference block parsing from proceedings markdown; 2016-2022 proceedings reference extraction can be generated via Tier 3 PDF reference parsing.
proc_icls-2026.md_76766,handle_1_6445,2026,2020,"learning by design (tm) into practice. The journal of the learning sciences , 12(4), 495- 547.",extracted_from_md_references,Extracted via 0-cost reference block parsing from proceedings markdown; 2016-2022 proceedings reference extraction can be generated via Tier 3 PDF reference parsing.
proc_icls-2026.md_76766,handle_1_6513,2026,2020,"engage with and think about complex problems of practice. In the learning sciences, such activities help organize",extracted_from_md_references,Extracted via 0-cost reference block parsing from proceedings markdown; 2016-2022 proceedings reference extraction can be generated via Tier 3 PDF reference parsing.
proc_icls-2026.md_76766,handle_1_6351,2026,2020,"Esmonde, I., & Booker, A.N. (Eds.). (2016). Power and Privilege in the Learning Sciences: Critical and",extracted_from_md_references,Extracted via 0-cost reference block parsing from proceedings markdown; 2016-2022 proceedings reference extraction can be generated via Tier 3 PDF reference parsing.
proc_icls-2026.md_76766,handle_1_6663,2026,2020,"2025; Sumakul, 2022). From the lens of the learning sciences, it is important to understand how these transitions",extracted_from_md_references,Extracted via 0-cost reference block parsing from proceedings markdown; 2016-2022 proceedings reference extraction can be generated via Tier 3 PDF reference parsing.
proc_icls-2026.md_76766,handle_1_6535,2026,2020,Mapping these narratives matters for the learning sciences because they reveal the design logics educators are,extracted_from_md_references,Extracted via 0-cost reference block parsing from proceedings markdown; 2016-2022 proceedings reference extraction can be generated via Tier 3 PDF reference parsing.
proc_icls-2026.md_76766,handle_1_6751,2026,2020,A consensus in the learning sciences confirms that effective learning strategies are crucial for improving academic,extracted_from_md_references,Extracted via 0-cost reference block parsing from proceedings markdown; 2016-2022 proceedings reference extraction can be generated via Tier 3 PDF reference parsing.
proc_icls-2026.md_76766,handle_1_6546,2026,2020,interdisciplinary contexts. In Proceedings of the 55th ACM Technical Symposium on Computer Science,extracted_from_md_references,Extracted via 0-cost reference block parsing from proceedings markdown; 2016-2022 proceedings reference extraction can be generated via Tier 3 PDF reference parsing.
proc_icls-2026.md_76766,handle_1_6618,2026,2020,connect youth learning across settings. Proceedings of the 2018 CHI Conference on Human Factors in,extracted_from_md_references,Extracted via 0-cost reference block parsing from proceedings markdown; 2016-2022 proceedings reference extraction can be generated via Tier 3 PDF reference parsing.
proc_icls-2026.md_76766,handle_1_6581,2026,2020,"Lastly, as video analysis has become a staple of learning sciences’ methodology, we call attention to",extracted_from_md_references,Extracted via 0-cost reference block parsing from proceedings markdown; 2016-2022 proceedings reference extraction can be generated via Tier 3 PDF reference parsing.
proc_icls-2026.md_76766,handle_1_6352,2026,2020,substrates as a tool for studying learning. In Proceedings of the International Conference of the Learning,extracted_from_md_references,Extracted via 0-cost reference block parsing from proceedings markdown; 2016-2022 proceedings reference extraction can be generated via Tier 3 PDF reference parsing.
proc_icls-2026.md_76766,handle_1_6616,2026,2020,"intellectual, social, and professional development of those it serves in ISLS and across the field. ILSSA consists",extracted_from_md_references,Extracted via 0-cost reference block parsing from proceedings markdown; 2016-2022 proceedings reference extraction can be generated via Tier 3 PDF reference parsing.
proc_icls-2026.md_76766,handle_1_6753,2026,2020,Danceon: Culturally responsive creative computing. In Proceedings of the 2021 CHI Conference on,extracted_from_md_references,Extracted via 0-cost reference block parsing from proceedings markdown; 2016-2022 proceedings reference extraction can be generated via Tier 3 PDF reference parsing.
proc_icls-2026.md_76766,handle_1_6721,2026,2020,"Mechanistic Reasoning in Science Learning. Journal of the Learning Sciences, 28(2), 160-205.",extracted_from_md_references,Extracted via 0-cost reference block parsing from proceedings markdown; 2016-2022 proceedings reference extraction can be generated via Tier 3 PDF reference parsing.
proc_icls-2026.md_76766,handle_1_6421,2026,2020,"discursive lens for the study of dialogic mathematics peer learning. Journal of the Learning Sciences,",extracted_from_md_references,Extracted via 0-cost reference block parsing from proceedings markdown; 2016-2022 proceedings reference extraction can be generated via Tier 3 PDF reference parsing.
proc_icls-2026.md_76766,handle_1_6562,2026,2020,exploratory study. In Proceedings of the 17th International Conference of the Learning Sciences -ICLS,extracted_from_md_references,Extracted via 0-cost reference block parsing from proceedings markdown; 2016-2022 proceedings reference extraction can be generated via Tier 3 PDF reference parsing.
proc_icls-2026.md_76766,handle_1_6384,2026,2020,"generative for the broader Learning Sciences community, contributing to ongoing conversations with researchers",extracted_from_md_references,Extracted via 0-cost reference block parsing from proceedings markdown; 2016-2022 proceedings reference extraction can be generated via Tier 3 PDF reference parsing.
proc_icls-2026.md_76766,handle_1_6823,2026,2020,"identity in basketball and classroom mathematics. Journal of the Learning Sciences, 17(2), 143– 179.",extracted_from_md_references,Extracted via 0-cost reference block parsing from proceedings markdown; 2016-2022 proceedings reference extraction can be generated via Tier 3 PDF reference parsing.
proc_icls-2026.md_76766,handle_1_6664,2026,2020,"(Lab of Learning Sciences, Graduate School of Education, Peking University)",extracted_from_md_references,Extracted via 0-cost reference block parsing from proceedings markdown; 2016-2022 proceedings reference extraction can be generated via Tier 3 PDF reference parsing.
proc_icls-2026.md_76766,handle_1_6579,2026,2020,"Liang, L. M., & Li, Z. (2020). From Learning Sciences to teaching practice: Key concepts and effective strategies",extracted_from_md_references,Extracted via 0-cost reference block parsing from proceedings markdown; 2016-2022 proceedings reference extraction can be generated via Tier 3 PDF reference parsing.
proc_icls-2026.md_76766,handle_1_6370,2026,2020,"use in research-practice partnerships in the learning sciences. Specifically, this study complements what is known",extracted_from_md_references,Extracted via 0-cost reference block parsing from proceedings markdown; 2016-2022 proceedings reference extraction can be generated via Tier 3 PDF reference parsing.
proc_cscl-2026,handle_1_6663,2026,2020,Our study is informed by three theoretical lenses from the learning sciences – individual work as preparation for,extracted_from_md_references,Extracted via 0-cost reference block parsing from proceedings markdown; 2016-2022 proceedings reference extraction can be generated via Tier 3 PDF reference parsing.
proc_cscl-2026,handle_1_6662,2026,2020,"competitive and collaborative learning in  CSCL environments, our claims are specific to our setting’s  activity",extracted_from_md_references,Extracted via 0-cost reference block parsing from proceedings markdown; 2016-2022 proceedings reference extraction can be generated via Tier 3 PDF reference parsing.
proc_cscl-2026.md_4227,handle_1_6363,2026,2020,"asynchronous CSCL in science: Functions, evolution and participation. Frontline Learning Research,",extracted_from_md_references,Extracted via 0-cost reference block parsing from proceedings markdown; 2016-2022 proceedings reference extraction can be generated via Tier 3 PDF reference parsing.
proc_cscl-2026.md_4227,handle_1_6727,2026,2020,of CSCL environments that not only connect learners but also illuminate the knowledge they are building together.,extracted_from_md_references,Extracted via 0-cost reference block parsing from proceedings markdown; 2016-2022 proceedings reference extraction can be generated via Tier 3 PDF reference parsing.
proc_cscl-2026.md_4227,handle_1_6813,2026,2020,Discourse. In Proceedings of the International Conference on Collaborative Learning. (Compares student,extracted_from_md_references,Extracted via 0-cost reference block parsing from proceedings markdown; 2016-2022 proceedings reference extraction can be generated via Tier 3 PDF reference parsing.
proc_cscl-2026.md_4227,handle_1_6492,2026,2020,Teachers Integrate Computational Thinking into Their K -12 STEM Classes. Proceedings of,extracted_from_md_references,Extracted via 0-cost reference block parsing from proceedings markdown; 2016-2022 proceedings reference extraction can be generated via Tier 3 PDF reference parsing.
proc_cscl-2026.md_4227,handle_1_6745,2026,2020,express emotions. Work in the learning sciences extends this framework to interpersonal and socially shared,extracted_from_md_references,Extracted via 0-cost reference block parsing from proceedings markdown; 2016-2022 proceedings reference extraction can be generated via Tier 3 PDF reference parsing.
proc_cscl-2026.md_4227,handle_1_6821,2026,2020,an individual and collective approach. Proceedings of the 14th Learning Analytics and Knowledge,extracted_from_md_references,Extracted via 0-cost reference block parsing from proceedings markdown; 2016-2022 proceedings reference extraction can be generated via Tier 3 PDF reference parsing.
proc_cscl-2026.md_4227,handle_1_6823,2026,2020,"identity in basketball and classroom mathematics. The Journal of the Learning Sciences, 17(2), 143-179.",extracted_from_md_references,Extracted via 0-cost reference block parsing from proceedings markdown; 2016-2022 proceedings reference extraction can be generated via Tier 3 PDF reference parsing.
proc_cscl-2026.md_4227,handle_1_6304,2026,2020,This work contributes to the Learning Sciences by articulating and refining design conjectures that link,extracted_from_md_references,Extracted via 0-cost reference block parsing from proceedings markdown; 2016-2022 proceedings reference extraction can be generated via Tier 3 PDF reference parsing.
proc_cscl-2026.md_4227,handle_1_6442,2026,2020,& Margaryan (2004) demonstrated how Activity Theory can be used to understand CSCL in workplace -oriented,extracted_from_md_references,Extracted via 0-cost reference block parsing from proceedings markdown; 2016-2022 proceedings reference extraction can be generated via Tier 3 PDF reference parsing.
proc_cscl-2026.md_4227,handle_1_6307,2026,2020,(1) What differences in epistemic emotions are identified between higher- and lower-performing students in CSCL?,extracted_from_md_references,Extracted via 0-cost reference block parsing from proceedings markdown; 2016-2022 proceedings reference extraction can be generated via Tier 3 PDF reference parsing.
proc_cscl-2026.md_4227,handle_1_6400,2026,2020,learning dashboards. In Proceedings of the 7th Learning & Analytics & Knowledge Conference (pp. 5–,extracted_from_md_references,Extracted via 0-cost reference block parsing from proceedings markdown; 2016-2022 proceedings reference extraction can be generated via Tier 3 PDF reference parsing.
proc_cscl-2026.md_4227,handle_1_6467,2026,2020,between adaptive and divergent initiative also resonates with work on epistemic agency in CSCL (Järvelä &,extracted_from_md_references,Extracted via 0-cost reference block parsing from proceedings markdown; 2016-2022 proceedings reference extraction can be generated via Tier 3 PDF reference parsing.
proc_cscl-2026.md_4227,handle_1_6351,2026,2020,"empirical study of an emergent construct. Journal of the Learning Sciences , 19(2), 143– 186.",extracted_from_md_references,Extracted via 0-cost reference block parsing from proceedings markdown; 2016-2022 proceedings reference extraction can be generated via Tier 3 PDF reference parsing.
proc_cscl-2026.md_4227,handle_1_6728,2026,2020,"for the design of New Knowledge Media. Journal of the Learning Sciences , 1(1), 37 –68.",extracted_from_md_references,Extracted via 0-cost reference block parsing from proceedings markdown; 2016-2022 proceedings reference extraction can be generated via Tier 3 PDF reference parsing.
proc_cscl-2026.md_4227,handle_1_6781,2026,2020,"opening possibilities for CSCL to help shape the design of playful, creative, and culturally relevant learning",extracted_from_md_references,Extracted via 0-cost reference block parsing from proceedings markdown; 2016-2022 proceedings reference extraction can be generated via Tier 3 PDF reference parsing.
proc_cscl-2026.md_4227,handle_1_6371,2026,2020,that genuinely support learning in CSCL and differentiate between activities that facilitate collaboration to then,extracted_from_md_references,Extracted via 0-cost reference block parsing from proceedings markdown; 2016-2022 proceedings reference extraction can be generated via Tier 3 PDF reference parsing.
proc_cscl-2026.md_31750,handle_1_6351,2026,2020,"An empirical study of an emergent construct. Journal of the Learning Sciences , 19(2), 143–186.",extracted_from_md_references,Extracted via 0-cost reference block parsing from proceedings markdown; 2016-2022 proceedings reference extraction can be generated via Tier 3 PDF reference parsing.
proc_cscl-2026.md_31750,handle_1_6555,2026,2020,prompt teachers to justify their pedagogical decisions. This aligns with CSCL's view of learning as knowledge,extracted_from_md_references,Extracted via 0-cost reference block parsing from proceedings markdown; 2016-2022 proceedings reference extraction can be generated via Tier 3 PDF reference parsing.
proc_cscl-2026.md_31750,handle_1_6571,2026,2020,learning sciences account of integrating GenAI and ASRA to support DT in teacher education.,extracted_from_md_references,Extracted via 0-cost reference block parsing from proceedings markdown; 2016-2022 proceedings reference extraction can be generated via Tier 3 PDF reference parsing.
proc_isls-2026,handle_1_4573,2026,2019,"Designed as a learning accelerator and a research platform, PAL provides the Learning Sciences",extracted_from_md_references,Extracted via 0-cost reference block parsing from proceedings markdown; 2016-2022 proceedings reference extraction can be generated via Tier 3 PDF reference parsing.
proc_isls-2026,handle_1_4424,2026,2019,"as  a  dialogic  partner,  using  AI‑generated  transcripts  as  evidence  for  learning  and  collaboration.  CSCL",extracted_from_md_references,Extracted via 0-cost reference block parsing from proceedings markdown; 2016-2022 proceedings reference extraction can be generated via Tier 3 PDF reference parsing.
proc_isls-2026,handle_1_4429,2026,2019,"This dissertation makes several contributions to the learning sciences and mathematics education. First, it",extracted_from_md_references,Extracted via 0-cost reference block parsing from proceedings markdown; 2016-2022 proceedings reference extraction can be generated via Tier 3 PDF reference parsing.
proc_isls-2026,handle_1_4415,2026,2019,can promote cumulative science in the learning sciences while advancing methods for studying embodied,extracted_from_md_references,Extracted via 0-cost reference block parsing from proceedings markdown; 2016-2022 proceedings reference extraction can be generated via Tier 3 PDF reference parsing.
proc_icls-2026,handle_1_4573,2026,2019,"In this work, drawing from prior learning sciences research on SE prompts (Price et al., 2020; Wylie &",extracted_from_md_references,Extracted via 0-cost reference block parsing from proceedings markdown; 2016-2022 proceedings reference extraction can be generated via Tier 3 PDF reference parsing.
proc_icls-2026,handle_1_4418,2026,2019,"from the learning sciences, this study contributes to understanding how technology and professional learning can",extracted_from_md_references,Extracted via 0-cost reference block parsing from proceedings markdown; 2016-2022 proceedings reference extraction can be generated via Tier 3 PDF reference parsing.
proc_icls-2026,handle_1_4471,2026,2019,environments: A review of empirical research. In Proceedings of the Tenth International Conference on,extracted_from_md_references,Extracted via 0-cost reference block parsing from proceedings markdown; 2016-2022 proceedings reference extraction can be generated via Tier 3 PDF reference parsing.
proc_icls-2026,handle_1_4389,2026,2019,network analysis. In International Conference of the Learning Sciences (pp. 334-339). Psychology Press.,extracted_from_md_references,Extracted via 0-cost reference block parsing from proceedings markdown; 2016-2022 proceedings reference extraction can be generated via Tier 3 PDF reference parsing.
proc_icls-2026,handle_1_4502,2026,2019,Ontologies: Desettling Interaction Analysis Methods. In Proceedings of the 15th International,extracted_from_md_references,Extracted via 0-cost reference block parsing from proceedings markdown; 2016-2022 proceedings reference extraction can be generated via Tier 3 PDF reference parsing.
proc_icls-2026.md_38486,handle_1_4573,2026,2019,"learning sciences, game design, STEM education, and responsible AI. Some of our broader research team who",extracted_from_md_references,Extracted via 0-cost reference block parsing from proceedings markdown; 2016-2022 proceedings reference extraction can be generated via Tier 3 PDF reference parsing.
proc_icls-2026.md_38486,handle_1_4383,2026,2019,"identity and engagement in a project -based mathematics classroom. Journal of the Learning Sciences,",extracted_from_md_references,Extracted via 0-cost reference block parsing from proceedings markdown; 2016-2022 proceedings reference extraction can be generated via Tier 3 PDF reference parsing.
proc_icls-2026.md_38486,handle_1_4471,2026,2019,literature review of the International Society of the Learning Sciences (ISLS) Annual Meeting proceedings from,extracted_from_md_references,Extracted via 0-cost reference block parsing from proceedings markdown; 2016-2022 proceedings reference extraction can be generated via Tier 3 PDF reference parsing.
proc_icls-2026.md_38486,handle_1_4499,2026,2019,rained) was aimed at learning something about how we (members of the Society) learn at the ISLS conference.,extracted_from_md_references,Extracted via 0-cost reference block parsing from proceedings markdown; 2016-2022 proceedings reference extraction can be generated via Tier 3 PDF reference parsing.
proc_icls-2026.md_38486,handle_1_4567,2026,2019,"AI collaboration for qualitative analysis. Proceedings of the ACM on Human- Computer Interaction,",extracted_from_md_references,Extracted via 0-cost reference block parsing from proceedings markdown; 2016-2022 proceedings reference extraction can be generated via Tier 3 PDF reference parsing.
proc_icls-2026.md_76766,handle_1_4573,2026,2019,"Goldman, R., Pea, R., Barron, B., & Derry, S. J. (Eds.) (2007). Video Research in the Learning Sciences .",extracted_from_md_references,Extracted via 0-cost reference block parsing from proceedings markdown; 2016-2022 proceedings reference extraction can be generated via Tier 3 PDF reference parsing.
proc_icls-2026.md_76766,handle_1_4576,2026,2019,"Learning sciences research explores how student experiences, motivation, and engagement develop over",extracted_from_md_references,Extracted via 0-cost reference block parsing from proceedings markdown; 2016-2022 proceedings reference extraction can be generated via Tier 3 PDF reference parsing.
proc_icls-2026.md_76766,handle_1_4471,2026,2019,child-computer interaction research: A systematic literature review. In Proceedings of the interaction,extracted_from_md_references,Extracted via 0-cost reference block parsing from proceedings markdown; 2016-2022 proceedings reference extraction can be generated via Tier 3 PDF reference parsing.
proc_icls-2026.md_76766,handle_1_4419,2026,2019,"regulation in CSCL. International Journal of Computer -Supported Collaborative Learning, 18(1), 101-",extracted_from_md_references,Extracted via 0-cost reference block parsing from proceedings markdown; 2016-2022 proceedings reference extraction can be generated via Tier 3 PDF reference parsing.
proc_icls-2026.md_76766,handle_1_4389,2026,2019,"in the learning sciences, emphasizing the power and politics embedded in video analysis",extracted_from_md_references,Extracted via 0-cost reference block parsing from proceedings markdown; 2016-2022 proceedings reference extraction can be generated via Tier 3 PDF reference parsing.
proc_icls-2026.md_76766,handle_1_4566,2026,2019,"in the ways of knowing and doing learning sciences, using a series of cases emerging from the Global South, with",extracted_from_md_references,Extracted via 0-cost reference block parsing from proceedings markdown; 2016-2022 proceedings reference extraction can be generated via Tier 3 PDF reference parsing.
proc_icls-2026.md_76766,handle_1_4460,2026,2019,professional development: Benefits of a community of practice model. In Proceedings of the,extracted_from_md_references,Extracted via 0-cost reference block parsing from proceedings markdown; 2016-2022 proceedings reference extraction can be generated via Tier 3 PDF reference parsing.
proc_icls-2026.md_76766,handle_1_4484,2026,2019,"Schotsch, B., & Powell, D. (2022). Understanding intuitive theories of climate change. In Proceedings of the",extracted_from_md_references,Extracted via 0-cost reference block parsing from proceedings markdown; 2016-2022 proceedings reference extraction can be generated via Tier 3 PDF reference parsing.
proc_cscl-2026,handle_1_4573,2026,2019,"required for collaborative facilitation (Nokes-Malach et al., 2015; Rajaram, 2021)? Learning sciences scholarship",extracted_from_md_references,Extracted via 0-cost reference block parsing from proceedings markdown; 2016-2022 proceedings reference extraction can be generated via Tier 3 PDF reference parsing.
proc_cscl-2026.md_4227,handle_1_4471,2026,2019,"Review. In A. I. Cristea, E. Walker, Y. Lu, O. C. Santos, & S. Isotani (Eds.), Proceedings of the 26th International",extracted_from_md_references,Extracted via 0-cost reference block parsing from proceedings markdown; 2016-2022 proceedings reference extraction can be generated via Tier 3 PDF reference parsing.
proc_cscl-2026.md_4227,handle_1_4588,2026,2019,knowledge building. Proceedings of the International Conference on Computers in Education. (Tool that,extracted_from_md_references,Extracted via 0-cost reference block parsing from proceedings markdown; 2016-2022 proceedings reference extraction can be generated via Tier 3 PDF reference parsing.
proc_cscl-2026.md_4227,handle_1_4573,2026,2019,"Collaborative Learning-CSCL 2025, pp. 472-480. International Society of the Learning Sciences.",extracted_from_md_references,Extracted via 0-cost reference block parsing from proceedings markdown; 2016-2022 proceedings reference extraction can be generated via Tier 3 PDF reference parsing.
proc_cscl-2026.md_4227,handle_1_4390,2026,2019,"CSCL research has long explored technology's role in supporting collaborative learning, its potential for dialogic",extracted_from_md_references,Extracted via 0-cost reference block parsing from proceedings markdown; 2016-2022 proceedings reference extraction can be generated via Tier 3 PDF reference parsing.
proc_cscl-2026.md_4227,handle_1_4590,2026,2019,"collaboration pathways: teacher -student, student-student, and student -AI interactions. Building  on prior CSCL",extracted_from_md_references,Extracted via 0-cost reference block parsing from proceedings markdown; 2016-2022 proceedings reference extraction can be generated via Tier 3 PDF reference parsing.
proc_cscl-2026.md_4227,handle_1_4546,2026,2019,verbal communication patterns: An epistemic network analysis . Proceedings of the 19th International,extracted_from_md_references,Extracted via 0-cost reference block parsing from proceedings markdown; 2016-2022 proceedings reference extraction can be generated via Tier 3 PDF reference parsing.
proc_cscl-2026.md_4227,handle_1_4579,2026,2019,"Assistants to Support Orchestration in CSCL. In Lund, K., Niccolai, G. P., Lavoué , E., Hmelo -Silver,",extracted_from_md_references,Extracted via 0-cost reference block parsing from proceedings markdown; 2016-2022 proceedings reference extraction can be generated via Tier 3 PDF reference parsing.
proc_cscl-2026.md_4227,handle_1_4472,2026,2019,Processes through ONA -Supported Collective Reflective Assessment. In Proceedings of the 18th,extracted_from_md_references,Extracted via 0-cost reference block parsing from proceedings markdown; 2016-2022 proceedings reference extraction can be generated via Tier 3 PDF reference parsing.
proc_cscl-2026.md_31750,handle_1_4471,2026,2019,Feedback Provider in Digital Learning Games: A Systematic Literature Review. In Proceedings of the,extracted_from_md_references,Extracted via 0-cost reference block parsing from proceedings markdown; 2016-2022 proceedings reference extraction can be generated via Tier 3 PDF reference parsing.
proc_cscl-2026.md_31750,handle_1_4573,2026,2019,"collaborative learning and the learning sciences broadly, as they outline the often messy and non- linear",extracted_from_md_references,Extracted via 0-cost reference block parsing from proceedings markdown; 2016-2022 proceedings reference extraction can be generated via Tier 3 PDF reference parsing.
proc_cscl-2026.md_31750,handle_1_4388,2026,2019,on an ongoing project that leverages a computer -supported collaborative learning (CSCL),extracted_from_md_references,Extracted via 0-cost reference block parsing from proceedings markdown; 2016-2022 proceedings reference extraction can be generated via Tier 3 PDF reference parsing.
proc_cscl-2026.md_31750,handle_1_4566,2026,2019,"classroom settings? CSCL sessions refer to scripted collaborative learning using technology-mediated tools, while",extracted_from_md_references,Extracted via 0-cost reference block parsing from proceedings markdown; 2016-2022 proceedings reference extraction can be generated via Tier 3 PDF reference parsing.
proc_isls-2026,handle_1_661,2026,2018,report. In  Proceedings of the 55th ACM Technical Symposium on Computer Science Education  V. 1 (pp.,extracted_from_md_references,Extracted via 0-cost reference block parsing from proceedings markdown; 2016-2022 proceedings reference extraction can be generated via Tier 3 PDF reference parsing.
proc_isls-2026,handle_1_828,2026,2018,"perspective. In R. K. Sawyer (Ed.),  Cambridge handbook of the learning sciences  (pp. 409–426).",extracted_from_md_references,Extracted via 0-cost reference block parsing from proceedings markdown; 2016-2022 proceedings reference extraction can be generated via Tier 3 PDF reference parsing.
proc_isls-2026,handle_1_892,2026,2018,"of particular interest to the Learning Sciences community for theoretical reasons. In a recent paper, Odden and",extracted_from_md_references,Extracted via 0-cost reference block parsing from proceedings markdown; 2016-2022 proceedings reference extraction can be generated via Tier 3 PDF reference parsing.
proc_isls-2026,handle_1_474,2026,2018,through natural language. This workshop invites the learning sciences and design research,extracted_from_md_references,Extracted via 0-cost reference block parsing from proceedings markdown; 2016-2022 proceedings reference extraction can be generated via Tier 3 PDF reference parsing.
proc_isls-2026,handle_1_701,2026,2018,●   Identify key challenges in bridging the gap between research and practice in learning sciences and gain,extracted_from_md_references,Extracted via 0-cost reference block parsing from proceedings markdown; 2016-2022 proceedings reference extraction can be generated via Tier 3 PDF reference parsing.
proc_isls-2026,handle_1_845,2026,2018,"design framework for software to support science inquiry.  Journal of the Learning Sciences, 13 (3), 337–",extracted_from_md_references,Extracted via 0-cost reference block parsing from proceedings markdown; 2016-2022 proceedings reference extraction can be generated via Tier 3 PDF reference parsing.
proc_isls-2026,handle_1_534,2026,2018,interpret live data while examining the learning sciences principles underlying the design of these tools [1-3].,extracted_from_md_references,Extracted via 0-cost reference block parsing from proceedings markdown; 2016-2022 proceedings reference extraction can be generated via Tier 3 PDF reference parsing.
proc_isls-2026,handle_1_607,2026,2018,"CSCL foregrounds collaborative processes (e.g.,  , shared regulation) and CSCL designs such as",extracted_from_md_references,Extracted via 0-cost reference block parsing from proceedings markdown; 2016-2022 proceedings reference extraction can be generated via Tier 3 PDF reference parsing.
proc_isls-2026,handle_1_859,2026,2018,building to reconceptualize assessment and to develop future collaborations on CSCL research for impact.,extracted_from_md_references,Extracted via 0-cost reference block parsing from proceedings markdown; 2016-2022 proceedings reference extraction can be generated via Tier 3 PDF reference parsing.
proc_isls-2026,handle_1_640,2026,2018,"learning sciences research suggest lead to learning, such as conversational turns, STEM language, and hands-on",extracted_from_md_references,Extracted via 0-cost reference block parsing from proceedings markdown; 2016-2022 proceedings reference extraction can be generated via Tier 3 PDF reference parsing.
proc_isls-2026,handle_1_865,2026,2018,"This program of research contributes to the Learning Sciences in three key ways: First, my work  reframes literacy",extracted_from_md_references,Extracted via 0-cost reference block parsing from proceedings markdown; 2016-2022 proceedings reference extraction can be generated via Tier 3 PDF reference parsing.
proc_isls-2026,handle_1_858,2026,2018,"Abstract:  My research lies at the intersection of the learning sciences, learning analytics, and",extracted_from_md_references,Extracted via 0-cost reference block parsing from proceedings markdown; 2016-2022 proceedings reference extraction can be generated via Tier 3 PDF reference parsing.
proc_icls-2026,handle_1_846,2026,2018,Students’ Perceptions of Automated Feedback and Their Impact on Revision. Proceedings of the 19th,extracted_from_md_references,Extracted via 0-cost reference block parsing from proceedings markdown; 2016-2022 proceedings reference extraction can be generated via Tier 3 PDF reference parsing.
proc_icls-2026,handle_1_661,2026,2018,Proceedings of the 26th ACM Conference on Innovation and Technology in Computer Science Education,extracted_from_md_references,Extracted via 0-cost reference block parsing from proceedings markdown; 2016-2022 proceedings reference extraction can be generated via Tier 3 PDF reference parsing.
proc_icls-2026,handle_1_828,2026,2018,"development community. Journal of the Learning Sciences, 32(4-5), 573-621.",extracted_from_md_references,Extracted via 0-cost reference block parsing from proceedings markdown; 2016-2022 proceedings reference extraction can be generated via Tier 3 PDF reference parsing.
proc_icls-2026,handle_1_856,2026,2018,Formative assessment has long been recognized in the learning sciences as a powerful driver of student learning,extracted_from_md_references,Extracted via 0-cost reference block parsing from proceedings markdown; 2016-2022 proceedings reference extraction can be generated via Tier 3 PDF reference parsing.
proc_icls-2026,handle_1_892,2026,2018,"Holling, 2002), just to name a few. In a recent article in the Journal of the Learning Sciences (Ehrenfeld & Stengel,",extracted_from_md_references,Extracted via 0-cost reference block parsing from proceedings markdown; 2016-2022 proceedings reference extraction can be generated via Tier 3 PDF reference parsing.
proc_icls-2026,handle_1_701,2026,2018,across multiple forms of expression. Video recordings are widely used in learning sciences research to document,extracted_from_md_references,Extracted via 0-cost reference block parsing from proceedings markdown; 2016-2022 proceedings reference extraction can be generated via Tier 3 PDF reference parsing.
proc_icls-2026,handle_1_845,2026,2018,Learning Sciences. Cognitive science offers powerful theories for understanding how learners make sense of,extracted_from_md_references,Extracted via 0-cost reference block parsing from proceedings markdown; 2016-2022 proceedings reference extraction can be generated via Tier 3 PDF reference parsing.
proc_icls-2026,handle_1_686,2026,2018,"Manz, E. (2018). Designing for and analyzing productive uncertainty in science investigations. Proceedings of",extracted_from_md_references,Extracted via 0-cost reference block parsing from proceedings markdown; 2016-2022 proceedings reference extraction can be generated via Tier 3 PDF reference parsing.
proc_icls-2026,handle_1_534,2026,2018,demonstrates how the learning sciences can integrate design- based and quantitative paradigms to evaluate,extracted_from_md_references,Extracted via 0-cost reference block parsing from proceedings markdown; 2016-2022 proceedings reference extraction can be generated via Tier 3 PDF reference parsing.
proc_icls-2026,handle_1_650,2026,2018,insights for child-centered HCI and early literacy learning sciences research.,extracted_from_md_references,Extracted via 0-cost reference block parsing from proceedings markdown; 2016-2022 proceedings reference extraction can be generated via Tier 3 PDF reference parsing.
proc_icls-2026,handle_1_780,2026,2018,"Puntambekar, S. (2018). Design- based research (DBR). In International handbook of the learning sciences  (pp.",extracted_from_md_references,Extracted via 0-cost reference block parsing from proceedings markdown; 2016-2022 proceedings reference extraction can be generated via Tier 3 PDF reference parsing.
proc_icls-2026,handle_1_740,2026,2018,"design contexts in the learning sciences. Hence, we draw on Ekström and Stevanovic’s (2023) conceptualization",extracted_from_md_references,Extracted via 0-cost reference block parsing from proceedings markdown; 2016-2022 proceedings reference extraction can be generated via Tier 3 PDF reference parsing.
proc_icls-2026,handle_1_728,2026,2018,Best Learning Outcomes in a Digital Learning Game. Proceedings of the 16th International Conference,extracted_from_md_references,Extracted via 0-cost reference block parsing from proceedings markdown; 2016-2022 proceedings reference extraction can be generated via Tier 3 PDF reference parsing.
proc_icls-2026.md_38486,handle_1_656,2026,2018,to designing domain specific programming environments for science learning. In Proceedings of the,extracted_from_md_references,Extracted via 0-cost reference block parsing from proceedings markdown; 2016-2022 proceedings reference extraction can be generated via Tier 3 PDF reference parsing.
proc_icls-2026.md_38486,handle_1_828,2026,2018,"learners' and teachers' gestures. Journal of the Learning Sciences, 21(2), 247-286.",extracted_from_md_references,Extracted via 0-cost reference block parsing from proceedings markdown; 2016-2022 proceedings reference extraction can be generated via Tier 3 PDF reference parsing.
proc_icls-2026.md_38486,handle_1_712,2026,2018,AEP operationalizes these learning sciences principles through six interrelated teaching competencies:,extracted_from_md_references,Extracted via 0-cost reference block parsing from proceedings markdown; 2016-2022 proceedings reference extraction can be generated via Tier 3 PDF reference parsing.
proc_icls-2026.md_38486,handle_1_625,2026,2018,reflect equity-focused applications of teacher noticing in higher education within the learning sciences. Focused,extracted_from_md_references,Extracted via 0-cost reference block parsing from proceedings markdown; 2016-2022 proceedings reference extraction can be generated via Tier 3 PDF reference parsing.
proc_icls-2026.md_38486,handle_1_740,2026,2018,"learning within co -design contexts. While learning sciences has focused on the co -design processes  (e.g.,",extracted_from_md_references,Extracted via 0-cost reference block parsing from proceedings markdown; 2016-2022 proceedings reference extraction can be generated via Tier 3 PDF reference parsing.
proc_icls-2026.md_38486,handle_1_838,2026,2018,foundation of the exploring computer science professional development model. In Proceedings of the,extracted_from_md_references,Extracted via 0-cost reference block parsing from proceedings markdown; 2016-2022 proceedings reference extraction can be generated via Tier 3 PDF reference parsing.
proc_icls-2026.md_38486,handle_1_661,2026,2018,Proceedings of the 51st ACM technical symposium on computer science education (pp. 213-219).,extracted_from_md_references,Extracted via 0-cost reference block parsing from proceedings markdown; 2016-2022 proceedings reference extraction can be generated via Tier 3 PDF reference parsing.
proc_icls-2026.md_38486,handle_1_881,2026,2018,Biology Higher Education: Insights for Collaborative Curriculum Design. Proceedings of the 18th,extracted_from_md_references,Extracted via 0-cost reference block parsing from proceedings markdown; 2016-2022 proceedings reference extraction can be generated via Tier 3 PDF reference parsing.
proc_icls-2026.md_38486,handle_1_659,2026,2018,Evaluating Middle School AI Knowledge. Proceedings of the 19th International Conference of the,extracted_from_md_references,Extracted via 0-cost reference block parsing from proceedings markdown; 2016-2022 proceedings reference extraction can be generated via Tier 3 PDF reference parsing.
proc_icls-2026.md_38486,handle_1_892,2026,2018,culturally and relationally meaningful. This shift aligns with recent calls in the learning sciences to examine the,extracted_from_md_references,Extracted via 0-cost reference block parsing from proceedings markdown; 2016-2022 proceedings reference extraction can be generated via Tier 3 PDF reference parsing.
proc_icls-2026.md_38486,handle_1_606,2026,2018,"within academic disciplines  (D’Angelo, 2010). In doing so, we engage the learning sciences in the analysis of",extracted_from_md_references,Extracted via 0-cost reference block parsing from proceedings markdown; 2016-2022 proceedings reference extraction can be generated via Tier 3 PDF reference parsing.
proc_icls-2026.md_38486,handle_1_474,2026,2018,"This work advances learning sciences through three contributions. First, integrated pedagogical design—",extracted_from_md_references,Extracted via 0-cost reference block parsing from proceedings markdown; 2016-2022 proceedings reference extraction can be generated via Tier 3 PDF reference parsing.
proc_icls-2026.md_38486,handle_1_780,2026,2018,"central frameworks for equity -based design in research on the learning sciences, where pedagogy, assessment,",extracted_from_md_references,Extracted via 0-cost reference block parsing from proceedings markdown; 2016-2022 proceedings reference extraction can be generated via Tier 3 PDF reference parsing.
proc_icls-2026.md_38486,handle_1_613,2026,2018,thinking in early childhood. In Proceedings of the 16th International Conference of the Learning,extracted_from_md_references,Extracted via 0-cost reference block parsing from proceedings markdown; 2016-2022 proceedings reference extraction can be generated via Tier 3 PDF reference parsing.
proc_icls-2026.md_38486,handle_1_501,2026,2018,The fields of instructional design and the learning sciences represent distinct approaches to understanding and,extracted_from_md_references,Extracted via 0-cost reference block parsing from proceedings markdown; 2016-2022 proceedings reference extraction can be generated via Tier 3 PDF reference parsing.
proc_icls-2026.md_38486,handle_1_798,2026,2018,learning sciences as a field of study . This transformation was not merely nominal but represented a deep,extracted_from_md_references,Extracted via 0-cost reference block parsing from proceedings markdown; 2016-2022 proceedings reference extraction can be generated via Tier 3 PDF reference parsing.
proc_icls-2026.md_76766,handle_1_828,2026,2018,"learners' and teachers' gestures. Journal of the learning sciences, 21(2), 247-286.",extracted_from_md_references,Extracted via 0-cost reference block parsing from proceedings markdown; 2016-2022 proceedings reference extraction can be generated via Tier 3 PDF reference parsing.
proc_icls-2026.md_76766,handle_1_814,2026,2018,"In recent years, the learning sciences have emphasized that education should not only support students’ acquisition",extracted_from_md_references,Extracted via 0-cost reference block parsing from proceedings markdown; 2016-2022 proceedings reference extraction can be generated via Tier 3 PDF reference parsing.
proc_icls-2026.md_76766,handle_1_865,2026,2018,"Theoretically, this research contributes to the learning sciences by extending KB frameworks to include affective",extracted_from_md_references,Extracted via 0-cost reference block parsing from proceedings markdown; 2016-2022 proceedings reference extraction can be generated via Tier 3 PDF reference parsing.
proc_icls-2026.md_76766,handle_1_892,2026,2018,Recent debates within learning sciences have highlighted the urgency of rethinking how emerging educational,extracted_from_md_references,Extracted via 0-cost reference block parsing from proceedings markdown; 2016-2022 proceedings reference extraction can be generated via Tier 3 PDF reference parsing.
proc_icls-2026.md_76766,handle_1_625,2026,2018,in a higher education literature course. Proceedings of the 19th International Conference of the Learning,extracted_from_md_references,Extracted via 0-cost reference block parsing from proceedings markdown; 2016-2022 proceedings reference extraction can be generated via Tier 3 PDF reference parsing.
proc_icls-2026.md_76766,handle_1_661,2026,2018,Education Pre-service Teachers to Bring Computing to Students with Disabilities. Proceedings of the,extracted_from_md_references,Extracted via 0-cost reference block parsing from proceedings markdown; 2016-2022 proceedings reference extraction can be generated via Tier 3 PDF reference parsing.
proc_icls-2026.md_76766,handle_1_780,2026,2018,"As a hallmark of the Learning Sciences, Design Based Research (DBR) (Brown, 1992; Collins, 1992) allows us",extracted_from_md_references,Extracted via 0-cost reference block parsing from proceedings markdown; 2016-2022 proceedings reference extraction can be generated via Tier 3 PDF reference parsing.
proc_icls-2026.md_76766,handle_1_592,2026,2018,Jurow and researchers’ (2025) discourse on designing for healing within the Learning Sciences. I move across,extracted_from_md_references,Extracted via 0-cost reference block parsing from proceedings markdown; 2016-2022 proceedings reference extraction can be generated via Tier 3 PDF reference parsing.
proc_icls-2026.md_76766,handle_1_715,2026,2018,students' perspectives on integrating generative AI into elementary literacy education. In Proceedings of,extracted_from_md_references,Extracted via 0-cost reference block parsing from proceedings markdown; 2016-2022 proceedings reference extraction can be generated via Tier 3 PDF reference parsing.
proc_icls-2026.md_76766,handle_1_798,2026,2018,"As a field, the International Society of the Learning Sciences is committed to the interdisciplinary study of learning",extracted_from_md_references,Extracted via 0-cost reference block parsing from proceedings markdown; 2016-2022 proceedings reference extraction can be generated via Tier 3 PDF reference parsing.
proc_icls-2026.md_76766,handle_1_525,2026,2018,Towards Identity-Driven Making. In Proceedings of the 19th International Conference of the Learning,extracted_from_md_references,Extracted via 0-cost reference block parsing from proceedings markdown; 2016-2022 proceedings reference extraction can be generated via Tier 3 PDF reference parsing.
proc_icls-2026.md_76766,handle_1_534,2026,2018,argued that transforming the Learning Sciences requires critically examining the social reality created within the,extracted_from_md_references,Extracted via 0-cost reference block parsing from proceedings markdown; 2016-2022 proceedings reference extraction can be generated via Tier 3 PDF reference parsing.
proc_icls-2026.md_76766,handle_1_585,2026,2018,"Karasti, H. (2014). Infrastructuring in participatory design. In Proceedings of the 13th Participatory Design",extracted_from_md_references,Extracted via 0-cost reference block parsing from proceedings markdown; 2016-2022 proceedings reference extraction can be generated via Tier 3 PDF reference parsing.
proc_icls-2026.md_76766,handle_1_518,2026,2018,"learning sciences to critique emergent processes—automatic transcription and forms of tracking (eye -, emotion-,",extracted_from_md_references,Extracted via 0-cost reference block parsing from proceedings markdown; 2016-2022 proceedings reference extraction can be generated via Tier 3 PDF reference parsing.
proc_icls-2026.md_76766,handle_1_707,2026,2018,"Video analytic practices are becoming a common -place tool within the Learning Sciences, particularly through",extracted_from_md_references,Extracted via 0-cost reference block parsing from proceedings markdown; 2016-2022 proceedings reference extraction can be generated via Tier 3 PDF reference parsing.
proc_icls-2026.md_76766,handle_1_858,2026,2018,"makerspaces, at the intersections of learning sciences and learning analytics.",extracted_from_md_references,Extracted via 0-cost reference block parsing from proceedings markdown; 2016-2022 proceedings reference extraction can be generated via Tier 3 PDF reference parsing.
proc_icls-2026.md_76766,handle_1_739,2026,2018,"Participatory digital mapping and the pursuit of a third space.  Journal of the Learning Sciences , 29(1),",extracted_from_md_references,Extracted via 0-cost reference block parsing from proceedings markdown; 2016-2022 proceedings reference extraction can be generated via Tier 3 PDF reference parsing.
proc_icls-2026.md_76766,handle_1_838,2026,2018,foundation of the Exploring Computer Science professional development model. In Proceedings of the,extracted_from_md_references,Extracted via 0-cost reference block parsing from proceedings markdown; 2016-2022 proceedings reference extraction can be generated via Tier 3 PDF reference parsing.
proc_icls-2026.md_76766,handle_1_483,2026,2018,"Law (eds.), Connecting computer -supported collaborative learning to policy and practice: CSCL2011",extracted_from_md_references,Extracted via 0-cost reference block parsing from proceedings markdown; 2016-2022 proceedings reference extraction can be generated via Tier 3 PDF reference parsing.
proc_icls-2026.md_76766,handle_1_474,2026,2018,spatial design influence presence and learning. Through this research we invite audiences at ISLS 2026 conference,extracted_from_md_references,Extracted via 0-cost reference block parsing from proceedings markdown; 2016-2022 proceedings reference extraction can be generated via Tier 3 PDF reference parsing.
proc_icls-2026.md_76766,handle_1_549,2026,2018,learning in online education with a scaffolding- based conversational agent. In  Proceedings of the 2020,extracted_from_md_references,Extracted via 0-cost reference block parsing from proceedings markdown; 2016-2022 proceedings reference extraction can be generated via Tier 3 PDF reference parsing.
proc_icls-2026.md_76766,handle_1_710,2026,2018,"culture participation and experimentation with learning sciences, especially with what we consider through how",extracted_from_md_references,Extracted via 0-cost reference block parsing from proceedings markdown; 2016-2022 proceedings reference extraction can be generated via Tier 3 PDF reference parsing.
proc_icls-2026.md_76766,handle_1_701,2026,2018,"In doing so, the research advances the field of Learning Sciences by bridging education research and",extracted_from_md_references,Extracted via 0-cost reference block parsing from proceedings markdown; 2016-2022 proceedings reference extraction can be generated via Tier 3 PDF reference parsing.
proc_icls-2026.md_76766,handle_1_876,2026,2018,"Testing as a Justification for Learning Computer Science. Journal of the Learning Sciences, 23(3), 272–",extracted_from_md_references,Extracted via 0-cost reference block parsing from proceedings markdown; 2016-2022 proceedings reference extraction can be generated via Tier 3 PDF reference parsing.
proc_icls-2026.md_76766,handle_1_794,2026,2018,"Opportunities to Learn for English Language Learners. Journal of the Learning Sciences, 25(3), 411–",extracted_from_md_references,Extracted via 0-cost reference block parsing from proceedings markdown; 2016-2022 proceedings reference extraction can be generated via Tier 3 PDF reference parsing.
proc_icls-2026.md_76766,handle_1_910,2026,2018,"associated with successful regulation in collaborative learning groups. Journal of the Learning Sciences,",extracted_from_md_references,Extracted via 0-cost reference block parsing from proceedings markdown; 2016-2022 proceedings reference extraction can be generated via Tier 3 PDF reference parsing.
proc_icls-2026.md_76766,handle_1_735,2026,2018,open-ended middle school social robotics curriculum. Proceedings of the International Conference of the,extracted_from_md_references,Extracted via 0-cost reference block parsing from proceedings markdown; 2016-2022 proceedings reference extraction can be generated via Tier 3 PDF reference parsing.
proc_cscl-2026.md_4227,handle_1_828,2026,2018,"Tabak, I., & Kyza, E. A. (2018) Research on scaffolding in the learning sciences: A methodological perspective. In Fisc her,",extracted_from_md_references,Extracted via 0-cost reference block parsing from proceedings markdown; 2016-2022 proceedings reference extraction can be generated via Tier 3 PDF reference parsing.
proc_cscl-2026.md_4227,handle_1_862,2026,2018,"Computer-supported peer feedback is widely employed as a learning strategy in CSCL environments (e.g., Özbek",extracted_from_md_references,Extracted via 0-cost reference block parsing from proceedings markdown; 2016-2022 proceedings reference extraction can be generated via Tier 3 PDF reference parsing.
proc_cscl-2026.md_4227,handle_1_794,2026,2018,Language Model Tools for Project-Based Learning with K12 Teachers. In Proceedings of the 2025 CHI Conference,extracted_from_md_references,Extracted via 0-cost reference block parsing from proceedings markdown; 2016-2022 proceedings reference extraction can be generated via Tier 3 PDF reference parsing.
proc_cscl-2026.md_4227,handle_1_757,2026,2018,"primary school children. Proceedings of 2020 AI and Cloud Computing Conference, 58–62.",extracted_from_md_references,Extracted via 0-cost reference block parsing from proceedings markdown; 2016-2022 proceedings reference extraction can be generated via Tier 3 PDF reference parsing.
proc_cscl-2026.md_4227,handle_1_633,2026,2018,introductory programming: A three-year deployment study on the python tutor website . Proceedings of,extracted_from_md_references,Extracted via 0-cost reference block parsing from proceedings markdown; 2016-2022 proceedings reference extraction can be generated via Tier 3 PDF reference parsing.
proc_cscl-2026.md_4227,handle_1_661,2026,2018,"Wu, W. (2021). SQL2X. Proceedings of the 52nd ACM Technical Symposium on Computer Science Education.",extracted_from_md_references,Extracted via 0-cost reference block parsing from proceedings markdown; 2016-2022 proceedings reference extraction can be generated via Tier 3 PDF reference parsing.
proc_cscl-2026.md_4227,handle_1_483,2026,2018,"(Eds.), Connecting Computer -Supported Collaborative Learning to Policy and Practice: CSCL2011",extracted_from_md_references,Extracted via 0-cost reference block parsing from proceedings markdown; 2016-2022 proceedings reference extraction can be generated via Tier 3 PDF reference parsing.
proc_cscl-2026.md_4227,handle_1_525,2026,2018,This is very much a joint activity with a shared goal of making learning visible. A CSCL activity is built on a,extracted_from_md_references,Extracted via 0-cost reference block parsing from proceedings markdown; 2016-2022 proceedings reference extraction can be generated via Tier 3 PDF reference parsing.
proc_cscl-2026.md_4227,handle_1_890,2026,2018,ordered network analysis. In Proceedings of the 14th Learning Analytics and Knowledge Conference,extracted_from_md_references,Extracted via 0-cost reference block parsing from proceedings markdown; 2016-2022 proceedings reference extraction can be generated via Tier 3 PDF reference parsing.
proc_cscl-2026.md_4227,handle_1_892,2026,2018,"Uttamchandani, S. (2018). Equity in the learning sciences: Recent themes and pathways. International Society of",extracted_from_md_references,Extracted via 0-cost reference block parsing from proceedings markdown; 2016-2022 proceedings reference extraction can be generated via Tier 3 PDF reference parsing.
proc_cscl-2026.md_4227,handle_1_549,2026,2018,learning in online education with a scaffolding- based conversational agent. In Proceedings of the 2020,extracted_from_md_references,Extracted via 0-cost reference block parsing from proceedings markdown; 2016-2022 proceedings reference extraction can be generated via Tier 3 PDF reference parsing.
proc_cscl-2026.md_4227,handle_1_798,2026,2018,CSCL for social emotional learning: Early insights from a large -scale classroom study. Paper accepted,extracted_from_md_references,Extracted via 0-cost reference block parsing from proceedings markdown; 2016-2022 proceedings reference extraction can be generated via Tier 3 PDF reference parsing.
proc_cscl-2026.md_4227,handle_1_910,2026,2018,"For collaborative learning outcome, Mann–Whitney U tests indicated that the SSRLBot-CSCL groups (M = 90.51,",extracted_from_md_references,Extracted via 0-cost reference block parsing from proceedings markdown; 2016-2022 proceedings reference extraction can be generated via Tier 3 PDF reference parsing.
proc_cscl-2026.md_4227,handle_1_517,2026,2018,design. In Proceedings of the 6th conference on Designing Interactive systems (pp. 140- 149).,extracted_from_md_references,Extracted via 0-cost reference block parsing from proceedings markdown; 2016-2022 proceedings reference extraction can be generated via Tier 3 PDF reference parsing.
proc_cscl-2026.md_4227,handle_1_701,2026,2018,"methods, and ways to generalize findings. Although multiple methods are employed in learning sciences research,",extracted_from_md_references,Extracted via 0-cost reference block parsing from proceedings markdown; 2016-2022 proceedings reference extraction can be generated via Tier 3 PDF reference parsing.
proc_cscl-2026.md_31750,handle_1_828,2026,2018,"perspective. In R. K. Sawyer (Ed.), Cambridge handbook of the learning sciences  (pp. 409 –426).",extracted_from_md_references,Extracted via 0-cost reference block parsing from proceedings markdown; 2016-2022 proceedings reference extraction can be generated via Tier 3 PDF reference parsing.
proc_cscl-2026.md_31750,handle_1_498,2026,2018,"in inquiry and autonomous AI use, despite CSCL research on knowledge creation highlighting shared epistemic",extracted_from_md_references,Extracted via 0-cost reference block parsing from proceedings markdown; 2016-2022 proceedings reference extraction can be generated via Tier 3 PDF reference parsing.
proc_cscl-2026.md_31750,handle_1_474,2026,2018,"Through Technology and Curriculum Design. Journal of the Learning Sciences, 8(3– 4), 391–450.",extracted_from_md_references,Extracted via 0-cost reference block parsing from proceedings markdown; 2016-2022 proceedings reference extraction can be generated via Tier 3 PDF reference parsing.
proc_isls-2026,handle_1_212,2026,2017,"of Colleges and Universities, 2023). In the context of computer-supported collaborative learning (CSCL),",extracted_from_md_references,Extracted via 0-cost reference block parsing from proceedings markdown; 2016-2022 proceedings reference extraction can be generated via Tier 3 PDF reference parsing.
proc_isls-2026,handle_1_210,2026,2017,"Queiroz, A. C. M. (2023).  Collaborative tasks in immersive virtual reality increase …  (ISLS Annual Meeting",extracted_from_md_references,Extracted via 0-cost reference block parsing from proceedings markdown; 2016-2022 proceedings reference extraction can be generated via Tier 3 PDF reference parsing.
proc_isls-2026,handle_1_217,2026,2017,"reflection. In G. Stahl (Ed.),  Computer Support for Collaborative Learning: Foundations for a CSCL",extracted_from_md_references,Extracted via 0-cost reference block parsing from proceedings markdown; 2016-2022 proceedings reference extraction can be generated via Tier 3 PDF reference parsing.
proc_isls-2026,handle_1_198,2026,2017,interpretive change in learning sciences readings through a CSCL system for sharing and reflecting on,extracted_from_md_references,Extracted via 0-cost reference block parsing from proceedings markdown; 2016-2022 proceedings reference extraction can be generated via Tier 3 PDF reference parsing.
proc_isls-2026,handle_1_232,2026,2017,"change in complex systems.  Journal of the Learning Sciences ,  24 (2), 204–251.",extracted_from_md_references,Extracted via 0-cost reference block parsing from proceedings markdown; 2016-2022 proceedings reference extraction can be generated via Tier 3 PDF reference parsing.
proc_isls-2026,handle_1_256,2026,2017,Computer Supported  Collaborative  Learning  (CSCL)  community  that  captures  diverse,extracted_from_md_references,Extracted via 0-cost reference block parsing from proceedings markdown; 2016-2022 proceedings reference extraction can be generated via Tier 3 PDF reference parsing.
proc_isls-2026,handle_1_213,2026,2017,Transactivity and knowledge co - construction in collaborative problem solving. In  Proceedings of the,extracted_from_md_references,Extracted via 0-cost reference block parsing from proceedings markdown; 2016-2022 proceedings reference extraction can be generated via Tier 3 PDF reference parsing.
proc_icls-2026,handle_1_231,2026,2017,"collaborative learning processes. The Journal of the Learning Sciences, 12(2), 183–219.",extracted_from_md_references,Extracted via 0-cost reference block parsing from proceedings markdown; 2016-2022 proceedings reference extraction can be generated via Tier 3 PDF reference parsing.
proc_icls-2026,handle_1_256,2026,2017,"collaborative science inquiry. Journal of the Learning Sciences,  28:4-5, 513-555.",extracted_from_md_references,Extracted via 0-cost reference block parsing from proceedings markdown; 2016-2022 proceedings reference extraction can be generated via Tier 3 PDF reference parsing.
proc_icls-2026,handle_1_232,2026,2017,"complex systems (e.g., Gentner, 1983; Chi & Ohlsson, 2005), and (3) Learning Sciences perspectives on situated",extracted_from_md_references,Extracted via 0-cost reference block parsing from proceedings markdown; 2016-2022 proceedings reference extraction can be generated via Tier 3 PDF reference parsing.
proc_icls-2026,handle_1_212,2026,2017,computer-supported collaborative learning (CSCL).,extracted_from_md_references,Extracted via 0-cost reference block parsing from proceedings markdown; 2016-2022 proceedings reference extraction can be generated via Tier 3 PDF reference parsing.
proc_icls-2026.md_38486,handle_1_302,2026,2017,learning sciences also investigated initial implementations of intelligent tutoring systems (ITS) as precursors for,extracted_from_md_references,Extracted via 0-cost reference block parsing from proceedings markdown; 2016-2022 proceedings reference extraction can be generated via Tier 3 PDF reference parsing.
proc_icls-2026.md_38486,handle_1_212,2026,2017,Conference of the Learning Sciences (ICLS) and the Computer-Supported Collaborative Learning (CSCL). ICLS,extracted_from_md_references,Extracted via 0-cost reference block parsing from proceedings markdown; 2016-2022 proceedings reference extraction can be generated via Tier 3 PDF reference parsing.
proc_icls-2026.md_38486,handle_1_305,2026,2017,The study was conducted in the compulsory “Learning Sciences ” course at a Chinese university focused on,extracted_from_md_references,Extracted via 0-cost reference block parsing from proceedings markdown; 2016-2022 proceedings reference extraction can be generated via Tier 3 PDF reference parsing.
proc_icls-2026.md_38486,handle_1_217,2026,2017,"collaboration. In G. Stahl (Ed.), Computer support for collaborative learning: Foundations for a CSCL",extracted_from_md_references,Extracted via 0-cost reference block parsing from proceedings markdown; 2016-2022 proceedings reference extraction can be generated via Tier 3 PDF reference parsing.
proc_icls-2026.md_76766,handle_1_305,2026,2017,preliminary study speaks directly to the ISLS theme of “Partnering with Purpose” by highlighting how students,extracted_from_md_references,Extracted via 0-cost reference block parsing from proceedings markdown; 2016-2022 proceedings reference extraction can be generated via Tier 3 PDF reference parsing.
proc_icls-2026.md_76766,handle_1_232,2026,2017,of Places in Learning and Decision-Making in Complex Socioecological Systems. In Proceedings of the,extracted_from_md_references,Extracted via 0-cost reference block parsing from proceedings markdown; 2016-2022 proceedings reference extraction can be generated via Tier 3 PDF reference parsing.
proc_icls-2026.md_76766,handle_1_256,2026,2017,"collaborative science inquiry. Journal of the Learning Sciences , 28(4–5), 513 –555.",extracted_from_md_references,Extracted via 0-cost reference block parsing from proceedings markdown; 2016-2022 proceedings reference extraction can be generated via Tier 3 PDF reference parsing.
proc_icls-2026.md_76766,handle_1_212,2026,2017,Computer-Supported Collaborative Learning (CSCL ‘26) – Volume 1. International Society of the,extracted_from_md_references,Extracted via 0-cost reference block parsing from proceedings markdown; 2016-2022 proceedings reference extraction can be generated via Tier 3 PDF reference parsing.
proc_icls-2026.md_76766,handle_1_259,2026,2017,"In recent years, collaborative design has emerged in the learning sciences as a key method supporting the",extracted_from_md_references,Extracted via 0-cost reference block parsing from proceedings markdown; 2016-2022 proceedings reference extraction can be generated via Tier 3 PDF reference parsing.
proc_icls-2026.md_76766,handle_1_240,2026,2017,of Multimodal Large Language Models. In Proceedings of the 15th International Learning Analytics and,extracted_from_md_references,Extracted via 0-cost reference block parsing from proceedings markdown; 2016-2022 proceedings reference extraction can be generated via Tier 3 PDF reference parsing.
proc_icls-2026.md_76766,handle_1_243,2026,2017,A Preliminary Network Analysis of Theory and Methods in ICLS,extracted_from_md_references,Extracted via 0-cost reference block parsing from proceedings markdown; 2016-2022 proceedings reference extraction can be generated via Tier 3 PDF reference parsing.
proc_icls-2026.md_76766,handle_1_196,2026,2017,to provide both conceptual clarity and empirical evidence for understanding teachers’ Learning Sciences Literacy,extracted_from_md_references,Extracted via 0-cost reference block parsing from proceedings markdown; 2016-2022 proceedings reference extraction can be generated via Tier 3 PDF reference parsing.
proc_icls-2026.md_76766,handle_1_217,2026,2017,"for improving teachers' Learning Sciences literacy. Modern Educational Technology, 28(12), 13- 20.",extracted_from_md_references,Extracted via 0-cost reference block parsing from proceedings markdown; 2016-2022 proceedings reference extraction can be generated via Tier 3 PDF reference parsing.
proc_icls-2026.md_76766,handle_1_290,2026,2017,"Chan, C. K. K. (2011). From sharing to explanatory knowledge- building discourse. In Proceedings of the 9th",extracted_from_md_references,Extracted via 0-cost reference block parsing from proceedings markdown; 2016-2022 proceedings reference extraction can be generated via Tier 3 PDF reference parsing.
proc_icls-2026.md_76766,handle_1_198,2026,2017,"identities in climate change learning. Journal of the Learning Sciences, 27(1), 8-48.",extracted_from_md_references,Extracted via 0-cost reference block parsing from proceedings markdown; 2016-2022 proceedings reference extraction can be generated via Tier 3 PDF reference parsing.
proc_icls-2026.md_76766,handle_1_266,2026,2017,interpersonal interactions during online collaborative learning. Proceedings of the 9th International,extracted_from_md_references,Extracted via 0-cost reference block parsing from proceedings markdown; 2016-2022 proceedings reference extraction can be generated via Tier 3 PDF reference parsing.
proc_cscl-2026,handle_1_217,2026,2017,in collaborative learning: Does a generative AI- support chatbot matter? In Proceedings of the 2024 the,extracted_from_md_references,Extracted via 0-cost reference block parsing from proceedings markdown; 2016-2022 proceedings reference extraction can be generated via Tier 3 PDF reference parsing.
proc_cscl-2026.md_4227,handle_1_212,2026,2017,on Computer-Supported Collaborative Learning - CSCL 2025 (pp. 425-429). ISLS.,extracted_from_md_references,Extracted via 0-cost reference block parsing from proceedings markdown; 2016-2022 proceedings reference extraction can be generated via Tier 3 PDF reference parsing.
proc_cscl-2026.md_4227,handle_1_217,2026,2017,in collaborative learning: Does a generative AI -support chatbot matter? Proceedings of the 2024 16th,extracted_from_md_references,Extracted via 0-cost reference block parsing from proceedings markdown; 2016-2022 proceedings reference extraction can be generated via Tier 3 PDF reference parsing.
proc_cscl-2026.md_4227,handle_1_213,2026,2017,Transactivity and Knowledge Co-Construction in Collaborative Problem Solving. In Proceedings of the,extracted_from_md_references,Extracted via 0-cost reference block parsing from proceedings markdown; 2016-2022 proceedings reference extraction can be generated via Tier 3 PDF reference parsing.
proc_cscl-2026.md_4227,handle_1_256,2026,2017,"collaborative learning: Foundations for a CSCL community  (pp. 62– 71). Boulder, CO: International",extracted_from_md_references,Extracted via 0-cost reference block parsing from proceedings markdown; 2016-2022 proceedings reference extraction can be generated via Tier 3 PDF reference parsing.
proc_cscl-2026.md_4227,handle_1_259,2026,2017,"design CSCL environments that support older adults’ learning, it is essential to capture the collaborative learning",extracted_from_md_references,Extracted via 0-cost reference block parsing from proceedings markdown; 2016-2022 proceedings reference extraction can be generated via Tier 3 PDF reference parsing.
proc_cscl-2026.md_4227,handle_1_210,2026,2017,"While technology has long been a central component of Computer -Supported Collaborative Learning (CSCL), it",extracted_from_md_references,Extracted via 0-cost reference block parsing from proceedings markdown; 2016-2022 proceedings reference extraction can be generated via Tier 3 PDF reference parsing.
proc_cscl-2026.md_4227,handle_1_266,2026,2017,"al., in press). This CSCL solution is facilitated by the ETS Platform for Collaborative Assessment and Learning",extracted_from_md_references,Extracted via 0-cost reference block parsing from proceedings markdown; 2016-2022 proceedings reference extraction can be generated via Tier 3 PDF reference parsing.
proc_cscl-2026.md_31750,handle_1_256,2026,2017,for the C omputer-Supported Collaborative Learning (CSCL) community. Studies within CSCL might have,extracted_from_md_references,Extracted via 0-cost reference block parsing from proceedings markdown; 2016-2022 proceedings reference extraction can be generated via Tier 3 PDF reference parsing.
proc_cscl-2026.md_31750,handle_1_212,2026,2017,International Conference on Computer-Supported Collaborative Learning - CSCL 2023 (pp. 360–361).,extracted_from_md_references,Extracted via 0-cost reference block parsing from proceedings markdown; 2016-2022 proceedings reference extraction can be generated via Tier 3 PDF reference parsing.
proc_cscl-2026.md_31750,handle_1_246,2026,2017,"multimodal participation in CSCL.  Activity Maps were instrumental in revealing patterns in group interaction,",extracted_from_md_references,Extracted via 0-cost reference block parsing from proceedings markdown; 2016-2022 proceedings reference extraction can be generated via Tier 3 PDF reference parsing.
proc_cscl-2026.md_31750,handle_1_210,2026,2017,Engaging in everyday collaborative activities in social virtual reality. Proceedings of the ACM on,extracted_from_md_references,Extracted via 0-cost reference block parsing from proceedings markdown; 2016-2022 proceedings reference extraction can be generated via Tier 3 PDF reference parsing.
proc_isls-2026,handle_1_315,2026,2016,"operationalizes sociocultural theory, Knowledge Space Theory, and learning sciences principles",extracted_from_md_references,Extracted via 0-cost reference block parsing from proceedings markdown; 2016-2022 proceedings reference extraction can be generated via Tier 3 PDF reference parsing.
proc_isls-2026,handle_1_321,2026,2016,Computer-supported  collaborative  learning  (CSCL)  enables  students  to  build  shared  knowledge  through,extracted_from_md_references,Extracted via 0-cost reference block parsing from proceedings markdown; 2016-2022 proceedings reference extraction can be generated via Tier 3 PDF reference parsing.
proc_isls-2026,handle_1_114,2026,2016,"Within the field of learning sciences, Resonate contributes to teacher professional vision and inclusive",extracted_from_md_references,Extracted via 0-cost reference block parsing from proceedings markdown; 2016-2022 proceedings reference extraction can be generated via Tier 3 PDF reference parsing.
proc_isls-2026,handle_1_351,2026,2016,Science Learning in Middle School.  Proceedings of the 21st Annual ACM Interaction Design and,extracted_from_md_references,Extracted via 0-cost reference block parsing from proceedings markdown; 2016-2022 proceedings reference extraction can be generated via Tier 3 PDF reference parsing.
proc_isls-2026,handle_1_381,2026,2016,"role learning sciences can play in shaping them, create space for participants to share current work and articulate",extracted_from_md_references,Extracted via 0-cost reference block parsing from proceedings markdown; 2016-2022 proceedings reference extraction can be generated via Tier 3 PDF reference parsing.
proc_isls-2026,handle_1_328,2026,2016,"Järvelä, S., Kirschner, P. A., Hadwin, A., et al. (2016). Socially shared regulation of learning in CSCL:",extracted_from_md_references,Extracted via 0-cost reference block parsing from proceedings markdown; 2016-2022 proceedings reference extraction can be generated via Tier 3 PDF reference parsing.
proc_isls-2026,handle_1_383,2026,2016,"This workshop is designed for researchers and practitioners in educational technology, the learning sciences,",extracted_from_md_references,Extracted via 0-cost reference block parsing from proceedings markdown; 2016-2022 proceedings reference extraction can be generated via Tier 3 PDF reference parsing.
proc_isls-2026,handle_1_164,2026,2016,Information Science Education through a Learning Sciences Lens. [ Manuscript under review ],extracted_from_md_references,Extracted via 0-cost reference block parsing from proceedings markdown; 2016-2022 proceedings reference extraction can be generated via Tier 3 PDF reference parsing.
proc_isls-2026,handle_1_318,2026,2016,knowledge is of particular theoretical interest to us as well as to the learning sciences” (p. 572). Through studies,extracted_from_md_references,Extracted via 0-cost reference block parsing from proceedings markdown; 2016-2022 proceedings reference extraction can be generated via Tier 3 PDF reference parsing.
proc_isls-2026,handle_1_378,2026,2016,orientation to learning analytics in CSCL contexts: (1) using learning analytics techniques as an analytical lens to,extracted_from_md_references,Extracted via 0-cost reference block parsing from proceedings markdown; 2016-2022 proceedings reference extraction can be generated via Tier 3 PDF reference parsing.
proc_isls-2026,handle_1_179,2026,2016,science education and learning sciences research: the disconnect between the things learned in schools and,extracted_from_md_references,Extracted via 0-cost reference block parsing from proceedings markdown; 2016-2022 proceedings reference extraction can be generated via Tier 3 PDF reference parsing.
proc_icls-2026,handle_1_179,2026,2016,"learning sciences, mathematics education, and science education. Review of research in education, 44(1).",extracted_from_md_references,Extracted via 0-cost reference block parsing from proceedings markdown; 2016-2022 proceedings reference extraction can be generated via Tier 3 PDF reference parsing.
proc_icls-2026,handle_1_114,2026,2016,case of teacher professional learning. Many of us in the Learning Sciences are doing tremendous work in,extracted_from_md_references,Extracted via 0-cost reference block parsing from proceedings markdown; 2016-2022 proceedings reference extraction can be generated via Tier 3 PDF reference parsing.
proc_icls-2026,handle_1_321,2026,2016,for last mile students in Africa. In Proceedings of the 13th Learning Analytics and Knowledge,extracted_from_md_references,Extracted via 0-cost reference block parsing from proceedings markdown; 2016-2022 proceedings reference extraction can be generated via Tier 3 PDF reference parsing.
proc_icls-2026,handle_1_161,2026,2016,Learning Sciences (Productive Disciplinary Engagement) to reframe engagement as pursuit - a,extracted_from_md_references,Extracted via 0-cost reference block parsing from proceedings markdown; 2016-2022 proceedings reference extraction can be generated via Tier 3 PDF reference parsing.
proc_icls-2026,handle_1_137,2026,2016,"data trends and personal experiences. Information and Learning Sciences, 125(11/12), 1126- 1145.",extracted_from_md_references,Extracted via 0-cost reference block parsing from proceedings markdown; 2016-2022 proceedings reference extraction can be generated via Tier 3 PDF reference parsing.
proc_icls-2026,handle_1_351,2026,2016,learned from teaching artificial intelligence to middle school students. In Proceedings of the 54th ACM,extracted_from_md_references,Extracted via 0-cost reference block parsing from proceedings markdown; 2016-2022 proceedings reference extraction can be generated via Tier 3 PDF reference parsing.
proc_icls-2026,handle_1_375,2026,2016,"Sawyer, R. K. (2022). The learning sciences in the 2020s: Implications for schools and beyond. In R. K. Sawyer",extracted_from_md_references,Extracted via 0-cost reference block parsing from proceedings markdown; 2016-2022 proceedings reference extraction can be generated via Tier 3 PDF reference parsing.
proc_icls-2026,handle_1_320,2026,2016,"In the field of learning sciences, Design -Based Research (DBR) is an important part of designing technology-",extracted_from_md_references,Extracted via 0-cost reference block parsing from proceedings markdown; 2016-2022 proceedings reference extraction can be generated via Tier 3 PDF reference parsing.
proc_icls-2026.md_38486,handle_1_315,2026,2016,"Back to Scientific Investigation. Journal of the Learning Sciences, 9(1), 7 –30.",extracted_from_md_references,Extracted via 0-cost reference block parsing from proceedings markdown; 2016-2022 proceedings reference extraction can be generated via Tier 3 PDF reference parsing.
proc_icls-2026.md_38486,handle_1_351,2026,2016,learning in middle school. In Proceedings of the 21st Annual ACM Interaction Design and Children,extracted_from_md_references,Extracted via 0-cost reference block parsing from proceedings markdown; 2016-2022 proceedings reference extraction can be generated via Tier 3 PDF reference parsing.
proc_icls-2026.md_38486,handle_1_372,2026,2016,"communities. So, the design of educational technologies also needs to attend to equity. While the learning sciences",extracted_from_md_references,Extracted via 0-cost reference block parsing from proceedings markdown; 2016-2022 proceedings reference extraction can be generated via Tier 3 PDF reference parsing.
proc_icls-2026.md_38486,handle_1_381,2026,2016,"Winters, 2021). These technological developments also powered learning sciences research in computer science",extracted_from_md_references,Extracted via 0-cost reference block parsing from proceedings markdown; 2016-2022 proceedings reference extraction can be generated via Tier 3 PDF reference parsing.
proc_icls-2026.md_38486,handle_1_375,2026,2016,"Across the Learning Sciences, researchers increasingly recognize co-design as a central methodology for creating",extracted_from_md_references,Extracted via 0-cost reference block parsing from proceedings markdown; 2016-2022 proceedings reference extraction can be generated via Tier 3 PDF reference parsing.
proc_icls-2026.md_38486,handle_1_179,2026,2016,As the learning sciences community increasingly emphasises making science and technology education,extracted_from_md_references,Extracted via 0-cost reference block parsing from proceedings markdown; 2016-2022 proceedings reference extraction can be generated via Tier 3 PDF reference parsing.
proc_icls-2026.md_38486,handle_1_182,2026,2016,in high school classrooms. Proceedings of the 57th ACM Technical Symposium on Computer Science,extracted_from_md_references,Extracted via 0-cost reference block parsing from proceedings markdown; 2016-2022 proceedings reference extraction can be generated via Tier 3 PDF reference parsing.
proc_icls-2026.md_38486,handle_1_114,2026,2016,for Teacher Professional Learning about STEM -based Computational Activities. In  Proceedings of the,extracted_from_md_references,Extracted via 0-cost reference block parsing from proceedings markdown; 2016-2022 proceedings reference extraction can be generated via Tier 3 PDF reference parsing.
proc_icls-2026.md_38486,handle_1_384,2026,2016,professional development for cs principles teachers. In Proceedings of the 2017 ACM Conference on,extracted_from_md_references,Extracted via 0-cost reference block parsing from proceedings markdown; 2016-2022 proceedings reference extraction can be generated via Tier 3 PDF reference parsing.
proc_icls-2026.md_76766,handle_1_179,2026,2016,"expertise in science education and learning sciences , one of whom was visiting the university on a prestigious",extracted_from_md_references,Extracted via 0-cost reference block parsing from proceedings markdown; 2016-2022 proceedings reference extraction can be generated via Tier 3 PDF reference parsing.
proc_icls-2026.md_76766,handle_1_375,2026,2016,"The learning sciences grew from a need to study learning in authentic, sometimes messy, contexts beyond",extracted_from_md_references,Extracted via 0-cost reference block parsing from proceedings markdown; 2016-2022 proceedings reference extraction can be generated via Tier 3 PDF reference parsing.
proc_icls-2026.md_76766,handle_1_313,2026,2016,integration of ethics across the Computer Science curriculum. Proceedings of the 52nd ACM Technical,extracted_from_md_references,Extracted via 0-cost reference block parsing from proceedings markdown; 2016-2022 proceedings reference extraction can be generated via Tier 3 PDF reference parsing.
proc_icls-2026.md_76766,handle_1_164,2026,2016,Using Universal Design for Learning in Elementary Computer Science Education. Proceedings of the,extracted_from_md_references,Extracted via 0-cost reference block parsing from proceedings markdown; 2016-2022 proceedings reference extraction can be generated via Tier 3 PDF reference parsing.
proc_icls-2026.md_76766,handle_1_381,2026,2016,"Learning Sciences have historically co-designed with teachers, recent developments have begun",extracted_from_md_references,Extracted via 0-cost reference block parsing from proceedings markdown; 2016-2022 proceedings reference extraction can be generated via Tier 3 PDF reference parsing.
proc_icls-2026.md_76766,handle_1_358,2026,2016,"Drawing on learning sciences frameworks for designing effective learning environments (Bransford, Brown, &",extracted_from_md_references,Extracted via 0-cost reference block parsing from proceedings markdown; 2016-2022 proceedings reference extraction can be generated via Tier 3 PDF reference parsing.
proc_icls-2026.md_76766,handle_1_315,2026,2016,"(Eds.), Power and privilege in the learning sciences: Critical and sociocultural theories of learning (pp.",extracted_from_md_references,Extracted via 0-cost reference block parsing from proceedings markdown; 2016-2022 proceedings reference extraction can be generated via Tier 3 PDF reference parsing.
proc_icls-2026.md_76766,handle_1_351,2026,2016,machine learning: A card -based design workshop for high school students. In Proceedings of the 2020,extracted_from_md_references,Extracted via 0-cost reference block parsing from proceedings markdown; 2016-2022 proceedings reference extraction can be generated via Tier 3 PDF reference parsing.
proc_icls-2026.md_76766,handle_1_114,2026,2016,learning sciences who argue  that micro -genetic studies of teacher learning in professional development can,extracted_from_md_references,Extracted via 0-cost reference block parsing from proceedings markdown; 2016-2022 proceedings reference extraction can be generated via Tier 3 PDF reference parsing.
proc_icls-2026.md_76766,handle_1_99,2026,2016,This session is intentionally structured to foster interdisciplinary dialogue between empirical learning sciences,extracted_from_md_references,Extracted via 0-cost reference block parsing from proceedings markdown; 2016-2022 proceedings reference extraction can be generated via Tier 3 PDF reference parsing.
proc_icls-2026.md_76766,handle_1_119,2026,2016,"learning sciences principles that view knowledge as enacted and learning as a situated, participatory, and tool -",extracted_from_md_references,Extracted via 0-cost reference block parsing from proceedings markdown; 2016-2022 proceedings reference extraction can be generated via Tier 3 PDF reference parsing.
proc_icls-2026.md_76766,handle_1_318,2026,2016,"Scardamalia, M., & Bereiter, C. (2006). Knowledge building. The Cambridge handbook of the learning sciences",extracted_from_md_references,Extracted via 0-cost reference block parsing from proceedings markdown; 2016-2022 proceedings reference extraction can be generated via Tier 3 PDF reference parsing.
proc_icls-2026.md_76766,handle_1_183,2026,2016,awareness of computational thinking pathways across a large school district. In Proceedings of the 55th,extracted_from_md_references,Extracted via 0-cost reference block parsing from proceedings markdown; 2016-2022 proceedings reference extraction can be generated via Tier 3 PDF reference parsing.
proc_icls-2026.md_76766,handle_1_190,2026,2016,Our project team includes three learning sciences (LS) researchers and two faculty from a school of architecture,extracted_from_md_references,Extracted via 0-cost reference block parsing from proceedings markdown; 2016-2022 proceedings reference extraction can be generated via Tier 3 PDF reference parsing.
proc_cscl-2026.md_4227,handle_1_328,2026,2016,learning in CSCL: Progress of socially shared regulation among high- and low -performing groups.,extracted_from_md_references,Extracted via 0-cost reference block parsing from proceedings markdown; 2016-2022 proceedings reference extraction can be generated via Tier 3 PDF reference parsing.
proc_cscl-2026.md_4227,handle_1_318,2026,2016,quantity-based metrics. Prior research in Computer -Supported Collaborative Learning (CSCL) and Knowledge,extracted_from_md_references,Extracted via 0-cost reference block parsing from proceedings markdown; 2016-2022 proceedings reference extraction can be generated via Tier 3 PDF reference parsing.
proc_cscl-2026.md_4227,handle_1_361,2026,2016,Supported Collaborative Learning (CSCL) as it reflects the real -time cognitive and emotional,extracted_from_md_references,Extracted via 0-cost reference block parsing from proceedings markdown; 2016-2022 proceedings reference extraction can be generated via Tier 3 PDF reference parsing.
proc_cscl-2026.md_4227,handle_1_358,2026,2016,Enhancing socially shared regulation in collaborative learning groups: Designing for CSCL regulation,extracted_from_md_references,Extracted via 0-cost reference block parsing from proceedings markdown; 2016-2022 proceedings reference extraction can be generated via Tier 3 PDF reference parsing.
proc_cscl-2026.md_4227,handle_1_351,2026,2016,learning (CSCL) environment in which small groups of middle school students investigate the algae-related causes,extracted_from_md_references,Extracted via 0-cost reference block parsing from proceedings markdown; 2016-2022 proceedings reference extraction can be generated via Tier 3 PDF reference parsing.
proc_cscl-2026.md_4227,handle_1_179,2026,2016,"Research in Science Education, 51(Suppl 1),  159-182. learning conversations. Proceedings of E -Learn",extracted_from_md_references,Extracted via 0-cost reference block parsing from proceedings markdown; 2016-2022 proceedings reference extraction can be generated via Tier 3 PDF reference parsing.
proc_cscl-2026.md_4227,handle_1_181,2026,2016,Three-dimensional interactive simulations can support spatial reasoning and shared problem -solving in CSCL,extracted_from_md_references,Extracted via 0-cost reference block parsing from proceedings markdown; 2016-2022 proceedings reference extraction can be generated via Tier 3 PDF reference parsing.
proc_cscl-2026.md_4227,handle_1_381,2026,2016,"annotation in online classes. Information and Learning Sciences, 121(5/6), 261- 271.",extracted_from_md_references,Extracted via 0-cost reference block parsing from proceedings markdown; 2016-2022 proceedings reference extraction can be generated via Tier 3 PDF reference parsing.
proc_cscl-2026.md_4227,handle_1_375,2026,2016,pandemic and beyond. In Proceedings of the 19th International Conference of the Learning Sciences –,extracted_from_md_references,Extracted via 0-cost reference block parsing from proceedings markdown; 2016-2022 proceedings reference extraction can be generated via Tier 3 PDF reference parsing.
proc_cscl-2026.md_4227,handle_1_367,2026,2016,Design implications for CSCL: Constructive politics and solidarity-centered learning,extracted_from_md_references,Extracted via 0-cost reference block parsing from proceedings markdown; 2016-2022 proceedings reference extraction can be generated via Tier 3 PDF reference parsing.
proc_cscl-2026.md_4227,handle_1_315,2026,2016,"Esmonde, I., & Booker, A. (Eds.). (2017). Power and privilege in the learning sciences: Critical and sociocultural",extracted_from_md_references,Extracted via 0-cost reference block parsing from proceedings markdown; 2016-2022 proceedings reference extraction can be generated via Tier 3 PDF reference parsing.
proc_cscl-2026.md_31750,handle_1_381,2026,2016,"annotation in online classes. Information and Learning Sciences, 121(5/6), 261-271.",extracted_from_md_references,Extracted via 0-cost reference block parsing from proceedings markdown; 2016-2022 proceedings reference extraction can be generated via Tier 3 PDF reference parsing.
proc_cscl-2026.md_31750,handle_1_361,2026,2016,"reflective, collaborative pedagogical structures.  This study extends learning sciences research by showing how",extracted_from_md_references,Extracted via 0-cost reference block parsing from proceedings markdown; 2016-2022 proceedings reference extraction can be generated via Tier 3 PDF reference parsing.
proc_cscl-2026.md_31750,handle_1_325,2026,2016,"learning (CSCL). Edelson et al. (1999) identified key learning opportunities, including developing inquiry skills",extracted_from_md_references,Extracted via 0-cost reference block parsing from proceedings markdown; 2016-2022 proceedings reference extraction can be generated via Tier 3 PDF reference parsing.
proc_cscl-2026.md_31750,handle_1_179,2026,2016,to Facilitate Collaborative Learning in Science Education. In  Proceedings of the 22nd Annual ACM,extracted_from_md_references,Extracted via 0-cost reference block parsing from proceedings markdown; 2016-2022 proceedings reference extraction can be generated via Tier 3 PDF reference parsing.
proc_cscl-2026.md_31750,handle_1_351,2026,2016,"Filter Bubbles to Middle School Students. Proceedings of the AAAI Conference on Artificial Intelligence,",extracted_from_md_references,Extracted via 0-cost reference block parsing from proceedings markdown; 2016-2022 proceedings reference extraction can be generated via Tier 3 PDF reference parsing.
proc_icls-2025,handle_1_11235,2025,2025,Helping Teacher Candidates See Students’ Strengths. ISLS 2025 proceedings.,extracted_from_md_references,Extracted via 0-cost reference block parsing from proceedings markdown; 2016-2022 proceedings reference extraction can be generated via Tier 3 PDF reference parsing.
proc_icls-2025,handle_1_11331,2025,2025,"with the ICLS 2025 theme, these teachers are contributing, in nascent ways, to world-making with their students.",extracted_from_md_references,Extracted via 0-cost reference block parsing from proceedings markdown; 2016-2022 proceedings reference extraction can be generated via Tier 3 PDF reference parsing.
proc_icls-2025,handle_1_11439,2025,2025,Learning Sciences - ICLS 2024 (pp. 242-249). International Society of the Learning Sciences.,extracted_from_md_references,Extracted via 0-cost reference block parsing from proceedings markdown; 2016-2022 proceedings reference extraction can be generated via Tier 3 PDF reference parsing.
proc_icls-2025,handle_1_11509,2025,2025,"learning sciences, deeper conceptualizations and stronger ties to learning theory are needed.",extracted_from_md_references,Extracted via 0-cost reference block parsing from proceedings markdown; 2016-2022 proceedings reference extraction can be generated via Tier 3 PDF reference parsing.
proc_icls-2025,handle_1_11651,2025,2025,Evaluating Lesson Plans With a Research -Practitioner Partnership Rubric. In Proceedings of the 17th,extracted_from_md_references,Extracted via 0-cost reference block parsing from proceedings markdown; 2016-2022 proceedings reference extraction can be generated via Tier 3 PDF reference parsing.
proc_icls-2025,handle_1_11526,2025,2025,design ideation with a Large Language Model. In Proceedings of the CHI Conference on Human Factors,extracted_from_md_references,Extracted via 0-cost reference block parsing from proceedings markdown; 2016-2022 proceedings reference extraction can be generated via Tier 3 PDF reference parsing.
proc_icls-2025,handle_1_11839,2025,2025,"for promoting interdisciplinary learning in schools. Journal of the Learning Sciences, 33(2), 242-283.",extracted_from_md_references,Extracted via 0-cost reference block parsing from proceedings markdown; 2016-2022 proceedings reference extraction can be generated via Tier 3 PDF reference parsing.
proc_icls-2025,handle_1_11442,2025,2025,The learning sciences have advanced our understanding of learning by recognizing the practices and literacies of,extracted_from_md_references,Extracted via 0-cost reference block parsing from proceedings markdown; 2016-2022 proceedings reference extraction can be generated via Tier 3 PDF reference parsing.
proc_icls-2025,handle_1_11271,2025,2025,"epistemologies, there is still a need for increased socio-epistemic heterogeneity in the learning sciences. Tsovaltzi",extracted_from_md_references,Extracted via 0-cost reference block parsing from proceedings markdown; 2016-2022 proceedings reference extraction can be generated via Tier 3 PDF reference parsing.
proc_icls-2025,handle_1_11480,2025,2025,"present possibilities, encouraging learning sciences to embrace being both designers and subjects of our co-created",extracted_from_md_references,Extracted via 0-cost reference block parsing from proceedings markdown; 2016-2022 proceedings reference extraction can be generated via Tier 3 PDF reference parsing.
proc_icls-2025,handle_1_11321,2025,2025,"learning sciences to ""expand"" and ""broaden"" what counts as Western science must trouble the material and the",extracted_from_md_references,Extracted via 0-cost reference block parsing from proceedings markdown; 2016-2022 proceedings reference extraction can be generated via Tier 3 PDF reference parsing.
proc_icls-2025,handle_1_11481,2025,2025,dimensions and calling for more sustainable approaches —work that needs to continue in the Learning Sciences.,extracted_from_md_references,Extracted via 0-cost reference block parsing from proceedings markdown; 2016-2022 proceedings reference extraction can be generated via Tier 3 PDF reference parsing.
proc_icls-2025.md_52695,handle_1_11439,2025,2025,local climate action projec ts? International Society of the Learning Sciences.,extracted_from_md_references,Extracted via 0-cost reference block parsing from proceedings markdown; 2016-2022 proceedings reference extraction can be generated via Tier 3 PDF reference parsing.
proc_icls-2025.md_52695,handle_1_11889,2025,2025,participatory design. In Proceedings of the 2017 conference on interaction design and children (pp. 27-,extracted_from_md_references,Extracted via 0-cost reference block parsing from proceedings markdown; 2016-2022 proceedings reference extraction can be generated via Tier 3 PDF reference parsing.
proc_icls-2025.md_52695,handle_1_11711,2025,2025,"for user-centered design in education. Information and Learning Sciences, 122(11/12), 689-708.",extracted_from_md_references,Extracted via 0-cost reference block parsing from proceedings markdown; 2016-2022 proceedings reference extraction can be generated via Tier 3 PDF reference parsing.
proc_icls-2025.md_52695,handle_1_11573,2025,2025,"should every child know about AI? In Proceedings of the AAAI Conference on Artificial Intelligence,",extracted_from_md_references,Extracted via 0-cost reference block parsing from proceedings markdown; 2016-2022 proceedings reference extraction can be generated via Tier 3 PDF reference parsing.
proc_icls-2025.md_52695,handle_1_11271,2025,2025,Are We Still Teaching the Same Learning Sciences? A Ten-Year,extracted_from_md_references,Extracted via 0-cost reference block parsing from proceedings markdown; 2016-2022 proceedings reference extraction can be generated via Tier 3 PDF reference parsing.
proc_icls-2025.md_52695,handle_1_11943,2025,2025,online interactive collaborative game design. In  Proceedings of the Genetic and Evolutionary,extracted_from_md_references,Extracted via 0-cost reference block parsing from proceedings markdown; 2016-2022 proceedings reference extraction can be generated via Tier 3 PDF reference parsing.
proc_icls-2025.md_52695,handle_1_11362,2025,2025,"Reading the ISLS 2025 conference proceedings you see a paper titled ‘ The overlooked potential of gamebooks’,",extracted_from_md_references,Extracted via 0-cost reference block parsing from proceedings markdown; 2016-2022 proceedings reference extraction can be generated via Tier 3 PDF reference parsing.
proc_icls-2025.md_52695,handle_1_11481,2025,2025,We contribute to embodied technology in learning sciences by developing an embodied learning environment that,extracted_from_md_references,Extracted via 0-cost reference block parsing from proceedings markdown; 2016-2022 proceedings reference extraction can be generated via Tier 3 PDF reference parsing.
proc_icls-2025.md_52695,handle_1_11385,2025,2025,Towards a Learning Sciences-Informed Framework for,extracted_from_md_references,Extracted via 0-cost reference block parsing from proceedings markdown; 2016-2022 proceedings reference extraction can be generated via Tier 3 PDF reference parsing.
proc_icls-2025.md_123078,handle_1_11439,2025,2025,Conference of the Learning Sciences - ICLS 2022 (pp. 735-742). International Society of the Learning,extracted_from_md_references,Extracted via 0-cost reference block parsing from proceedings markdown; 2016-2022 proceedings reference extraction can be generated via Tier 3 PDF reference parsing.
proc_icls-2025.md_123078,handle_1_11482,2025,2025,"This work contributes to the learning sciences by theorizing learning as kin -making. As the last two timescapes,",extracted_from_md_references,Extracted via 0-cost reference block parsing from proceedings markdown; 2016-2022 proceedings reference extraction can be generated via Tier 3 PDF reference parsing.
proc_icls-2025.md_123078,handle_1_11476,2025,2025,The ISLS 2025 symposium will continue to work to articulate a vision toward the future(s) of educational design,extracted_from_md_references,Extracted via 0-cost reference block parsing from proceedings markdown; 2016-2022 proceedings reference extraction can be generated via Tier 3 PDF reference parsing.
proc_icls-2025.md_123078,handle_1_11480,2025,2025,Decolonial and Postcolonial Possibilities for the Learning Sciences,extracted_from_md_references,Extracted via 0-cost reference block parsing from proceedings markdown; 2016-2022 proceedings reference extraction can be generated via Tier 3 PDF reference parsing.
proc_icls-2025.md_123078,handle_1_11481,2025,2025,Centering epistemic justice in learning sciences: Methodological reflections,extracted_from_md_references,Extracted via 0-cost reference block parsing from proceedings markdown; 2016-2022 proceedings reference extraction can be generated via Tier 3 PDF reference parsing.
proc_icls-2025.md_123078,handle_1_11271,2025,2025,"& McKinney de Royston, 2019). Within the learning sciences, attention to racial-ideological tensions in teaching",extracted_from_md_references,Extracted via 0-cost reference block parsing from proceedings markdown; 2016-2022 proceedings reference extraction can be generated via Tier 3 PDF reference parsing.
proc_icls-2025.md_123078,handle_1_11839,2025,2025,"drances for promoting interdisciplinary learning in schools. The Journal of the Learning Sciences, 33(2),",extracted_from_md_references,Extracted via 0-cost reference block parsing from proceedings markdown; 2016-2022 proceedings reference extraction can be generated via Tier 3 PDF reference parsing.
proc_icls-2025.md_123078,handle_1_11621,2025,2025,"Greeno, J. (2006). Learning in Activity. In R. Sawyer (Ed.). The Cambridge Handbook of the Learning Sciences",extracted_from_md_references,Extracted via 0-cost reference block parsing from proceedings markdown; 2016-2022 proceedings reference extraction can be generated via Tier 3 PDF reference parsing.
proc_icls-2025.md_123078,handle_1_11573,2025,2025,"every child know about AI?. In Proceedings of AAAI Conf on Artificial Intelligence, 33 (01), 9795-9799.",extracted_from_md_references,Extracted via 0-cost reference block parsing from proceedings markdown; 2016-2022 proceedings reference extraction can be generated via Tier 3 PDF reference parsing.
proc_icls-2025.md_123078,handle_1_11510,2025,2025,"the learning sciences. Learning designers could consider multiple, co- existing conceptualizations of creativity,",extracted_from_md_references,Extracted via 0-cost reference block parsing from proceedings markdown; 2016-2022 proceedings reference extraction can be generated via Tier 3 PDF reference parsing.
proc_icls-2025.md_123078,handle_1_11689,2025,2025,"on program designs and student outcomes ( Ngo et al., 2018), and Lee’s expertise in the learning sciences and",extracted_from_md_references,Extracted via 0-cost reference block parsing from proceedings markdown; 2016-2022 proceedings reference extraction can be generated via Tier 3 PDF reference parsing.
proc_icls-2025.md_123078,handle_1_11648,2025,2025,"collaboration among early career scholars in ISLS. We propose creating tangible entry points,",extracted_from_md_references,Extracted via 0-cost reference block parsing from proceedings markdown; 2016-2022 proceedings reference extraction can be generated via Tier 3 PDF reference parsing.
proc_icls-2025.md_123078,handle_1_11869,2025,2025,"(ISLS), we explore how to cultivate and sustain interdisciplinary collaboration. While extensive research has",extracted_from_md_references,Extracted via 0-cost reference block parsing from proceedings markdown; 2016-2022 proceedings reference extraction can be generated via Tier 3 PDF reference parsing.
proc_icls-2025.md_123078,handle_1_11949,2025,2025,"Lacher, L. L., & Biehl, C. (2019). Does social sensitivity impact virtual teams? SIGCSE 2019 - Proceedings of",extracted_from_md_references,Extracted via 0-cost reference block parsing from proceedings markdown; 2016-2022 proceedings reference extraction can be generated via Tier 3 PDF reference parsing.
proc_icls-2025.md_123078,handle_1_11889,2025,2025,Participatory Design. In Proceedings of the 2017 Conference on Interaction Design and Children (IDC,extracted_from_md_references,Extracted via 0-cost reference block parsing from proceedings markdown; 2016-2022 proceedings reference extraction can be generated via Tier 3 PDF reference parsing.
proc_cscl-2025,handle_1_11439,2025,2025,698-705). International Society of the Learning Sciences.,extracted_from_md_references,Extracted via 0-cost reference block parsing from proceedings markdown; 2016-2022 proceedings reference extraction can be generated via Tier 3 PDF reference parsing.
proc_cscl-2025,handle_1_11938,2025,2025,Shared Conceptual Ground in CSCL: Evidence from a Global,extracted_from_md_references,Extracted via 0-cost reference block parsing from proceedings markdown; 2016-2022 proceedings reference extraction can be generated via Tier 3 PDF reference parsing.
proc_cscl-2025,handle_1_11550,2025,2025,section featured five open-ended and multiple-choice questions related to the definition of CSCL and collaborative,extracted_from_md_references,Extracted via 0-cost reference block parsing from proceedings markdown; 2016-2022 proceedings reference extraction can be generated via Tier 3 PDF reference parsing.
proc_cscl-2025,handle_1_11857,2025,2025,"practices within a CSCL context, providing a foundation for adaptive scaffolding. After presenting the clustering",extracted_from_md_references,Extracted via 0-cost reference block parsing from proceedings markdown; 2016-2022 proceedings reference extraction can be generated via Tier 3 PDF reference parsing.
proc_cscl-2025,handle_1_11833,2025,2025,"influences learners’ mental effort and task performance in CSCL, providing new perspectives on the role of group",extracted_from_md_references,Extracted via 0-cost reference block parsing from proceedings markdown; 2016-2022 proceedings reference extraction can be generated via Tier 3 PDF reference parsing.
proc_cscl-2025,handle_1_11662,2025,2025,Physical Computing Curriculum.  In Proceedings of the 55th ACM Technical Symposium on Computer,extracted_from_md_references,Extracted via 0-cost reference block parsing from proceedings markdown; 2016-2022 proceedings reference extraction can be generated via Tier 3 PDF reference parsing.
proc_cscl-2025,handle_1_11400,2025,2025,Metaphors Reveal about Their Understanding of Research?.  Proceedings of the 19th International,extracted_from_md_references,Extracted via 0-cost reference block parsing from proceedings markdown; 2016-2022 proceedings reference extraction can be generated via Tier 3 PDF reference parsing.
proc_cscl-2025,handle_1_11852,2025,2025,Deepening our Epistemic Scripts: CSCL at the Intersection of,extracted_from_md_references,Extracted via 0-cost reference block parsing from proceedings markdown; 2016-2022 proceedings reference extraction can be generated via Tier 3 PDF reference parsing.
proc_cscl-2025,handle_1_11856,2025,2025,The Evolution of Shared Artifacts in CSCL: A Knowledge Synthesis,extracted_from_md_references,Extracted via 0-cost reference block parsing from proceedings markdown; 2016-2022 proceedings reference extraction can be generated via Tier 3 PDF reference parsing.
proc_cscl-2025,handle_1_11526,2025,2025,"(CSCL) settings. In doing so, we also explore the potential of ChatGPT (using the GPT-4o large language model",extracted_from_md_references,Extracted via 0-cost reference block parsing from proceedings markdown; 2016-2022 proceedings reference extraction can be generated via Tier 3 PDF reference parsing.
proc_cscl-2025,handle_1_11907,2025,2025,ask:  How do students collaboratively design directed actions (DAs) for their peers within a CSCL system?  We,extracted_from_md_references,Extracted via 0-cost reference block parsing from proceedings markdown; 2016-2022 proceedings reference extraction can be generated via Tier 3 PDF reference parsing.
proc_cscl-2025,handle_1_11875,2025,2025,"rate, Pair Programming, CSCL, cognitive equilibrium, mental effort.",extracted_from_md_references,Extracted via 0-cost reference block parsing from proceedings markdown; 2016-2022 proceedings reference extraction can be generated via Tier 3 PDF reference parsing.
proc_cscl-2025,handle_1_11966,2025,2025,A Proactive Speech Agent for Metacognitive Mediation in Collaborative Learning. In  Proceedings of,extracted_from_md_references,Extracted via 0-cost reference block parsing from proceedings markdown; 2016-2022 proceedings reference extraction can be generated via Tier 3 PDF reference parsing.
proc_cscl-2025,handle_1_11937,2025,2025,"Dillenbourg, 1999). Extending CSCL principles, Knowledge Building Theory (KBT) (Scardamalia & Bereiter,",extracted_from_md_references,Extracted via 0-cost reference block parsing from proceedings markdown; 2016-2022 proceedings reference extraction can be generated via Tier 3 PDF reference parsing.
proc_cscl-2025,handle_1_11881,2025,2025,"and joint attention. Overall, joint attention instruction can guide learners’ focus in CSCL settings.",extracted_from_md_references,Extracted via 0-cost reference block parsing from proceedings markdown; 2016-2022 proceedings reference extraction can be generated via Tier 3 PDF reference parsing.
proc_cscl-2025.md_21655,handle_1_11439,2025,2025,2021. . International Society of the Learning Sciences.,extracted_from_md_references,Extracted via 0-cost reference block parsing from proceedings markdown; 2016-2022 proceedings reference extraction can be generated via Tier 3 PDF reference parsing.
proc_cscl-2025.md_21655,handle_1_11893,2025,2025,Generalizable Detection of Urgency of Discussion Forum Posts. Proceedings of the 16th International,extracted_from_md_references,Extracted via 0-cost reference block parsing from proceedings markdown; 2016-2022 proceedings reference extraction can be generated via Tier 3 PDF reference parsing.
proc_cscl-2025.md_21655,handle_1_11910,2025,2025,intelligent support of CSCL—the ethics of conversational agents. In Ethics in Online AI-based Systems,extracted_from_md_references,Extracted via 0-cost reference block parsing from proceedings markdown; 2016-2022 proceedings reference extraction can be generated via Tier 3 PDF reference parsing.
proc_cscl-2025.md_21655,handle_1_11915,2025,2025,provide new empirical insights into visual attention strategies in CSCL contexts and differ from prior studies,extracted_from_md_references,Extracted via 0-cost reference block parsing from proceedings markdown; 2016-2022 proceedings reference extraction can be generated via Tier 3 PDF reference parsing.
proc_cscl-2025.md_21655,handle_1_11481,2025,2025,"Learning Sciences in the designs of spaces and environments, but that is not enough. Approaches such as",extracted_from_md_references,Extracted via 0-cost reference block parsing from proceedings markdown; 2016-2022 proceedings reference extraction can be generated via Tier 3 PDF reference parsing.
proc_cscl-2025.md_21655,handle_1_11930,2025,2025,Taking the Lead: Exploring Collaborative Initiative in CSCL,extracted_from_md_references,Extracted via 0-cost reference block parsing from proceedings markdown; 2016-2022 proceedings reference extraction can be generated via Tier 3 PDF reference parsing.
proc_cscl-2025.md_21655,handle_1_11935,2025,2025,Measuring the Effect of GenAI Chatbots in CSCL environments:,extracted_from_md_references,Extracted via 0-cost reference block parsing from proceedings markdown; 2016-2022 proceedings reference extraction can be generated via Tier 3 PDF reference parsing.
proc_cscl-2025.md_31422,handle_1_11439,2025,2025,"2024, pp. 402-409 . International Society of the Learning Sciences.",extracted_from_md_references,Extracted via 0-cost reference block parsing from proceedings markdown; 2016-2022 proceedings reference extraction can be generated via Tier 3 PDF reference parsing.
proc_cscl-2025.md_31422,handle_1_11940,2025,2025,"online, and hybrid modalities shape SRL and coregulation processes during small-group collaboration in CSCL",extracted_from_md_references,Extracted via 0-cost reference block parsing from proceedings markdown; 2016-2022 proceedings reference extraction can be generated via Tier 3 PDF reference parsing.
proc_cscl-2025.md_31422,handle_1_11885,2025,2025,"In the context of CSCL, such exploratory approaches could support the analysis of how individuals engage with",extracted_from_md_references,Extracted via 0-cost reference block parsing from proceedings markdown; 2016-2022 proceedings reference extraction can be generated via Tier 3 PDF reference parsing.
proc_isls-2025,handle_1_11439,2025,2025,International Conference of the Learning Sciences  –  ICLS 2023  (pp. 1829-1830). International Society,extracted_from_md_references,Extracted via 0-cost reference block parsing from proceedings markdown; 2016-2022 proceedings reference extraction can be generated via Tier 3 PDF reference parsing.
proc_isls-2025,handle_1_11572,2025,2025,impactful connection between the principles underpinning learning sciences and the practices that shape,extracted_from_md_references,Extracted via 0-cost reference block parsing from proceedings markdown; 2016-2022 proceedings reference extraction can be generated via Tier 3 PDF reference parsing.
proc_icls-2025,handle_1_11097,2025,2024,"Uttamchandani, S., Vea, T., Curnow, J., & Scipio, D. (2024). Representational p olitics in the learning sciences:",extracted_from_md_references,Extracted via 0-cost reference block parsing from proceedings markdown; 2016-2022 proceedings reference extraction can be generated via Tier 3 PDF reference parsing.
proc_icls-2025,handle_1_10851,2025,2024,contributes to learning sciences through a deepened conceptualization of side doors  that,extracted_from_md_references,Extracted via 0-cost reference block parsing from proceedings markdown; 2016-2022 proceedings reference extraction can be generated via Tier 3 PDF reference parsing.
proc_icls-2025,handle_1_10691,2025,2024,Large Language Models to Beginner Programmers’ Help Requests. Proceedings of the 2023 ACM,extracted_from_md_references,Extracted via 0-cost reference block parsing from proceedings markdown; 2016-2022 proceedings reference extraction can be generated via Tier 3 PDF reference parsing.
proc_icls-2025,handle_1_10834,2025,2024,in Video Analysis: Shifts Towards Ethical Validity. In Proceedings of the 18th International Conference,extracted_from_md_references,Extracted via 0-cost reference block parsing from proceedings markdown; 2016-2022 proceedings reference extraction can be generated via Tier 3 PDF reference parsing.
proc_icls-2025.md_52695,handle_1_11003,2025,2024,"with the interactionist view of embodiment in learning sciences , where the body is seen as a “publicly available",extracted_from_md_references,Extracted via 0-cost reference block parsing from proceedings markdown; 2016-2022 proceedings reference extraction can be generated via Tier 3 PDF reference parsing.
proc_icls-2025.md_52695,handle_1_10851,2025,2024,"Studying learning in and through relational histories. Journal of the Learning Sciences, 29(2), 183-223.",extracted_from_md_references,Extracted via 0-cost reference block parsing from proceedings markdown; 2016-2022 proceedings reference extraction can be generated via Tier 3 PDF reference parsing.
proc_icls-2025.md_52695,handle_1_11049,2025,2024,curriculum for early childhood education. In Proceedings of the AAAI conference on artificial,extracted_from_md_references,Extracted via 0-cost reference block parsing from proceedings markdown; 2016-2022 proceedings reference extraction can be generated via Tier 3 PDF reference parsing.
proc_icls-2025.md_52695,handle_1_10691,2025,2024,"Hagendorff, T. (2024). Deception abilities emerged in large language models. Proceedings of the National",extracted_from_md_references,Extracted via 0-cost reference block parsing from proceedings markdown; 2016-2022 proceedings reference extraction can be generated via Tier 3 PDF reference parsing.
proc_icls-2025.md_52695,handle_1_10914,2025,2024,"an informal engineering education program. Journal of the Learning Sciences, 29(4-5), 550-597.",extracted_from_md_references,Extracted via 0-cost reference block parsing from proceedings markdown; 2016-2022 proceedings reference extraction can be generated via Tier 3 PDF reference parsing.
proc_icls-2025.md_52695,handle_1_10853,2025,2024,posthuman and new materialist frameworks can offer the learning sciences. British Journal of,extracted_from_md_references,Extracted via 0-cost reference block parsing from proceedings markdown; 2016-2022 proceedings reference extraction can be generated via Tier 3 PDF reference parsing.
proc_icls-2025.md_52695,handle_1_11097,2025,2024,"Nathan, M. J., & Sawyer, R. K. (2022). Foundations of the Learning Sciences. In R. K. Sawyer (Ed.), The",extracted_from_md_references,Extracted via 0-cost reference block parsing from proceedings markdown; 2016-2022 proceedings reference extraction can be generated via Tier 3 PDF reference parsing.
proc_icls-2025.md_52695,handle_1_10854,2025,2024,backgrounds as Black and Brown students and scholars in engineering and learning sciences influence the ways,extracted_from_md_references,Extracted via 0-cost reference block parsing from proceedings markdown; 2016-2022 proceedings reference extraction can be generated via Tier 3 PDF reference parsing.
proc_icls-2025.md_123078,handle_1_11097,2025,2024,The Politics of Learning Writing Collective. (2017). The learning sciences in a new era of U.S.,extracted_from_md_references,Extracted via 0-cost reference block parsing from proceedings markdown; 2016-2022 proceedings reference extraction can be generated via Tier 3 PDF reference parsing.
proc_icls-2025.md_123078,handle_1_10851,2025,2024,"with the concept and praxis of community in the learning sciences. Through this dialogue, we explore tensions",extracted_from_md_references,Extracted via 0-cost reference block parsing from proceedings markdown; 2016-2022 proceedings reference extraction can be generated via Tier 3 PDF reference parsing.
proc_icls-2025.md_123078,handle_1_10849,2025,2024,Developing Approaches to Racial Justice in the Learning Sciences,extracted_from_md_references,Extracted via 0-cost reference block parsing from proceedings markdown; 2016-2022 proceedings reference extraction can be generated via Tier 3 PDF reference parsing.
proc_icls-2025.md_123078,handle_1_11003,2025,2024,a decolonial dialectic of transformation in the learning sciences . In contexts where colonial forms of education,extracted_from_md_references,Extracted via 0-cost reference block parsing from proceedings markdown; 2016-2022 proceedings reference extraction can be generated via Tier 3 PDF reference parsing.
proc_icls-2025.md_123078,handle_1_10834,2025,2024,Video Analysis: Shifts Towards Ethical Va lidity. [Symposium] Proceedings of the 18th International,extracted_from_md_references,Extracted via 0-cost reference block parsing from proceedings markdown; 2016-2022 proceedings reference extraction can be generated via Tier 3 PDF reference parsing.
proc_icls-2025.md_123078,handle_1_10971,2025,2024,artificial intelligence literacy curriculum and development tools. In Proceedings of the AAAI Conference,extracted_from_md_references,Extracted via 0-cost reference block parsing from proceedings markdown; 2016-2022 proceedings reference extraction can be generated via Tier 3 PDF reference parsing.
proc_icls-2025.md_123078,handle_1_10853,2025,2024,advantages to applying temporal hypergraph analysis to Learning Sciences. Leveraging these advantages can also,extracted_from_md_references,Extracted via 0-cost reference block parsing from proceedings markdown; 2016-2022 proceedings reference extraction can be generated via Tier 3 PDF reference parsing.
proc_icls-2025.md_123078,handle_1_10691,2025,2024,Driven Lesson Plans with Large Language Models. Proceedings of the 37th Annual ACM Symposium on,extracted_from_md_references,Extracted via 0-cost reference block parsing from proceedings markdown; 2016-2022 proceedings reference extraction can be generated via Tier 3 PDF reference parsing.
proc_icls-2025.md_123078,handle_1_11056,2025,2024,model that is being buil t in rural India. Researchers from Learning Sciences and,extracted_from_md_references,Extracted via 0-cost reference block parsing from proceedings markdown; 2016-2022 proceedings reference extraction can be generated via Tier 3 PDF reference parsing.
proc_icls-2025.md_123078,handle_1_11015,2025,2024,conceptual metaphors. In Proceedings of the 18th International Conference of the Learning Sciences -,extracted_from_md_references,Extracted via 0-cost reference block parsing from proceedings markdown; 2016-2022 proceedings reference extraction can be generated via Tier 3 PDF reference parsing.
proc_icls-2025.md_123078,handle_1_10724,2025,2024,"Woerner, J. J. (1999). Virtual field trips in the earth science classroom. Proceedings of the 1999 Annual",extracted_from_md_references,Extracted via 0-cost reference block parsing from proceedings markdown; 2016-2022 proceedings reference extraction can be generated via Tier 3 PDF reference parsing.
proc_cscl-2025,handle_1_10636,2025,2024,mathematics rubrics for validity and reliability. In  Proceedings of the 18th International Conference of,extracted_from_md_references,Extracted via 0-cost reference block parsing from proceedings markdown; 2016-2022 proceedings reference extraction can be generated via Tier 3 PDF reference parsing.
proc_cscl-2025,handle_1_10556,2025,2024,"in CSCL in one sentence? ”. Collaborative learning process ( n  = 56), Agent(s) ( n  = 32), Goal specification ( n  =",extracted_from_md_references,Extracted via 0-cost reference block parsing from proceedings markdown; 2016-2022 proceedings reference extraction can be generated via Tier 3 PDF reference parsing.
proc_cscl-2025,handle_1_10497,2025,2024,provocation in the ongoing debate on collaborative learning.  Proceedings of the 18th International,extracted_from_md_references,Extracted via 0-cost reference block parsing from proceedings markdown; 2016-2022 proceedings reference extraction can be generated via Tier 3 PDF reference parsing.
proc_cscl-2025,handle_1_10691,2025,2024,"Forums with Privacy-preserving Large Language Models. In Proc. CSCL 2024, pp. 189-192.",extracted_from_md_references,Extracted via 0-cost reference block parsing from proceedings markdown; 2016-2022 proceedings reference extraction can be generated via Tier 3 PDF reference parsing.
proc_cscl-2025,handle_1_10546,2025,2024,collaboration in project-based learning. In CSCL’17: The 12th Intl. Conf. on Computer Supported,extracted_from_md_references,Extracted via 0-cost reference block parsing from proceedings markdown; 2016-2022 proceedings reference extraction can be generated via Tier 3 PDF reference parsing.
proc_cscl-2025,handle_1_10522,2025,2024,"Dillenbourg, P. (2002). Over-scripting CSCL: The risks of blending collaborative learning with instructional",extracted_from_md_references,Extracted via 0-cost reference block parsing from proceedings markdown; 2016-2022 proceedings reference extraction can be generated via Tier 3 PDF reference parsing.
proc_cscl-2025,handle_1_10527,2025,2024,Learning to Enhance Their Interdisciplinary Competence. In  Proceedings of the 17th International,extracted_from_md_references,Extracted via 0-cost reference block parsing from proceedings markdown; 2016-2022 proceedings reference extraction can be generated via Tier 3 PDF reference parsing.
proc_cscl-2025,handle_1_10721,2025,2024,"Cochrane, 2006). CSCL researchers have used machine learning (ML) methods for analyzing discourse data for",extracted_from_md_references,Extracted via 0-cost reference block parsing from proceedings markdown; 2016-2022 proceedings reference extraction can be generated via Tier 3 PDF reference parsing.
proc_cscl-2025.md_21655,handle_1_10691,2025,2024,"Parfenova, A. (2024). Automating Qualitative Data Analysis with Large Language Models.  Proceedings of the",extracted_from_md_references,Extracted via 0-cost reference block parsing from proceedings markdown; 2016-2022 proceedings reference extraction can be generated via Tier 3 PDF reference parsing.
proc_cscl-2025.md_21655,handle_1_10599,2025,2024,"in interdisciplinary collaborative research. CSCL Proceedings (ISLS Annual Meeting 2024), 67-74.",extracted_from_md_references,Extracted via 0-cost reference block parsing from proceedings markdown; 2016-2022 proceedings reference extraction can be generated via Tier 3 PDF reference parsing.
proc_cscl-2025.md_21655,handle_1_10742,2025,2024,on learners’ inter-brain synchronization.  Proceedings of the 18th Computer-Supported Collaborative,extracted_from_md_references,Extracted via 0-cost reference block parsing from proceedings markdown; 2016-2022 proceedings reference extraction can be generated via Tier 3 PDF reference parsing.
proc_cscl-2025.md_21655,handle_1_10960,2025,2024,"for students' learning. From a CSCL standpoint, our analysis reveals that many students",extracted_from_md_references,Extracted via 0-cost reference block parsing from proceedings markdown; 2016-2022 proceedings reference extraction can be generated via Tier 3 PDF reference parsing.
proc_cscl-2025.md_21655,handle_1_10576,2025,2024,This study examined  collaborative initiative  in an immersive CSCL environment using  HoloOrbits —a simulation,extracted_from_md_references,Extracted via 0-cost reference block parsing from proceedings markdown; 2016-2022 proceedings reference extraction can be generated via Tier 3 PDF reference parsing.
proc_cscl-2025.md_21655,handle_1_10957,2025,2024,Parse Mathematical Abstraction. In  Proceedings of the 18th International Conference of the Learning,extracted_from_md_references,Extracted via 0-cost reference block parsing from proceedings markdown; 2016-2022 proceedings reference extraction can be generated via Tier 3 PDF reference parsing.
proc_cscl-2025.md_31422,handle_1_11097,2025,2024,"Nathan, M. J., & Sawyer, R. K. (2014). Foundations of the learning sciences. In R. K. Sawyer (Ed.),  The",extracted_from_md_references,Extracted via 0-cost reference block parsing from proceedings markdown; 2016-2022 proceedings reference extraction can be generated via Tier 3 PDF reference parsing.
proc_cscl-2025.md_31422,handle_1_10557,2025,2024,"(CSCL) processes involves multiple dimensions of verbal and nonverbal interactions between individuals, their",extracted_from_md_references,Extracted via 0-cost reference block parsing from proceedings markdown; 2016-2022 proceedings reference extraction can be generated via Tier 3 PDF reference parsing.
proc_cscl-2025.md_31422,handle_1_10691,2025,2024,driven lesson plans with large language models.  In Proceedings of the 37th Annual ACM Symposium on,extracted_from_md_references,Extracted via 0-cost reference block parsing from proceedings markdown; 2016-2022 proceedings reference extraction can be generated via Tier 3 PDF reference parsing.
proc_isls-2025,handle_1_10853,2025,2024,contexts that underline our ethical frameworks. This is a timely opportunity for the Learning Sciences to examine,extracted_from_md_references,Extracted via 0-cost reference block parsing from proceedings markdown; 2016-2022 proceedings reference extraction can be generated via Tier 3 PDF reference parsing.
proc_isls-2025,handle_1_11015,2025,2024,"threads in the learning sciences, such as the integration of physical interactions into conceptual learning",extracted_from_md_references,Extracted via 0-cost reference block parsing from proceedings markdown; 2016-2022 proceedings reference extraction can be generated via Tier 3 PDF reference parsing.
proc_isls-2025,handle_1_10834,2025,2024,in Video Analysis: Shifts Towards Ethical Validity. In  Proceedings of the 18th International Conference,extracted_from_md_references,Extracted via 0-cost reference block parsing from proceedings markdown; 2016-2022 proceedings reference extraction can be generated via Tier 3 PDF reference parsing.
proc_isls-2025,handle_1_10839,2025,2024,"A., Y., J., & Marin, A. (2024). Caring Relations Across Interaction Analysis Labs.  Proceedings of the",extracted_from_md_references,Extracted via 0-cost reference block parsing from proceedings markdown; 2016-2022 proceedings reference extraction can be generated via Tier 3 PDF reference parsing.
proc_isls-2025,handle_1_10738,2025,2024,of Mental Models in Human-AI Team Performance. Proceedings of the AAAI Conference on Human,extracted_from_md_references,Extracted via 0-cost reference block parsing from proceedings markdown; 2016-2022 proceedings reference extraction can be generated via Tier 3 PDF reference parsing.
proc_icls-2025,handle_1_9263,2025,2023,"12th International Conference on Computer Supported Collaborative Learning (CSCL) 2017, Volume",extracted_from_md_references,Extracted via 0-cost reference block parsing from proceedings markdown; 2016-2022 proceedings reference extraction can be generated via Tier 3 PDF reference parsing.
proc_icls-2025,handle_1_10221,2025,2023,tissue: The role relationships play in freedom of movement across culinary learning. Proceedings of the,extracted_from_md_references,Extracted via 0-cost reference block parsing from proceedings markdown; 2016-2022 proceedings reference extraction can be generated via Tier 3 PDF reference parsing.
proc_icls-2025,handle_1_10257,2025,2023,"implementation and sustainability of innovations. Journal of the Learning Sciences , 28(4-5), 659-677.",extracted_from_md_references,Extracted via 0-cost reference block parsing from proceedings markdown; 2016-2022 proceedings reference extraction can be generated via Tier 3 PDF reference parsing.
proc_icls-2025.md_52695,handle_1_10373,2025,2023,"school teachers. In Proceedings of the AAAI Conference on Artificial Intelligence  (Vol. 38, No. 21, pp.",extracted_from_md_references,Extracted via 0-cost reference block parsing from proceedings markdown; 2016-2022 proceedings reference extraction can be generated via Tier 3 PDF reference parsing.
proc_icls-2025.md_52695,handle_1_9263,2025,2023,CSCL. Proceedings of the 17th International Conference on Computer -Supported Collaborative,extracted_from_md_references,Extracted via 0-cost reference block parsing from proceedings markdown; 2016-2022 proceedings reference extraction can be generated via Tier 3 PDF reference parsing.
proc_icls-2025.md_52695,handle_1_10287,2025,2023,College Students’ Expectations About Belonging? Proceedings of the 2023 AERA Annual Meeting.,extracted_from_md_references,Extracted via 0-cost reference block parsing from proceedings markdown; 2016-2022 proceedings reference extraction can be generated via Tier 3 PDF reference parsing.
proc_icls-2025.md_52695,handle_1_9895,2025,2023,"based learning and direct instruction: What should count as evidence? ICLS2023, Montreal,1262-1265.",extracted_from_md_references,Extracted via 0-cost reference block parsing from proceedings markdown; 2016-2022 proceedings reference extraction can be generated via Tier 3 PDF reference parsing.
proc_icls-2025.md_52695,handle_1_10330,2025,2023,"Saito & Miyake . (2011) Socially constructive interaction for fostering conceptual change . CSCL2011, Hong",extracted_from_md_references,Extracted via 0-cost reference block parsing from proceedings markdown; 2016-2022 proceedings reference extraction can be generated via Tier 3 PDF reference parsing.
proc_icls-2025.md_52695,handle_1_9918,2025,2023,natural language processing to high school students. In Proceedings of the AAAI Conference on Artificial,extracted_from_md_references,Extracted via 0-cost reference block parsing from proceedings markdown; 2016-2022 proceedings reference extraction can be generated via Tier 3 PDF reference parsing.
proc_icls-2025.md_52695,handle_1_10104,2025,2023,Visualization of Data Design for Elementary Students. In Proceedings of the 18th International,extracted_from_md_references,Extracted via 0-cost reference block parsing from proceedings markdown; 2016-2022 proceedings reference extraction can be generated via Tier 3 PDF reference parsing.
proc_icls-2025.md_52695,handle_1_10257,2025,2023,"implementation and sustainability of innovations. Journal of the Learning Sciences , 28(4–5), 659–677.",extracted_from_md_references,Extracted via 0-cost reference block parsing from proceedings markdown; 2016-2022 proceedings reference extraction can be generated via Tier 3 PDF reference parsing.
proc_icls-2025.md_52695,handle_1_10354,2025,2023,computer science and mathematics lessons: An Expansive Framing approach. In Proceedings of the 17th,extracted_from_md_references,Extracted via 0-cost reference block parsing from proceedings markdown; 2016-2022 proceedings reference extraction can be generated via Tier 3 PDF reference parsing.
proc_icls-2025.md_52695,handle_1_9936,2025,2023,Development in Cultural-Historical Context. In Proceedings of the 17th International Conference of the,extracted_from_md_references,Extracted via 0-cost reference block parsing from proceedings markdown; 2016-2022 proceedings reference extraction can be generated via Tier 3 PDF reference parsing.
proc_icls-2025.md_52695,handle_1_10093,2025,2023,"informally situated and culturally responsive computer science program. Proceedings of FabLearn 2019 ,",extracted_from_md_references,Extracted via 0-cost reference block parsing from proceedings markdown; 2016-2022 proceedings reference extraction can be generated via Tier 3 PDF reference parsing.
proc_icls-2025.md_52695,handle_1_9998,2025,2023,"Luckin, R., & Cukurova, M. (2019). Designing educational technologies in the age of AI: A learning sciences‐",extracted_from_md_references,Extracted via 0-cost reference block parsing from proceedings markdown; 2016-2022 proceedings reference extraction can be generated via Tier 3 PDF reference parsing.
proc_icls-2025.md_123078,handle_1_10082,2025,2023,"between the learning sciences and public affairs, to tracing the interplay between multiple expansive cycles over",extracted_from_md_references,Extracted via 0-cost reference block parsing from proceedings markdown; 2016-2022 proceedings reference extraction can be generated via Tier 3 PDF reference parsing.
proc_icls-2025.md_123078,handle_1_9877,2025,2023,"Learning Sciences who address coloniality and power through their work across different geopolitical, historical,",extracted_from_md_references,Extracted via 0-cost reference block parsing from proceedings markdown; 2016-2022 proceedings reference extraction can be generated via Tier 3 PDF reference parsing.
proc_icls-2025.md_123078,handle_1_9985,2025,2023,"Eurowestern, modernist ways of bounding and making sense of data. How might we reconsider learning sciences",extracted_from_md_references,Extracted via 0-cost reference block parsing from proceedings markdown; 2016-2022 proceedings reference extraction can be generated via Tier 3 PDF reference parsing.
proc_icls-2025.md_123078,handle_1_10257,2025,2023,"implementation and sustainability of innovations. Journal of the Learning Sciences, 28(4 –5), 659–677.",extracted_from_md_references,Extracted via 0-cost reference block parsing from proceedings markdown; 2016-2022 proceedings reference extraction can be generated via Tier 3 PDF reference parsing.
proc_icls-2025.md_123078,handle_1_10373,2025,2023,"in K-12 Classrooms. In Proceedings of the AAAI Conference on Artificial Intelligence  (Vol. 38, No. 21,",extracted_from_md_references,Extracted via 0-cost reference block parsing from proceedings markdown; 2016-2022 proceedings reference extraction can be generated via Tier 3 PDF reference parsing.
proc_icls-2025.md_123078,handle_1_9991,2025,2023,"Proceedings of the 12th ICMI Study Conference: The Future of the teaching and learning of algebra.  1,",extracted_from_md_references,Extracted via 0-cost reference block parsing from proceedings markdown; 2016-2022 proceedings reference extraction can be generated via Tier 3 PDF reference parsing.
proc_icls-2025.md_123078,handle_1_10312,2025,2023,"As ISLS acts as an effective community for developing  active learning activities, the society must also",extracted_from_md_references,Extracted via 0-cost reference block parsing from proceedings markdown; 2016-2022 proceedings reference extraction can be generated via Tier 3 PDF reference parsing.
proc_icls-2025.md_123078,handle_1_10376,2025,2023,"and learning, learning sciences can build upon Black DH knowledge to make greater collective progress to",extracted_from_md_references,Extracted via 0-cost reference block parsing from proceedings markdown; 2016-2022 proceedings reference extraction can be generated via Tier 3 PDF reference parsing.
proc_icls-2025.md_123078,handle_1_9263,2025,2023,"the 17th International Conference on Computer -Supported Collaborative Learning- CSCL 2024, 155 -",extracted_from_md_references,Extracted via 0-cost reference block parsing from proceedings markdown; 2016-2022 proceedings reference extraction can be generated via Tier 3 PDF reference parsing.
proc_icls-2025.md_123078,handle_1_9998,2025,2023,"Luckin, R., & Cukurova, M. (2019). Designing educational technologies in the age of AI: A learning sciences‐",extracted_from_md_references,Extracted via 0-cost reference block parsing from proceedings markdown; 2016-2022 proceedings reference extraction can be generated via Tier 3 PDF reference parsing.
proc_icls-2025.md_123078,handle_1_10221,2025,2023,tissue: The role relationships play in freedom of movement across culinary learning. Proceedings of the,extracted_from_md_references,Extracted via 0-cost reference block parsing from proceedings markdown; 2016-2022 proceedings reference extraction can be generated via Tier 3 PDF reference parsing.
proc_icls-2025.md_123078,handle_1_9255,2025,2023,Proceedings of the 14th International Conference on Engineering & Product Design Education,extracted_from_md_references,Extracted via 0-cost reference block parsing from proceedings markdown; 2016-2022 proceedings reference extraction can be generated via Tier 3 PDF reference parsing.
proc_cscl-2025,handle_1_10024,2025,2023,context: an individual and collective approach.  Proceedings of the 14th Learning Analytics and,extracted_from_md_references,Extracted via 0-cost reference block parsing from proceedings markdown; 2016-2022 proceedings reference extraction can be generated via Tier 3 PDF reference parsing.
proc_cscl-2025,handle_1_9891,2025,2023,collaboration: Scholarly Literature vs. Practitioners.  Proceedings of the 17th International Conference,extracted_from_md_references,Extracted via 0-cost reference block parsing from proceedings markdown; 2016-2022 proceedings reference extraction can be generated via Tier 3 PDF reference parsing.
proc_cscl-2025,handle_1_9972,2025,2023,"(CSCL), students learn content and enhance their CPS skills as they engage with complex problems (Jeong et al.,",extracted_from_md_references,Extracted via 0-cost reference block parsing from proceedings markdown; 2016-2022 proceedings reference extraction can be generated via Tier 3 PDF reference parsing.
proc_cscl-2025,handle_1_9263,2025,2023,"International Conference on Computer Supported Collaborative Learning (CSCL) 2017  (Vol. 1, pp. 57–",extracted_from_md_references,Extracted via 0-cost reference block parsing from proceedings markdown; 2016-2022 proceedings reference extraction can be generated via Tier 3 PDF reference parsing.
proc_cscl-2025,handle_1_10170,2025,2023,about CSCL: And implementing it in higher education (pp. 115-139). Dordrecht: Springer Netherlands.,extracted_from_md_references,Extracted via 0-cost reference block parsing from proceedings markdown; 2016-2022 proceedings reference extraction can be generated via Tier 3 PDF reference parsing.
proc_cscl-2025,handle_1_10184,2025,2023,Computer Supported Collaborative Learning Practices: CSCL2009 Conference Proceedings  (pp. 527-,extracted_from_md_references,Extracted via 0-cost reference block parsing from proceedings markdown; 2016-2022 proceedings reference extraction can be generated via Tier 3 PDF reference parsing.
proc_cscl-2025,handle_1_9268,2025,2023,"learning (CSCL) scenarios. Prerequisite to learning, joint attention is defined as when two (or more) people attend",extracted_from_md_references,Extracted via 0-cost reference block parsing from proceedings markdown; 2016-2022 proceedings reference extraction can be generated via Tier 3 PDF reference parsing.
proc_cscl-2025.md_21655,handle_1_9263,2025,2023,Conference on Computer Supported Collaborative Learning – CSCL 2023  (pp. 368–369). International,extracted_from_md_references,Extracted via 0-cost reference block parsing from proceedings markdown; 2016-2022 proceedings reference extraction can be generated via Tier 3 PDF reference parsing.
proc_cscl-2025.md_31422,handle_1_9836,2025,2023,"Song, Y., & Looi, C. K. (2012). Linking teacher beliefs, practices and student inquiry-based learning in a CSCL",extracted_from_md_references,Extracted via 0-cost reference block parsing from proceedings markdown; 2016-2022 proceedings reference extraction can be generated via Tier 3 PDF reference parsing.
proc_isls-2025,handle_1_9891,2025,2023,of Collaboration: Scholarly Literature vs. Practitioners. Proceedings of the 17th International Conference,extracted_from_md_references,Extracted via 0-cost reference block parsing from proceedings markdown; 2016-2022 proceedings reference extraction can be generated via Tier 3 PDF reference parsing.
proc_isls-2025,handle_1_9263,2025,2023,"International Conference on Computer Supported Collaborative Learning (CSCL) 2019, Volume 2.",extracted_from_md_references,Extracted via 0-cost reference block parsing from proceedings markdown; 2016-2022 proceedings reference extraction can be generated via Tier 3 PDF reference parsing.
proc_icls-2025,handle_1_8592,2025,2022,"classroom teaching: Does it really impact on student outcomes? Journal of the Learning Sciences, 28(4-",extracted_from_md_references,Extracted via 0-cost reference block parsing from proceedings markdown; 2016-2022 proceedings reference extraction can be generated via Tier 3 PDF reference parsing.
proc_icls-2025,handle_1_9051,2025,2022,Knowledge and interaction a synthetic agenda for the learning sciences (pp. 149–175). Routledge.,extracted_from_md_references,Extracted via 0-cost reference block parsing from proceedings markdown; 2016-2022 proceedings reference extraction can be generated via Tier 3 PDF reference parsing.
proc_icls-2025,handle_1_8980,2025,2022,"Kapur, M., & Bielaczyc, K. (2012). Designing for productive failure. Journal of the Learning Sciences, 21(1), 45-",extracted_from_md_references,Extracted via 0-cost reference block parsing from proceedings markdown; 2016-2022 proceedings reference extraction can be generated via Tier 3 PDF reference parsing.
proc_icls-2025,handle_1_8967,2025,2022,careers: Preliminary analysis of the Young Scholars Program. 16th Intl. Conf. of the Learning Sciences-,extracted_from_md_references,Extracted via 0-cost reference block parsing from proceedings markdown; 2016-2022 proceedings reference extraction can be generated via Tier 3 PDF reference parsing.
proc_icls-2025,handle_1_8640,2025,2022,Natural Selection. Proceedings of the 17th Conference on the Learning Sciences .,extracted_from_md_references,Extracted via 0-cost reference block parsing from proceedings markdown; 2016-2022 proceedings reference extraction can be generated via Tier 3 PDF reference parsing.
proc_icls-2025,handle_1_9032,2025,2022,justice-centered ambitious science. Eighteenth International Conference of the Learning Sciences,extracted_from_md_references,Extracted via 0-cost reference block parsing from proceedings markdown; 2016-2022 proceedings reference extraction can be generated via Tier 3 PDF reference parsing.
proc_icls-2025,handle_1_8431,2025,2022,"support to build learner agency in the figured world of visual art. Journal of the Learning Sciences, 31(1),",extracted_from_md_references,Extracted via 0-cost reference block parsing from proceedings markdown; 2016-2022 proceedings reference extraction can be generated via Tier 3 PDF reference parsing.
proc_icls-2025,handle_1_8655,2025,2022,"and culturally sustaining. This participatory approach, which mirrors others in the Learning Sciences including",extracted_from_md_references,Extracted via 0-cost reference block parsing from proceedings markdown; 2016-2022 proceedings reference extraction can be generated via Tier 3 PDF reference parsing.
proc_icls-2025,handle_1_8766,2025,2022,Students’ Competencies and Perceptions of Computer Science. Proceedings of the 50th ACM Technical,extracted_from_md_references,Extracted via 0-cost reference block parsing from proceedings markdown; 2016-2022 proceedings reference extraction can be generated via Tier 3 PDF reference parsing.
proc_icls-2025,handle_1_8663,2025,2022,STEM faculty listening to student reasoning. International Society of Learning Sciences .,extracted_from_md_references,Extracted via 0-cost reference block parsing from proceedings markdown; 2016-2022 proceedings reference extraction can be generated via Tier 3 PDF reference parsing.
proc_icls-2025,handle_1_9071,2025,2022,"improve equity in higher education. In C. Chinn, E. Tan, C. Chan, & Y. Kali (Eds.), ICLS proceedings:",extracted_from_md_references,Extracted via 0-cost reference block parsing from proceedings markdown; 2016-2022 proceedings reference extraction can be generated via Tier 3 PDF reference parsing.
proc_icls-2025,handle_1_8567,2025,2022,"equity-oriented teaching competencies. In C. Chinn, E. Tan, C. Chan, & Y. Kali (Eds.), ICLS",extracted_from_md_references,Extracted via 0-cost reference block parsing from proceedings markdown; 2016-2022 proceedings reference extraction can be generated via Tier 3 PDF reference parsing.
proc_icls-2025.md_52695,handle_1_9051,2025,2022,"Brown (Eds. ), Knowledge and Interaction: A Synthetic Agenda for the Learning Sciences , 72–108.",extracted_from_md_references,Extracted via 0-cost reference block parsing from proceedings markdown; 2016-2022 proceedings reference extraction can be generated via Tier 3 PDF reference parsing.
proc_icls-2025.md_52695,handle_1_8263,2025,2022,to Support High School Students' Creativity in Scientific Research. In Proceedings of the 23rd Annual,extracted_from_md_references,Extracted via 0-cost reference block parsing from proceedings markdown; 2016-2022 proceedings reference extraction can be generated via Tier 3 PDF reference parsing.
proc_icls-2025.md_52695,handle_1_8980,2025,2022,"Kapur, M., & Bielaczyc, K. (2012). Designing for productive failure. Journal of the Learning Sciences, 21(1), 45-",extracted_from_md_references,Extracted via 0-cost reference block parsing from proceedings markdown; 2016-2022 proceedings reference extraction can be generated via Tier 3 PDF reference parsing.
proc_icls-2025.md_52695,handle_1_8960,2025,2022,"Proceedings of the Korean Association of Computer Education Conference, 27(2), 47 –48.",extracted_from_md_references,Extracted via 0-cost reference block parsing from proceedings markdown; 2016-2022 proceedings reference extraction can be generated via Tier 3 PDF reference parsing.
proc_icls-2025.md_52695,handle_1_9073,2025,2022,dashboard in a hybrid learning environment. In Proceedings of the 2022 2nd International Conference,extracted_from_md_references,Extracted via 0-cost reference block parsing from proceedings markdown; 2016-2022 proceedings reference extraction can be generated via Tier 3 PDF reference parsing.
proc_icls-2025.md_52695,handle_1_8974,2025,2022,"transformative agency. Journal of the Learning Sciences, 25(4), 599–633.",extracted_from_md_references,Extracted via 0-cost reference block parsing from proceedings markdown; 2016-2022 proceedings reference extraction can be generated via Tier 3 PDF reference parsing.
proc_icls-2025.md_52695,handle_1_9032,2025,2022,"Justice-Centered Ambitious Science. In Proc. of the 18th Int. Conf. of the Learning Sciences-ICLS 2024,",extracted_from_md_references,Extracted via 0-cost reference block parsing from proceedings markdown; 2016-2022 proceedings reference extraction can be generated via Tier 3 PDF reference parsing.
proc_icls-2025.md_52695,handle_1_8663,2025,2022,based student interaction patterns in web- based learning environments. In Proceedings of the,extracted_from_md_references,Extracted via 0-cost reference block parsing from proceedings markdown; 2016-2022 proceedings reference extraction can be generated via Tier 3 PDF reference parsing.
proc_icls-2025.md_52695,handle_1_8437,2025,2022,"(e.g., conjecture mapping, Sandoval, 2014), the learning sciences community must transparently demonstrate how",extracted_from_md_references,Extracted via 0-cost reference block parsing from proceedings markdown; 2016-2022 proceedings reference extraction can be generated via Tier 3 PDF reference parsing.
proc_icls-2025.md_52695,handle_1_8431,2025,2022,"support to build learner agency in the figured world of visual art. Journal of the Learning Sciences, 31(1),",extracted_from_md_references,Extracted via 0-cost reference block parsing from proceedings markdown; 2016-2022 proceedings reference extraction can be generated via Tier 3 PDF reference parsing.
proc_icls-2025.md_52695,handle_1_8538,2025,2022,computational action on k-12 students learning and creating socially responsible a. I. Proceedings of the,extracted_from_md_references,Extracted via 0-cost reference block parsing from proceedings markdown; 2016-2022 proceedings reference extraction can be generated via Tier 3 PDF reference parsing.
proc_icls-2025.md_52695,handle_1_8366,2025,2022,to Designing Tools for Learning With Communities. In  Proceedings of the 17th International,extracted_from_md_references,Extracted via 0-cost reference block parsing from proceedings markdown; 2016-2022 proceedings reference extraction can be generated via Tier 3 PDF reference parsing.
proc_icls-2025.md_52695,handle_1_8894,2025,2022,"Fishman, B., & Hayward, C. (2022). Gameful learning: Leveraging the learning sciences to improve the “game",extracted_from_md_references,Extracted via 0-cost reference block parsing from proceedings markdown; 2016-2022 proceedings reference extraction can be generated via Tier 3 PDF reference parsing.
proc_icls-2025.md_52695,handle_1_8743,2025,2022,understanding of AI in children through partici patory design. Proceedings of the 2024 ACM Designing,extracted_from_md_references,Extracted via 0-cost reference block parsing from proceedings markdown; 2016-2022 proceedings reference extraction can be generated via Tier 3 PDF reference parsing.
proc_icls-2025.md_52695,handle_1_8702,2025,2022,intermediate scratch curriculum. Proceedings of the 51st ACM Technical Symposium on Computer Science,extracted_from_md_references,Extracted via 0-cost reference block parsing from proceedings markdown; 2016-2022 proceedings reference extraction can be generated via Tier 3 PDF reference parsing.
proc_icls-2025.md_52695,handle_1_9001,2025,2022,Australian case study. Proceedings of the 31st Higher Education Research and Development Society of,extracted_from_md_references,Extracted via 0-cost reference block parsing from proceedings markdown; 2016-2022 proceedings reference extraction can be generated via Tier 3 PDF reference parsing.
proc_icls-2025.md_52695,handle_1_8567,2025,2022,"equity-oriented teaching competencies. In C. Chinn, E. Tan, C. Chan, & Y. Kali (Eds.), ICLS",extracted_from_md_references,Extracted via 0-cost reference block parsing from proceedings markdown; 2016-2022 proceedings reference extraction can be generated via Tier 3 PDF reference parsing.
proc_icls-2025.md_123078,handle_1_8476,2025,2022,learning sciences in support of enacted utopias for social-justice world-making.,extracted_from_md_references,Extracted via 0-cost reference block parsing from proceedings markdown; 2016-2022 proceedings reference extraction can be generated via Tier 3 PDF reference parsing.
proc_icls-2025.md_123078,handle_1_8974,2025,2022,"transformative agency. Journal of the Learning Sciences, 25(4), 599-633.",extracted_from_md_references,Extracted via 0-cost reference block parsing from proceedings markdown; 2016-2022 proceedings reference extraction can be generated via Tier 3 PDF reference parsing.
proc_icls-2025.md_123078,handle_1_8561,2025,2022,cumulative thinking in the form of the symposium that we share with the wider learning sciences community.,extracted_from_md_references,Extracted via 0-cost reference block parsing from proceedings markdown; 2016-2022 proceedings reference extraction can be generated via Tier 3 PDF reference parsing.
proc_icls-2025.md_123078,handle_1_8508,2025,2022,learning sciences field offers a means to theorize and build neuro -inclusive STEM education.,extracted_from_md_references,Extracted via 0-cost reference block parsing from proceedings markdown; 2016-2022 proceedings reference extraction can be generated via Tier 3 PDF reference parsing.
proc_icls-2025.md_123078,handle_1_8313,2025,2022,"plinary problems: Epistemic games in interdisciplinary teamwork. Journal of the Learning Sciences,",extracted_from_md_references,Extracted via 0-cost reference block parsing from proceedings markdown; 2016-2022 proceedings reference extraction can be generated via Tier 3 PDF reference parsing.
proc_icls-2025.md_123078,handle_1_8500,2025,2022,computational thinking. Proceedings of the 2012 Annual Meeting of the American Educational Research,extracted_from_md_references,Extracted via 0-cost reference block parsing from proceedings markdown; 2016-2022 proceedings reference extraction can be generated via Tier 3 PDF reference parsing.
proc_icls-2025.md_123078,handle_1_8980,2025,2022,"Kapur, M., & Bielaczyc, K. (2012). Designing for productive failure. The Journal of the Learning Sciences, 21(1),",extracted_from_md_references,Extracted via 0-cost reference block parsing from proceedings markdown; 2016-2022 proceedings reference extraction can be generated via Tier 3 PDF reference parsing.
proc_icls-2025.md_123078,handle_1_8563,2025,2022,choices with diagrams in intelligent tutoring software. In Proceedings of the 17th International,extracted_from_md_references,Extracted via 0-cost reference block parsing from proceedings markdown; 2016-2022 proceedings reference extraction can be generated via Tier 3 PDF reference parsing.
proc_icls-2025.md_123078,handle_1_9001,2025,2022,Practice (Proceedings of the 42nd annual conference of the Mathematics Education Research Group of,extracted_from_md_references,Extracted via 0-cost reference block parsing from proceedings markdown; 2016-2022 proceedings reference extraction can be generated via Tier 3 PDF reference parsing.
proc_icls-2025.md_123078,handle_1_8894,2025,2022,"Fishman, B., & Hayward, C. (2022). Gameful Learning: Leveraging the Learning Sciences to Improve the “Game",extracted_from_md_references,Extracted via 0-cost reference block parsing from proceedings markdown; 2016-2022 proceedings reference extraction can be generated via Tier 3 PDF reference parsing.
proc_icls-2025.md_123078,handle_1_8431,2025,2022,"support to build learner agency in the figured world of visual art. Journal of the Learning Sciences, 31(1),",extracted_from_md_references,Extracted via 0-cost reference block parsing from proceedings markdown; 2016-2022 proceedings reference extraction can be generated via Tier 3 PDF reference parsing.
proc_cscl-2025,handle_1_9073,2025,2022,collaborative learning environment. In  Proceedings of the SIGCHI conference on Human Factors in,extracted_from_md_references,Extracted via 0-cost reference block parsing from proceedings markdown; 2016-2022 proceedings reference extraction can be generated via Tier 3 PDF reference parsing.
proc_cscl-2025,handle_1_8355,2025,2022,(Figure 1). The experimental design of this study integrated group awareness support into a CSCL environment,extracted_from_md_references,Extracted via 0-cost reference block parsing from proceedings markdown; 2016-2022 proceedings reference extraction can be generated via Tier 3 PDF reference parsing.
proc_cscl-2025,handle_1_9042,2025,2022,"Chen, D., Zhang, Y., Luo, H., Zhu, Z., Ma, J., & Lin, Y. (2024). Effects of group awareness support in CSCL on",extracted_from_md_references,Extracted via 0-cost reference block parsing from proceedings markdown; 2016-2022 proceedings reference extraction can be generated via Tier 3 PDF reference parsing.
proc_cscl-2025,handle_1_8965,2025,2022,Designing to Support Reflection Through Play and Embodiment . https://repository.isls.org//handle/1/425,extracted_from_md_references,Extracted via 0-cost reference block parsing from proceedings markdown; 2016-2022 proceedings reference extraction can be generated via Tier 3 PDF reference parsing.
proc_cscl-2025,handle_1_8348,2025,2022,"incorporating artificial intelligence (AI) in these tools (Rosé & Ferschke, 2016). In both CSCL and related learning",extracted_from_md_references,Extracted via 0-cost reference block parsing from proceedings markdown; 2016-2022 proceedings reference extraction can be generated via Tier 3 PDF reference parsing.
proc_cscl-2025,handle_1_8352,2025,2022,the evolution of group artifacts. This study contributes to CSCL and online learning research,extracted_from_md_references,Extracted via 0-cost reference block parsing from proceedings markdown; 2016-2022 proceedings reference extraction can be generated via Tier 3 PDF reference parsing.
proc_cscl-2025,handle_1_8742,2025,2022,This study advances CSCL and online learning research by articulating the concept of knowledge synthesis within,extracted_from_md_references,Extracted via 0-cost reference block parsing from proceedings markdown; 2016-2022 proceedings reference extraction can be generated via Tier 3 PDF reference parsing.
proc_cscl-2025,handle_1_9007,2025,2022,"(CSCL) system for embodied learning in geometry. With  The Hidden Village-Online (THV-O),",extracted_from_md_references,Extracted via 0-cost reference block parsing from proceedings markdown; 2016-2022 proceedings reference extraction can be generated via Tier 3 PDF reference parsing.
proc_cscl-2025.md_21655,handle_1_8349,2025,2022,Physical Space in Distributed Intelligence. In Proceedings of  the 15th International Conference on,extracted_from_md_references,Extracted via 0-cost reference block parsing from proceedings markdown; 2016-2022 proceedings reference extraction can be generated via Tier 3 PDF reference parsing.
proc_cscl-2025.md_21655,handle_1_8678,2025,2022,"preparation for future learning. Journal of the Learning Sciences, 21(3), 399-432.",extracted_from_md_references,Extracted via 0-cost reference block parsing from proceedings markdown; 2016-2022 proceedings reference extraction can be generated via Tier 3 PDF reference parsing.
proc_cscl-2025.md_21655,handle_1_8715,2025,2022,"principle-based innovation at an elementary school.  Journal of the Learning Sciences, 20 (2), 262–307.",extracted_from_md_references,Extracted via 0-cost reference block parsing from proceedings markdown; 2016-2022 proceedings reference extraction can be generated via Tier 3 PDF reference parsing.
proc_cscl-2025.md_31422,handle_1_8980,2025,2022,"Kapur, M., & Bielaczyc, K. (2012). Designing for productive failure.  Journal of the Learning Sciences, 21 (1),",extracted_from_md_references,Extracted via 0-cost reference block parsing from proceedings markdown; 2016-2022 proceedings reference extraction can be generated via Tier 3 PDF reference parsing.
proc_cscl-2025.md_31422,handle_1_8568,2025,2022,"of CSCL (Stahl & Hakkarainen, 2021). This work is part of an ongoing design-based research study aimed at",extracted_from_md_references,Extracted via 0-cost reference block parsing from proceedings markdown; 2016-2022 proceedings reference extraction can be generated via Tier 3 PDF reference parsing.
proc_cscl-2025.md_31422,handle_1_8742,2025,2022,CSCL projects to elevate the status of design knowledge within CSCL. Research questions are: (a) What design,extracted_from_md_references,Extracted via 0-cost reference block parsing from proceedings markdown; 2016-2022 proceedings reference extraction can be generated via Tier 3 PDF reference parsing.
proc_cscl-2025.md_31422,handle_1_8715,2025,2022,"a principle-based innovation at an elementary school.  The Journal of the learning sciences ,  20 (2), 262-307.",extracted_from_md_references,Extracted via 0-cost reference block parsing from proceedings markdown; 2016-2022 proceedings reference extraction can be generated via Tier 3 PDF reference parsing.
proc_isls-2025,handle_1_8508,2025,2022,"learning sciences, which emphasise inclusive, equitable, and sustainable education.",extracted_from_md_references,Extracted via 0-cost reference block parsing from proceedings markdown; 2016-2022 proceedings reference extraction can be generated via Tier 3 PDF reference parsing.
proc_isls-2025,handle_1_9051,2025,2022,"& N. J. S. Brown (Eds.),  Knowledge and interaction: A synthetic agenda for the learning sciences . New",extracted_from_md_references,Extracted via 0-cost reference block parsing from proceedings markdown; 2016-2022 proceedings reference extraction can be generated via Tier 3 PDF reference parsing.
proc_icls-2025,handle_1_7570,2025,2021,"Dynamic Modeling. Journal of the Learning Sciences , 9(4), 471– 500.",extracted_from_md_references,Extracted via 0-cost reference block parsing from proceedings markdown; 2016-2022 proceedings reference extraction can be generated via Tier 3 PDF reference parsing.
proc_icls-2025,handle_1_7460,2025,2021,Taking and Empathy Transform Children’s Relationships to Science and Nature. Proceedings of the 15th,extracted_from_md_references,Extracted via 0-cost reference block parsing from proceedings markdown; 2016-2022 proceedings reference extraction can be generated via Tier 3 PDF reference parsing.
proc_icls-2025,handle_1_7447,2025,2021,for learning environments of the future: International perspectives from the learning sciences (pp. 233-,extracted_from_md_references,Extracted via 0-cost reference block parsing from proceedings markdown; 2016-2022 proceedings reference extraction can be generated via Tier 3 PDF reference parsing.
proc_icls-2025,handle_1_7431,2025,2021,Our work draws on and unites branches of design work within the Learning Sciences —infrastructuring,extracted_from_md_references,Extracted via 0-cost reference block parsing from proceedings markdown; 2016-2022 proceedings reference extraction can be generated via Tier 3 PDF reference parsing.
proc_icls-2025,handle_1_7583,2025,2021,J. (2021). Designing a Global Community of Critical Action Educators. Proceedings of the International,extracted_from_md_references,Extracted via 0-cost reference block parsing from proceedings markdown; 2016-2022 proceedings reference extraction can be generated via Tier 3 PDF reference parsing.
proc_icls-2025,handle_1_7591,2025,2021,"learning sciences literature underscores the importance of engaging students’ repertoires of practices (e..g,",extracted_from_md_references,Extracted via 0-cost reference block parsing from proceedings markdown; 2016-2022 proceedings reference extraction can be generated via Tier 3 PDF reference parsing.
proc_icls-2025,handle_1_7454,2025,2021,"Phuong, A. E., Nguyen, J., Hunn, C. T., & Mejia, F. D. (2021). A learning sciences and organizational behavior",extracted_from_md_references,Extracted via 0-cost reference block parsing from proceedings markdown; 2016-2022 proceedings reference extraction can be generated via Tier 3 PDF reference parsing.
proc_icls-2025.md_52695,handle_1_7583,2025,2021,J. (2021). Designing a Global Community of Critical Action Educators. Proceedings of the International,extracted_from_md_references,Extracted via 0-cost reference block parsing from proceedings markdown; 2016-2022 proceedings reference extraction can be generated via Tier 3 PDF reference parsing.
proc_icls-2025.md_52695,handle_1_7447,2025,2021,International Perspectives in the Learning Sciences: Cre8ing a learning world. Proceedings of the Eighth,extracted_from_md_references,Extracted via 0-cost reference block parsing from proceedings markdown; 2016-2022 proceedings reference extraction can be generated via Tier 3 PDF reference parsing.
proc_icls-2025.md_52695,handle_1_7352,2025,2021,"Proceedings of the sixth international conference on learning analytics & knowledge , pp. 329 – 338",extracted_from_md_references,Extracted via 0-cost reference block parsing from proceedings markdown; 2016-2022 proceedings reference extraction can be generated via Tier 3 PDF reference parsing.
proc_icls-2025.md_52695,handle_1_7615,2025,2021,"– four hours). Big ideas  from learning sciences like collaboration, personalization, multimodal representations,",extracted_from_md_references,Extracted via 0-cost reference block parsing from proceedings markdown; 2016-2022 proceedings reference extraction can be generated via Tier 3 PDF reference parsing.
proc_icls-2025.md_52695,handle_1_7549,2025,2021,"both behavioral science and learning sciences, our study examines whether extrinsic motivation (monetary stakes)",extracted_from_md_references,Extracted via 0-cost reference block parsing from proceedings markdown; 2016-2022 proceedings reference extraction can be generated via Tier 3 PDF reference parsing.
proc_icls-2025.md_52695,handle_1_7454,2025,2021,"the learning sciences. To do so, we must develop processes that highlight organizational",extracted_from_md_references,Extracted via 0-cost reference block parsing from proceedings markdown; 2016-2022 proceedings reference extraction can be generated via Tier 3 PDF reference parsing.
proc_icls-2025.md_52695,handle_1_7503,2025,2021,"Penuel, W. R. & Spillane, J. P. (2014). Learning sciences and policy design and implementation: Key concepts",extracted_from_md_references,Extracted via 0-cost reference block parsing from proceedings markdown; 2016-2022 proceedings reference extraction can be generated via Tier 3 PDF reference parsing.
proc_icls-2025.md_52695,handle_1_7585,2025,2021,affirming learning contexts. In Proceedings of the 15th International Conference of the Learning,extracted_from_md_references,Extracted via 0-cost reference block parsing from proceedings markdown; 2016-2022 proceedings reference extraction can be generated via Tier 3 PDF reference parsing.
proc_icls-2025.md_123078,handle_1_7447,2025,2021,Perspectives from the learning sciences (pp. 69–90). Routledge.,extracted_from_md_references,Extracted via 0-cost reference block parsing from proceedings markdown; 2016-2022 proceedings reference extraction can be generated via Tier 3 PDF reference parsing.
proc_icls-2025.md_123078,handle_1_7570,2025,2021,"times, the Learning Sciences has extended this focus, with the last decade seeing a gr owth of interest by learning",extracted_from_md_references,Extracted via 0-cost reference block parsing from proceedings markdown; 2016-2022 proceedings reference extraction can be generated via Tier 3 PDF reference parsing.
proc_icls-2025.md_123078,handle_1_7626,2025,2021,Learning Sciences theory and practice by engaging with non- Eurocentric ways of knowing and being towards,extracted_from_md_references,Extracted via 0-cost reference block parsing from proceedings markdown; 2016-2022 proceedings reference extraction can be generated via Tier 3 PDF reference parsing.
proc_icls-2025.md_123078,handle_1_7454,2025,2021,"students, to propose a methodological framework for advancing epistemic justice in learning sciences.",extracted_from_md_references,Extracted via 0-cost reference block parsing from proceedings markdown; 2016-2022 proceedings reference extraction can be generated via Tier 3 PDF reference parsing.
proc_icls-2025.md_123078,handle_1_7477,2025,2021,"Curnow, J. (2021). Distributed argumentation for politicization in an activist campaign. In Proceedings of the",extracted_from_md_references,Extracted via 0-cost reference block parsing from proceedings markdown; 2016-2022 proceedings reference extraction can be generated via Tier 3 PDF reference parsing.
proc_icls-2025.md_123078,handle_1_7498,2025,2021,"Bayeck, R.Y. (2024) Bridging the gap of Exhibition Design, Instructional Design, and the Learning Sciences for",extracted_from_md_references,Extracted via 0-cost reference block parsing from proceedings markdown; 2016-2022 proceedings reference extraction can be generated via Tier 3 PDF reference parsing.
proc_icls-2025.md_123078,handle_1_7328,2025,2021,Temporal Networks-based Learning Sciences has emerged as a promising approach for investigating the temporal,extracted_from_md_references,Extracted via 0-cost reference block parsing from proceedings markdown; 2016-2022 proceedings reference extraction can be generated via Tier 3 PDF reference parsing.
proc_icls-2025.md_123078,handle_1_7352,2025,2021,"and learning processes, Proceedings of the 15th International Learning Analytics and Knowledge",extracted_from_md_references,Extracted via 0-cost reference block parsing from proceedings markdown; 2016-2022 proceedings reference extraction can be generated via Tier 3 PDF reference parsing.
proc_icls-2025.md_123078,handle_1_7614,2025,2021,"Gomez, K., Kyza, E. A. & Mancevice, N. (2018). Participatory Design and the Learning Sciences.  International",extracted_from_md_references,Extracted via 0-cost reference block parsing from proceedings markdown; 2016-2022 proceedings reference extraction can be generated via Tier 3 PDF reference parsing.
proc_icls-2025.md_123078,handle_1_7578,2025,2021,interaction in museum exhibits through perspective taking. Proceedings of the 2014 Conference on,extracted_from_md_references,Extracted via 0-cost reference block parsing from proceedings markdown; 2016-2022 proceedings reference extraction can be generated via Tier 3 PDF reference parsing.
proc_icls-2025.md_123078,handle_1_7549,2025,2021,"In the Learning Sciences, motivation is most often studied as what drives learners to engage in learning",extracted_from_md_references,Extracted via 0-cost reference block parsing from proceedings markdown; 2016-2022 proceedings reference extraction can be generated via Tier 3 PDF reference parsing.
proc_cscl-2025,handle_1_7377,2025,2021,scaffolding tailored to students' diverse needs for successful learning in CSCL contexts.,extracted_from_md_references,Extracted via 0-cost reference block parsing from proceedings markdown; 2016-2022 proceedings reference extraction can be generated via Tier 3 PDF reference parsing.
proc_cscl-2025,handle_1_7352,2025,2021,Proceedings of the Eighth Intl. Conf. on Learning Analytics and Knowledge (pp. 417 – 426 ). New,extracted_from_md_references,Extracted via 0-cost reference block parsing from proceedings markdown; 2016-2022 proceedings reference extraction can be generated via Tier 3 PDF reference parsing.
proc_cscl-2025,handle_1_7453,2025,2021,based learning system for argumentation skills. In  Proceedings of the 2021 CHI conference on human,extracted_from_md_references,Extracted via 0-cost reference block parsing from proceedings markdown; 2016-2022 proceedings reference extraction can be generated via Tier 3 PDF reference parsing.
proc_cscl-2025.md_21655,handle_1_7299,2025,2021,"reflected on within the CSCL community (Hod et al., 2018). Bringing together a small group of practitioners and",extracted_from_md_references,Extracted via 0-cost reference block parsing from proceedings markdown; 2016-2022 proceedings reference extraction can be generated via Tier 3 PDF reference parsing.
proc_cscl-2025.md_21655,handle_1_7614,2025,2021,"Gomez, K., Kyza, E. A., & Mancevice, N. (2018). Participatory design and the learning sciences. In F. Fisher, C.",extracted_from_md_references,Extracted via 0-cost reference block parsing from proceedings markdown; 2016-2022 proceedings reference extraction can be generated via Tier 3 PDF reference parsing.
proc_cscl-2025.md_21655,handle_1_7352,2025,2021,"strategies.  In Proceedings of the fifth International Conference on Learning Analytics and Knowledge,",extracted_from_md_references,Extracted via 0-cost reference block parsing from proceedings markdown; 2016-2022 proceedings reference extraction can be generated via Tier 3 PDF reference parsing.
proc_cscl-2025.md_31422,handle_1_7314,2025,2021,"To promote beneficial interaction patterns and avoid problematic ones, CSCL research suggests two",extracted_from_md_references,Extracted via 0-cost reference block parsing from proceedings markdown; 2016-2022 proceedings reference extraction can be generated via Tier 3 PDF reference parsing.
proc_cscl-2025.md_31422,handle_1_7326,2025,2021,"technology learning environments (2007-2017). In M. Gresalfi, & I. S. Horn (Eds.),  ICLS 2020 -",extracted_from_md_references,Extracted via 0-cost reference block parsing from proceedings markdown; 2016-2022 proceedings reference extraction can be generated via Tier 3 PDF reference parsing.
proc_isls-2025,handle_1_7299,2025,2021,advance scripting and orchestration within the learning sciences.,extracted_from_md_references,Extracted via 0-cost reference block parsing from proceedings markdown; 2016-2022 proceedings reference extraction can be generated via Tier 3 PDF reference parsing.
proc_isls-2025,handle_1_7662,2025,2021,"scripting theory in CSCL, building on Schank’s (1980) ideas about knowledge as “scripts”. Pierre Dillenburg",extracted_from_md_references,Extracted via 0-cost reference block parsing from proceedings markdown; 2016-2022 proceedings reference extraction can be generated via Tier 3 PDF reference parsing.
proc_isls-2025,handle_1_7447,2025,2021,"Fischer, F., Sommerhoff, D., & Keune, A. (2023). Perspectives on learning from the learning sciences. In R. J.",extracted_from_md_references,Extracted via 0-cost reference block parsing from proceedings markdown; 2016-2022 proceedings reference extraction can be generated via Tier 3 PDF reference parsing.
proc_isls-2025,handle_1_7549,2025,2021,Future work and contributions to the learning sciences,extracted_from_md_references,Extracted via 0-cost reference block parsing from proceedings markdown; 2016-2022 proceedings reference extraction can be generated via Tier 3 PDF reference parsing.
proc_isls-2025,handle_1_7583,2025,2021,global community of critical action educators. In Proceedings of the 15th International Conference of the,extracted_from_md_references,Extracted via 0-cost reference block parsing from proceedings markdown; 2016-2022 proceedings reference extraction can be generated via Tier 3 PDF reference parsing.
proc_icls-2025,handle_1_6721,2025,2020,"Mechanistic Reasoning in Science Learning, Journal of the Learning Sciences , 28:2, 160-205.",extracted_from_md_references,Extracted via 0-cost reference block parsing from proceedings markdown; 2016-2022 proceedings reference extraction can be generated via Tier 3 PDF reference parsing.
proc_icls-2025,handle_1_6351,2025,2020,"Esmonde, I., & Booker, A. N. (Eds.). (2016). Power and privilege in the learning sciences: Critical and",extracted_from_md_references,Extracted via 0-cost reference block parsing from proceedings markdown; 2016-2022 proceedings reference extraction can be generated via Tier 3 PDF reference parsing.
proc_icls-2025,handle_1_6679,2025,2020,"children will develop. As such, I pull inspiration from studies within the Learning Sciences regarding how nature-",extracted_from_md_references,Extracted via 0-cost reference block parsing from proceedings markdown; 2016-2022 proceedings reference extraction can be generated via Tier 3 PDF reference parsing.
proc_icls-2025,handle_1_6509,2025,2020,2013). Humanizing pedagogy is an approach in the learning sciences that  has been identified as a promising,extracted_from_md_references,Extracted via 0-cost reference block parsing from proceedings markdown; 2016-2022 proceedings reference extraction can be generated via Tier 3 PDF reference parsing.
proc_icls-2025,handle_1_6728,2025,2020,"Challenge for the Design of New Knowledge Media. Journal of the Learning Sciences , 1(1), 37 –68.",extracted_from_md_references,Extracted via 0-cost reference block parsing from proceedings markdown; 2016-2022 proceedings reference extraction can be generated via Tier 3 PDF reference parsing.
proc_icls-2025,handle_1_6320,2025,2020,TunePad: Engaging Learners at the Intersection of Music and Code. ICLS .,extracted_from_md_references,Extracted via 0-cost reference block parsing from proceedings markdown; 2016-2022 proceedings reference extraction can be generated via Tier 3 PDF reference parsing.
proc_icls-2025,handle_1_6663,2025,2020,Broadening the infrastructuring turn in the Learning Sciences,extracted_from_md_references,Extracted via 0-cost reference block parsing from proceedings markdown; 2016-2022 proceedings reference extraction can be generated via Tier 3 PDF reference parsing.
proc_icls-2025,handle_1_6358,2025,2020,Contexts for Life Science Maker Education. Proceedings of the 16th International Conference of the,extracted_from_md_references,Extracted via 0-cost reference block parsing from proceedings markdown; 2016-2022 proceedings reference extraction can be generated via Tier 3 PDF reference parsing.
proc_icls-2025,handle_1_6618,2025,2020,"activities across settings. Journal of the Learning Sciences, 9(4), 373–401.",extracted_from_md_references,Extracted via 0-cost reference block parsing from proceedings markdown; 2016-2022 proceedings reference extraction can be generated via Tier 3 PDF reference parsing.
proc_icls-2025.md_52695,handle_1_6664,2025,2020,"Shufang Tan, Lab of Learning Sciences, Graduate School of Education, Peking University, tsf@stu.pku.edu.cn",extracted_from_md_references,Extracted via 0-cost reference block parsing from proceedings markdown; 2016-2022 proceedings reference extraction can be generated via Tier 3 PDF reference parsing.
proc_icls-2025.md_52695,handle_1_6368,2025,2020,In Proceedings of the 2004 conference on Interaction design and children: building a community  (pp.,extracted_from_md_references,Extracted via 0-cost reference block parsing from proceedings markdown; 2016-2022 proceedings reference extraction can be generated via Tier 3 PDF reference parsing.
proc_icls-2025.md_52695,handle_1_6836,2025,2020,"students’ racialized and linguistic experiences. Journal of the Learning Sciences, 1 –42.",extracted_from_md_references,Extracted via 0-cost reference block parsing from proceedings markdown; 2016-2022 proceedings reference extraction can be generated via Tier 3 PDF reference parsing.
proc_icls-2025.md_52695,handle_1_6351,2025,2020,for Critical Action Educators. Proceedings of t he International Society of the Learning Sciences (ISLS),extracted_from_md_references,Extracted via 0-cost reference block parsing from proceedings markdown; 2016-2022 proceedings reference extraction can be generated via Tier 3 PDF reference parsing.
proc_icls-2025.md_52695,handle_1_6579,2025,2020,"Zhu, X. et al. (2024). Bridging Social Annotation Practice with Perspectives from the Learning Sciences and",extracted_from_md_references,Extracted via 0-cost reference block parsing from proceedings markdown; 2016-2022 proceedings reference extraction can be generated via Tier 3 PDF reference parsing.
proc_icls-2025.md_52695,handle_1_6679,2025,2020,"Scholarship in the field of Learning Sciences has studied the socially-mediated nature of agency, bringing to fore",extracted_from_md_references,Extracted via 0-cost reference block parsing from proceedings markdown; 2016-2022 proceedings reference extraction can be generated via Tier 3 PDF reference parsing.
proc_icls-2025.md_52695,handle_1_6663,2025,2020,"This analysis offers theoretical and methodological implications for the Learning Sciences. First, the",extracted_from_md_references,Extracted via 0-cost reference block parsing from proceedings markdown; 2016-2022 proceedings reference extraction can be generated via Tier 3 PDF reference parsing.
proc_icls-2025.md_52695,handle_1_6721,2025,2020,"Mechanistic Reasoning in Science Learning. Journal of the Learning Sciences , 28(2), 160 –205.",extracted_from_md_references,Extracted via 0-cost reference block parsing from proceedings markdown; 2016-2022 proceedings reference extraction can be generated via Tier 3 PDF reference parsing.
proc_icls-2025.md_52695,handle_1_6823,2025,2020,"Identity in Basketball and Classroom Mathematics. Journal of the Learning Sciences , 17(2), 143–179.",extracted_from_md_references,Extracted via 0-cost reference block parsing from proceedings markdown; 2016-2022 proceedings reference extraction can be generated via Tier 3 PDF reference parsing.
proc_icls-2025.md_52695,handle_1_6316,2025,2020,in educational decision- making. This study contributes to the literature in the learning sciences by showcasing,extracted_from_md_references,Extracted via 0-cost reference block parsing from proceedings markdown; 2016-2022 proceedings reference extraction can be generated via Tier 3 PDF reference parsing.
proc_icls-2025.md_52695,handle_1_6844,2025,2020,"explanations by fading scaffolds in instructional materials.  The Journal of the Learning Sciences , 15(2),",extracted_from_md_references,Extracted via 0-cost reference block parsing from proceedings markdown; 2016-2022 proceedings reference extraction can be generated via Tier 3 PDF reference parsing.
proc_icls-2025.md_52695,handle_1_6435,2025,2020,"Science, technology, engineering, and math (STEM) identity has become a popular focus within learning sciences",extracted_from_md_references,Extracted via 0-cost reference block parsing from proceedings markdown; 2016-2022 proceedings reference extraction can be generated via Tier 3 PDF reference parsing.
proc_icls-2025.md_52695,handle_1_6370,2025,2020,Research-Practice Partnerships (RPPs) are increasingly recognized by the learning sciences community as an,extracted_from_md_references,Extracted via 0-cost reference block parsing from proceedings markdown; 2016-2022 proceedings reference extraction can be generated via Tier 3 PDF reference parsing.
proc_icls-2025.md_52695,handle_1_6704,2025,2020,"Challenges and opportunities. Information and Learning Sciences , 122(3/4), 292 –314.",extracted_from_md_references,Extracted via 0-cost reference block parsing from proceedings markdown; 2016-2022 proceedings reference extraction can be generated via Tier 3 PDF reference parsing.
proc_icls-2025.md_52695,handle_1_6753,2025,2020,synchronous culturally responsive computing camp for middle school girls. Proceedings of the 27th ACM,extracted_from_md_references,Extracted via 0-cost reference block parsing from proceedings markdown; 2016-2022 proceedings reference extraction can be generated via Tier 3 PDF reference parsing.
proc_icls-2025.md_52695,handle_1_6427,2025,2020,"Despite increasing awareness of emotion regulation in the learning sciences, most professional",extracted_from_md_references,Extracted via 0-cost reference block parsing from proceedings markdown; 2016-2022 proceedings reference extraction can be generated via Tier 3 PDF reference parsing.
proc_icls-2025.md_52695,handle_1_6506,2025,2020,"perpetuates discourse in a mathematics classroom. The Journal of the Learning Sciences, 16(4), 523 -",extracted_from_md_references,Extracted via 0-cost reference block parsing from proceedings markdown; 2016-2022 proceedings reference extraction can be generated via Tier 3 PDF reference parsing.
proc_icls-2025.md_52695,handle_1_6479,2025,2020,learning sciences theories and instructional strategies.,extracted_from_md_references,Extracted via 0-cost reference block parsing from proceedings markdown; 2016-2022 proceedings reference extraction can be generated via Tier 3 PDF reference parsing.
proc_icls-2025.md_52695,handle_1_6509,2025,2020,by building on the rich tradition in learning sciences and child -computer interaction of positioning young people,extracted_from_md_references,Extracted via 0-cost reference block parsing from proceedings markdown; 2016-2022 proceedings reference extraction can be generated via Tier 3 PDF reference parsing.
proc_icls-2025.md_123078,handle_1_6509,2025,2020,"Humanizing pedagogies and the learning sciences. In Gresalfi, M. and Horn, I. S. (Eds.), The",extracted_from_md_references,Extracted via 0-cost reference block parsing from proceedings markdown; 2016-2022 proceedings reference extraction can be generated via Tier 3 PDF reference parsing.
proc_icls-2025.md_123078,handle_1_6304,2025,2020,"about design in the learning sciences. These include who and what design agents are , how",extracted_from_md_references,Extracted via 0-cost reference block parsing from proceedings markdown; 2016-2022 proceedings reference extraction can be generated via Tier 3 PDF reference parsing.
proc_icls-2025.md_123078,handle_1_6679,2025,2020,"trouble the stance of humans as primary agent s, learners, and designer s within the learning sciences. This shift",extracted_from_md_references,Extracted via 0-cost reference block parsing from proceedings markdown; 2016-2022 proceedings reference extraction can be generated via Tier 3 PDF reference parsing.
proc_icls-2025.md_123078,handle_1_6351,2025,2020,"(Smith, 1999). We learn from scholarship in the Learning Sciences that attends to learning as emergent in and",extracted_from_md_references,Extracted via 0-cost reference block parsing from proceedings markdown; 2016-2022 proceedings reference extraction can be generated via Tier 3 PDF reference parsing.
proc_icls-2025.md_123078,handle_1_6512,2025,2020,storylistening towards collective learning and relational becoming. In Proceedings of the 16th,extracted_from_md_references,Extracted via 0-cost reference block parsing from proceedings markdown; 2016-2022 proceedings reference extraction can be generated via Tier 3 PDF reference parsing.
proc_icls-2025.md_123078,handle_1_6663,2025,2020,"approaches to racial justice in the learning sciences and synthesize across a range of geographic, theoretical, and",extracted_from_md_references,Extracted via 0-cost reference block parsing from proceedings markdown; 2016-2022 proceedings reference extraction can be generated via Tier 3 PDF reference parsing.
proc_icls-2025.md_123078,handle_1_6823,2025,2020,"identity in basketball and classroom mathematics. Journal of the Learning Sciences, 17(2), 143- 180.",extracted_from_md_references,Extracted via 0-cost reference block parsing from proceedings markdown; 2016-2022 proceedings reference extraction can be generated via Tier 3 PDF reference parsing.
proc_icls-2025.md_123078,handle_1_6664,2025,2020,"Donaldson, J. P. (2019b). Conceptualizations of learning in the learning sciences and stem education  [Ph.D.",extracted_from_md_references,Extracted via 0-cost reference block parsing from proceedings markdown; 2016-2022 proceedings reference extraction can be generated via Tier 3 PDF reference parsing.
proc_icls-2025.md_123078,handle_1_6728,2025,2020,"for the design of new knowledge media. Journal of the Learning Sciences, 1(1), 37–68.",extracted_from_md_references,Extracted via 0-cost reference block parsing from proceedings markdown; 2016-2022 proceedings reference extraction can be generated via Tier 3 PDF reference parsing.
proc_icls-2025.md_123078,handle_1_6602,2025,2020,Learning sciences is producing new literature related to how we teach and learn data and data science by focusing,extracted_from_md_references,Extracted via 0-cost reference block parsing from proceedings markdown; 2016-2022 proceedings reference extraction can be generated via Tier 3 PDF reference parsing.
proc_icls-2025.md_123078,handle_1_6435,2025,2020,"Active learning increases student performance in science, engineering, and mathematics. Proceedings of",extracted_from_md_references,Extracted via 0-cost reference block parsing from proceedings markdown; 2016-2022 proceedings reference extraction can be generated via Tier 3 PDF reference parsing.
proc_icls-2025.md_123078,handle_1_6647,2025,2020,"Krist, C. (2020). Building trust: Supporting vulnerability for doing science in school. Proceedings of the 14th",extracted_from_md_references,Extracted via 0-cost reference block parsing from proceedings markdown; 2016-2022 proceedings reference extraction can be generated via Tier 3 PDF reference parsing.
proc_icls-2025.md_123078,handle_1_6294,2025,2020,"Lira, M. (2020a). How Knowledge -in-Pieces Informs Research in Math -Bio Education. Proceedings of the",extracted_from_md_references,Extracted via 0-cost reference block parsing from proceedings markdown; 2016-2022 proceedings reference extraction can be generated via Tier 3 PDF reference parsing.
proc_icls-2025.md_123078,handle_1_6457,2025,2020,scholars in LS as they work across ISLS workshops and empirical projects. The research directions outlined above,extracted_from_md_references,Extracted via 0-cost reference block parsing from proceedings markdown; 2016-2022 proceedings reference extraction can be generated via Tier 3 PDF reference parsing.
proc_icls-2025.md_123078,handle_1_6506,2025,2020,"for increasing classroom discourse and student learning.  Journal of the Learning Sciences , 29(4-5), 642–",extracted_from_md_references,Extracted via 0-cost reference block parsing from proceedings markdown; 2016-2022 proceedings reference extraction can be generated via Tier 3 PDF reference parsing.
proc_icls-2025.md_123078,handle_1_6400,2025,2020,and collaboration. Proceedings of the 2nd International Conference on Learning Analytics and,extracted_from_md_references,Extracted via 0-cost reference block parsing from proceedings markdown; 2016-2022 proceedings reference extraction can be generated via Tier 3 PDF reference parsing.
proc_cscl-2025,handle_1_6520,2025,2020,RQ1: shared conceptual ground on CSCL and collaborative learning,extracted_from_md_references,Extracted via 0-cost reference block parsing from proceedings markdown; 2016-2022 proceedings reference extraction can be generated via Tier 3 PDF reference parsing.
proc_cscl-2025,handle_1_6658,2025,2020,"learning (CSCL) using group awareness tools, which can collect, transform, and present knowledge-related",extracted_from_md_references,Extracted via 0-cost reference block parsing from proceedings markdown; 2016-2022 proceedings reference extraction can be generated via Tier 3 PDF reference parsing.
proc_cscl-2025,handle_1_6745,2025,2020,shared regulation of learning in CSCL: Understanding and prompting individual- and group-level shared,extracted_from_md_references,Extracted via 0-cost reference block parsing from proceedings markdown; 2016-2022 proceedings reference extraction can be generated via Tier 3 PDF reference parsing.
proc_cscl-2025,handle_1_6309,2025,2020,"To introduce group awareness in CSCL, tools and mechanisms have been developed to provide students",extracted_from_md_references,Extracted via 0-cost reference block parsing from proceedings markdown; 2016-2022 proceedings reference extraction can be generated via Tier 3 PDF reference parsing.
proc_cscl-2025,handle_1_6765,2025,2020,RQ1: What are the differences in learners’ CSCL performance between collaborative learning with and,extracted_from_md_references,Extracted via 0-cost reference block parsing from proceedings markdown; 2016-2022 proceedings reference extraction can be generated via Tier 3 PDF reference parsing.
proc_cscl-2025,handle_1_6351,2025,2020,"An empirical study of an emergent construct.  Journal of the Learning Sciences ,  19 (2), 143 – 186.",extracted_from_md_references,Extracted via 0-cost reference block parsing from proceedings markdown; 2016-2022 proceedings reference extraction can be generated via Tier 3 PDF reference parsing.
proc_cscl-2025.md_21655,handle_1_6765,2025,2020,CoPs within the CSCL and Learning Sciences communities. Mapping out similarities and differences between,extracted_from_md_references,Extracted via 0-cost reference block parsing from proceedings markdown; 2016-2022 proceedings reference extraction can be generated via Tier 3 PDF reference parsing.
proc_cscl-2025.md_21655,handle_1_6351,2025,2020,"empirical study of an emergent construct. The Journal of the Learning Sciences, 19(2), 143-186.",extracted_from_md_references,Extracted via 0-cost reference block parsing from proceedings markdown; 2016-2022 proceedings reference extraction can be generated via Tier 3 PDF reference parsing.
proc_cscl-2025.md_21655,handle_1_6728,2025,2020,CSCL literature. Productive dialogues as part of computational design for learning activities cannot be taken for,extracted_from_md_references,Extracted via 0-cost reference block parsing from proceedings markdown; 2016-2022 proceedings reference extraction can be generated via Tier 3 PDF reference parsing.
proc_cscl-2025.md_31422,handle_1_6813,2025,2020,Immediacy of Strategies to Regulate Collaborative Learning. In  Proceedings of the 14th International,extracted_from_md_references,Extracted via 0-cost reference block parsing from proceedings markdown; 2016-2022 proceedings reference extraction can be generated via Tier 3 PDF reference parsing.
proc_cscl-2025.md_31422,handle_1_6368,2025,2020,"design knowledge in CSCL, encouraging the community to refine and share effective designs.",extracted_from_md_references,Extracted via 0-cost reference block parsing from proceedings markdown; 2016-2022 proceedings reference extraction can be generated via Tier 3 PDF reference parsing.
proc_cscl-2025.md_31422,handle_1_6482,2025,2020,learning in their first KB instructional practices along with a CSCL environment in the Knowledge Forum?,extracted_from_md_references,Extracted via 0-cost reference block parsing from proceedings markdown; 2016-2022 proceedings reference extraction can be generated via Tier 3 PDF reference parsing.
proc_isls-2025,handle_1_6704,2025,2020,Contextualising opportunities and challenges through the learning analytics cycle. In  Proceedings of the,extracted_from_md_references,Extracted via 0-cost reference block parsing from proceedings markdown; 2016-2022 proceedings reference extraction can be generated via Tier 3 PDF reference parsing.
proc_isls-2025,handle_1_6363,2025,2020,"learning (CSCL), and design-based research methods, a term he coined in the late 1990s.",extracted_from_md_references,Extracted via 0-cost reference block parsing from proceedings markdown; 2016-2022 proceedings reference extraction can be generated via Tier 3 PDF reference parsing.
proc_isls-2025,handle_1_6751,2025,2020,effective learning. Her research includes a strong emphasis on the role of emotions in CSCL.,extracted_from_md_references,Extracted via 0-cost reference block parsing from proceedings markdown; 2016-2022 proceedings reference extraction can be generated via Tier 3 PDF reference parsing.
proc_isls-2025,handle_1_6558,2025,2020,"Historically, the learning sciences have evolved around various disciplines, such as cognitive science, sociology",extracted_from_md_references,Extracted via 0-cost reference block parsing from proceedings markdown; 2016-2022 proceedings reference extraction can be generated via Tier 3 PDF reference parsing.
proc_isls-2025,handle_1_6475,2025,2020,workshop on facilitating and supporting exchange between learning sciences programs. Your program may,extracted_from_md_references,Extracted via 0-cost reference block parsing from proceedings markdown; 2016-2022 proceedings reference extraction can be generated via Tier 3 PDF reference parsing.
proc_isls-2025,handle_1_6353,2025,2020,Learning Sciences as a key interdisciplinary nexus for integrating computing education into our primary and,extracted_from_md_references,Extracted via 0-cost reference block parsing from proceedings markdown; 2016-2022 proceedings reference extraction can be generated via Tier 3 PDF reference parsing.
proc_isls-2025,handle_1_6663,2025,2020,Theoretical approach and relevance to the learning sciences,extracted_from_md_references,Extracted via 0-cost reference block parsing from proceedings markdown; 2016-2022 proceedings reference extraction can be generated via Tier 3 PDF reference parsing.
proc_isls-2025,handle_1_6509,2025,2020,This workshop addresses critical questions in the learning sciences: How can embodied pedagogies,extracted_from_md_references,Extracted via 0-cost reference block parsing from proceedings markdown; 2016-2022 proceedings reference extraction can be generated via Tier 3 PDF reference parsing.
proc_isls-2025,handle_1_6728,2025,2020,"for the design of new knowledge media.  The Journal of the learning sciences ,  1 (1), 37-68.",extracted_from_md_references,Extracted via 0-cost reference block parsing from proceedings markdown; 2016-2022 proceedings reference extraction can be generated via Tier 3 PDF reference parsing.
proc_isls-2025,handle_1_6351,2025,2020,"Esmonde, I., & Booker, A. N. (Eds.). (2017).  Power and privilege in the learning sciences: Critical and",extracted_from_md_references,Extracted via 0-cost reference block parsing from proceedings markdown; 2016-2022 proceedings reference extraction can be generated via Tier 3 PDF reference parsing.
proc_icls-2025,handle_1_4573,2025,2019,"L., Sherin, M. G., & Sherin, B. L. (2010). Conducting video research in the learning sciences: Guidance",extracted_from_md_references,Extracted via 0-cost reference block parsing from proceedings markdown; 2016-2022 proceedings reference extraction can be generated via Tier 3 PDF reference parsing.
proc_icls-2025,handle_1_4429,2025,2019,"mathematics education. Journal of the Learning Sciences, 25, 203–239.",extracted_from_md_references,Extracted via 0-cost reference block parsing from proceedings markdown; 2016-2022 proceedings reference extraction can be generated via Tier 3 PDF reference parsing.
proc_icls-2025,handle_1_4557,2025,2019,collaborative agent-based modeling. In: Proceedings of the 12th international conference ofthe learning,extracted_from_md_references,Extracted via 0-cost reference block parsing from proceedings markdown; 2016-2022 proceedings reference extraction can be generated via Tier 3 PDF reference parsing.
proc_icls-2025.md_52695,handle_1_4573,2025,2019,"Derry, S. J., Pea, R. D., Barron, B., & Engle, R. A. (2010). Conducting video research in the learning sciences:",extracted_from_md_references,Extracted via 0-cost reference block parsing from proceedings markdown; 2016-2022 proceedings reference extraction can be generated via Tier 3 PDF reference parsing.
proc_icls-2025.md_52695,handle_1_4471,2025,2019,Science Education: A Critical Review. In Proceedings of the 18th International Conference of the,extracted_from_md_references,Extracted via 0-cost reference block parsing from proceedings markdown; 2016-2022 proceedings reference extraction can be generated via Tier 3 PDF reference parsing.
proc_icls-2025.md_123078,handle_1_4573,2025,2019,argument for bringing the learning sciences and associated research fields into planning classrooms. For the last,extracted_from_md_references,Extracted via 0-cost reference block parsing from proceedings markdown; 2016-2022 proceedings reference extraction can be generated via Tier 3 PDF reference parsing.
proc_icls-2025.md_123078,handle_1_4502,2025,2019,"Desettling interaction analysis methods. In E. de Vries, Y. Hod, & J. Ahn (Eds.), Proceedings of the 15th",extracted_from_md_references,Extracted via 0-cost reference block parsing from proceedings markdown; 2016-2022 proceedings reference extraction can be generated via Tier 3 PDF reference parsing.
proc_icls-2025.md_123078,handle_1_4471,2025,2019,computer science: a systematic literature review. In Proceedings of the 2019 ACM Conference on,extracted_from_md_references,Extracted via 0-cost reference block parsing from proceedings markdown; 2016-2022 proceedings reference extraction can be generated via Tier 3 PDF reference parsing.
proc_icls-2025.md_123078,handle_1_4539,2025,2019,computational thinking in elementary grades. In Proceedings of the International Conference on the,extracted_from_md_references,Extracted via 0-cost reference block parsing from proceedings markdown; 2016-2022 proceedings reference extraction can be generated via Tier 3 PDF reference parsing.
proc_icls-2025.md_123078,handle_1_4554,2025,2019,"Donaldson, J. P. (2019a, June 17- 21). Conceptualizations of learning in ijCSCL . The 13th International",extracted_from_md_references,Extracted via 0-cost reference block parsing from proceedings markdown; 2016-2022 proceedings reference extraction can be generated via Tier 3 PDF reference parsing.
proc_icls-2025.md_123078,handle_1_4517,2025,2019,"Thompson, J. (2014). Engaging girls’ sociohistorical identities in science. Journal of the Learning Sciences, 23(3),",extracted_from_md_references,Extracted via 0-cost reference block parsing from proceedings markdown; 2016-2022 proceedings reference extraction can be generated via Tier 3 PDF reference parsing.
proc_icls-2025.md_123078,handle_1_4418,2025,2019,in the learning sciences community as a tool for understanding how students learn. It suggests,extracted_from_md_references,Extracted via 0-cost reference block parsing from proceedings markdown; 2016-2022 proceedings reference extraction can be generated via Tier 3 PDF reference parsing.
proc_icls-2025.md_123078,handle_1_4576,2025,2019,"multiple representations. Journal of the Learning Sciences, 20(3), 489-547.",extracted_from_md_references,Extracted via 0-cost reference block parsing from proceedings markdown; 2016-2022 proceedings reference extraction can be generated via Tier 3 PDF reference parsing.
proc_cscl-2025,handle_1_4573,2025,2019,need for research that quantifies insights on learning sciences such as knowledge convergence and connects them,extracted_from_md_references,Extracted via 0-cost reference block parsing from proceedings markdown; 2016-2022 proceedings reference extraction can be generated via Tier 3 PDF reference parsing.
proc_cscl-2025,handle_1_4505,2025,2019,"research.  Additionally,  CSCL  was  defined  as  research-oriented  through  its  emphasis  on  understanding",extracted_from_md_references,Extracted via 0-cost reference block parsing from proceedings markdown; 2016-2022 proceedings reference extraction can be generated via Tier 3 PDF reference parsing.
proc_cscl-2025,handle_1_4403,2025,2019,Some empirical studies demonstrate the benefits of group awareness tools in CSCL. Students using these,extracted_from_md_references,Extracted via 0-cost reference block parsing from proceedings markdown; 2016-2022 proceedings reference extraction can be generated via Tier 3 PDF reference parsing.
proc_cscl-2025,handle_1_4575,2025,2019,and Social Interactions and Epistemic Actions in Collaborative Inquiry Practice. In  Proceedings of the,extracted_from_md_references,Extracted via 0-cost reference block parsing from proceedings markdown; 2016-2022 proceedings reference extraction can be generated via Tier 3 PDF reference parsing.
proc_cscl-2025,handle_1_4546,2025,2019,"environments (Saqr & López-Pernas, 2021). Epistemic Network Analysis (ENA) is   another popular CSCL",extracted_from_md_references,Extracted via 0-cost reference block parsing from proceedings markdown; 2016-2022 proceedings reference extraction can be generated via Tier 3 PDF reference parsing.
proc_cscl-2025,handle_1_4429,2025,2019,"mathematics education.  Journal of the Learning Sciences, 25 (2), 203-239.",extracted_from_md_references,Extracted via 0-cost reference block parsing from proceedings markdown; 2016-2022 proceedings reference extraction can be generated via Tier 3 PDF reference parsing.
proc_cscl-2025.md_21655,handle_1_4471,2025,2019,environments: A review of empirical research. In Proceedings of the Tenth International Conference on,extracted_from_md_references,Extracted via 0-cost reference block parsing from proceedings markdown; 2016-2022 proceedings reference extraction can be generated via Tier 3 PDF reference parsing.
proc_cscl-2025.md_21655,handle_1_4573,2025,2019,"However, research in the Learning Sciences and Science and Technology Studies (STS), such as Latour’s actor-",extracted_from_md_references,Extracted via 0-cost reference block parsing from proceedings markdown; 2016-2022 proceedings reference extraction can be generated via Tier 3 PDF reference parsing.
proc_cscl-2025.md_21655,handle_1_4389,2025,2019,"semantic network analysis (SSNA). Rooted in CSCL literature, AIC captures key learning constructs—joint",extracted_from_md_references,Extracted via 0-cost reference block parsing from proceedings markdown; 2016-2022 proceedings reference extraction can be generated via Tier 3 PDF reference parsing.
proc_cscl-2025.md_21655,handle_1_4390,2025,2019,"The learning context is  EcoJourneys,  a game-based CSCL, teaches aquatic ecosystems and fosters collaborative",extracted_from_md_references,Extracted via 0-cost reference block parsing from proceedings markdown; 2016-2022 proceedings reference extraction can be generated via Tier 3 PDF reference parsing.
proc_cscl-2025.md_31422,handle_1_4573,2025,2019,Collaborative Learning - CSCL 2023 (pp. 337-346). International Society of the Learning Sciences.,extracted_from_md_references,Extracted via 0-cost reference block parsing from proceedings markdown; 2016-2022 proceedings reference extraction can be generated via Tier 3 PDF reference parsing.
proc_isls-2025,handle_1_4573,2025,2019,Collaborative Learning – CSCL 2022  (pp. 340–343). International Society of the Learning Sciences.,extracted_from_md_references,Extracted via 0-cost reference block parsing from proceedings markdown; 2016-2022 proceedings reference extraction can be generated via Tier 3 PDF reference parsing.
proc_icls-2025,handle_1_828,2025,2018,"development community. Journal of the Learning Sciences, 32(4-5), 573-621.",extracted_from_md_references,Extracted via 0-cost reference block parsing from proceedings markdown; 2016-2022 proceedings reference extraction can be generated via Tier 3 PDF reference parsing.
proc_icls-2025,handle_1_892,2025,2018,Abstract: Building on the recent growth of explicitly queer approaches to  learning sciences,extracted_from_md_references,Extracted via 0-cost reference block parsing from proceedings markdown; 2016-2022 proceedings reference extraction can be generated via Tier 3 PDF reference parsing.
proc_icls-2025,handle_1_858,2025,2018,"International Conference of Learning Sciences Annual Theme, “Educating for world -making: Envisioning and",extracted_from_md_references,Extracted via 0-cost reference block parsing from proceedings markdown; 2016-2022 proceedings reference extraction can be generated via Tier 3 PDF reference parsing.
proc_icls-2025,handle_1_613,2025,2018,the learning sciences; emerging research on social interactions in (early childhood) tangible programming,extracted_from_md_references,Extracted via 0-cost reference block parsing from proceedings markdown; 2016-2022 proceedings reference extraction can be generated via Tier 3 PDF reference parsing.
proc_icls-2025,handle_1_661,2025,2018,In Proceedings of the 45th ACM technical symposium on Computer science education  (pp. 487-492).,extracted_from_md_references,Extracted via 0-cost reference block parsing from proceedings markdown; 2016-2022 proceedings reference extraction can be generated via Tier 3 PDF reference parsing.
proc_icls-2025,handle_1_874,2025,2018,Representational Fluency across Contexts in Computational Thinking Enhanced Activities. ICLS 2021,extracted_from_md_references,Extracted via 0-cost reference block parsing from proceedings markdown; 2016-2022 proceedings reference extraction can be generated via Tier 3 PDF reference parsing.
proc_icls-2025,handle_1_869,2025,2018,embodied interaction in support of learning. Proceedings of the Sixth International Conference on,extracted_from_md_references,Extracted via 0-cost reference block parsing from proceedings markdown; 2016-2022 proceedings reference extraction can be generated via Tier 3 PDF reference parsing.
proc_icls-2025,handle_1_838,2025,2018,foundation of the exploring computer science professional development model. In Proceedings of the,extracted_from_md_references,Extracted via 0-cost reference block parsing from proceedings markdown; 2016-2022 proceedings reference extraction can be generated via Tier 3 PDF reference parsing.
proc_icls-2025,handle_1_489,2025,2018,"computational thinking practices in embodied gesture. ICLS 2021 Proceedings, 171 –178.",extracted_from_md_references,Extracted via 0-cost reference block parsing from proceedings markdown; 2016-2022 proceedings reference extraction can be generated via Tier 3 PDF reference parsing.
proc_icls-2025,handle_1_501,2025,2018,"For instance, how do the Learning Sciences conceptualize where Black learners' alternative approaches",extracted_from_md_references,Extracted via 0-cost reference block parsing from proceedings markdown; 2016-2022 proceedings reference extraction can be generated via Tier 3 PDF reference parsing.
proc_icls-2025,handle_1_640,2025,2018,research in the Learning Sciences focused on sensemaking informed questions for TVI interviews. An initial focus,extracted_from_md_references,Extracted via 0-cost reference block parsing from proceedings markdown; 2016-2022 proceedings reference extraction can be generated via Tier 3 PDF reference parsing.
proc_icls-2025,handle_1_764,2025,2018,"and social ostracization. In addition to historical accounts, education and learning sciences scholars work to",extracted_from_md_references,Extracted via 0-cost reference block parsing from proceedings markdown; 2016-2022 proceedings reference extraction can be generated via Tier 3 PDF reference parsing.
proc_icls-2025,handle_1_798,2025,2018,"repeated by listeners or motivate new forms of participation in social life. For the learning sciences, this study",extracted_from_md_references,Extracted via 0-cost reference block parsing from proceedings markdown; 2016-2022 proceedings reference extraction can be generated via Tier 3 PDF reference parsing.
proc_icls-2025.md_52695,handle_1_828,2025,2018,"learners’ and teachers’ gestures. Journal of the Learning Sciences, 21(2), 247–286.",extracted_from_md_references,Extracted via 0-cost reference block parsing from proceedings markdown; 2016-2022 proceedings reference extraction can be generated via Tier 3 PDF reference parsing.
proc_icls-2025.md_52695,handle_1_712,2025,2018,"In 2024, the Journal of the Learning Sciences dedicated its annual special issue to interdisciplinary teaching and",extracted_from_md_references,Extracted via 0-cost reference block parsing from proceedings markdown; 2016-2022 proceedings reference extraction can be generated via Tier 3 PDF reference parsing.
proc_icls-2025.md_52695,handle_1_661,2025,2018,Initiative. In Proceedings of the 50th ACM Technical Symposium on Computer Science Education  (pp.,extracted_from_md_references,Extracted via 0-cost reference block parsing from proceedings markdown; 2016-2022 proceedings reference extraction can be generated via Tier 3 PDF reference parsing.
proc_icls-2025.md_52695,handle_1_892,2025,2018,"educational equity in Learning Sciences (ISLS, 2025). While our dataset was synthetic, the iterative collaboration",extracted_from_md_references,Extracted via 0-cost reference block parsing from proceedings markdown; 2016-2022 proceedings reference extraction can be generated via Tier 3 PDF reference parsing.
proc_icls-2025.md_52695,handle_1_525,2025,2018,approaches grounded in the learning sciences is a small step towards empowering them in their teaching journeys.,extracted_from_md_references,Extracted via 0-cost reference block parsing from proceedings markdown; 2016-2022 proceedings reference extraction can be generated via Tier 3 PDF reference parsing.
proc_icls-2025.md_52695,handle_1_749,2025,2018,and science identity development. In Proceedings of the 18th International Conference of the Learning,extracted_from_md_references,Extracted via 0-cost reference block parsing from proceedings markdown; 2016-2022 proceedings reference extraction can be generated via Tier 3 PDF reference parsing.
proc_icls-2025.md_52695,handle_1_791,2025,2018,"From a learning sciences perspective, this study sheds light on how external scaffolds, such as AI analysis,",extracted_from_md_references,Extracted via 0-cost reference block parsing from proceedings markdown; 2016-2022 proceedings reference extraction can be generated via Tier 3 PDF reference parsing.
proc_icls-2025.md_52695,handle_1_739,2025,2018,"Participatory digital mapping and the pursuit of a third space.  Journal of the Learning Sciences , 29(1),",extracted_from_md_references,Extracted via 0-cost reference block parsing from proceedings markdown; 2016-2022 proceedings reference extraction can be generated via Tier 3 PDF reference parsing.
proc_icls-2025.md_52695,handle_1_496,2025,2018,the learning sciences more specifically signals how these experiences are only bolstered through an affective and,extracted_from_md_references,Extracted via 0-cost reference block parsing from proceedings markdown; 2016-2022 proceedings reference extraction can be generated via Tier 3 PDF reference parsing.
proc_icls-2025.md_52695,handle_1_475,2025,2018,"connection. As conversations around technology and young children continue to evolve, learning sciences",extracted_from_md_references,Extracted via 0-cost reference block parsing from proceedings markdown; 2016-2022 proceedings reference extraction can be generated via Tier 3 PDF reference parsing.
proc_icls-2025.md_52695,handle_1_865,2025,2018,conceptualization of affective revelations contributes to learning sciences research theorizing,extracted_from_md_references,Extracted via 0-cost reference block parsing from proceedings markdown; 2016-2022 proceedings reference extraction can be generated via Tier 3 PDF reference parsing.
proc_icls-2025.md_52695,handle_1_717,2025,2018,"research in the learning sciences, the project challenges infirmin g narratives of children",extracted_from_md_references,Extracted via 0-cost reference block parsing from proceedings markdown; 2016-2022 proceedings reference extraction can be generated via Tier 3 PDF reference parsing.
proc_icls-2025.md_52695,handle_1_701,2025,2018,Research in Cognitive Science and the Learning Sciences has examined how to support learners to attend,extracted_from_md_references,Extracted via 0-cost reference block parsing from proceedings markdown; 2016-2022 proceedings reference extraction can be generated via Tier 3 PDF reference parsing.
proc_icls-2025.md_123078,handle_1_828,2025,2018,"and what this perspective adds to conceptualizations of enactment in the learning sciences (Poizat et al, 2024). In",extracted_from_md_references,Extracted via 0-cost reference block parsing from proceedings markdown; 2016-2022 proceedings reference extraction can be generated via Tier 3 PDF reference parsing.
proc_icls-2025.md_123078,handle_1_625,2025,2018,"the societal impact of learning sciences via simulation, especially in the context of higher education, educational",extracted_from_md_references,Extracted via 0-cost reference block parsing from proceedings markdown; 2016-2022 proceedings reference extraction can be generated via Tier 3 PDF reference parsing.
proc_icls-2025.md_123078,handle_1_892,2025,2018,"to promote equity over multiple timescales. Journal of the Learning Sciences , 32(1), 110–136.",extracted_from_md_references,Extracted via 0-cost reference block parsing from proceedings markdown; 2016-2022 proceedings reference extraction can be generated via Tier 3 PDF reference parsing.
proc_icls-2025.md_123078,handle_1_780,2025,2018,"learning sciences, design -based research is a foundational logic of inquiry used to construct, test, and advance",extracted_from_md_references,Extracted via 0-cost reference block parsing from proceedings markdown; 2016-2022 proceedings reference extraction can be generated via Tier 3 PDF reference parsing.
proc_icls-2025.md_123078,handle_1_640,2025,2018,research as we consider questions that rupture core assumptions about design in the learning sciences. Who and,extracted_from_md_references,Extracted via 0-cost reference block parsing from proceedings markdown; 2016-2022 proceedings reference extraction can be generated via Tier 3 PDF reference parsing.
proc_icls-2025.md_123078,handle_1_804,2025,2018,teaching and learning using Black feminist-womanist storytelling methodologies. In Proceedings of the,extracted_from_md_references,Extracted via 0-cost reference block parsing from proceedings markdown; 2016-2022 proceedings reference extraction can be generated via Tier 3 PDF reference parsing.
proc_icls-2025.md_123078,handle_1_865,2025,2018,Charting Directions for Learning Sciences Research and Practice,extracted_from_md_references,Extracted via 0-cost reference block parsing from proceedings markdown; 2016-2022 proceedings reference extraction can be generated via Tier 3 PDF reference parsing.
proc_icls-2025.md_123078,handle_1_791,2025,2018,This study contributes to the learning sciences by examining how digital technologies are used in ways that situate,extracted_from_md_references,Extracted via 0-cost reference block parsing from proceedings markdown; 2016-2022 proceedings reference extraction can be generated via Tier 3 PDF reference parsing.
proc_icls-2025.md_123078,handle_1_557,2025,2018,"question is the basis of scientific inquiry, and in education and the learning sciences, many models exist to support",extracted_from_md_references,Extracted via 0-cost reference block parsing from proceedings markdown; 2016-2022 proceedings reference extraction can be generated via Tier 3 PDF reference parsing.
proc_icls-2025.md_123078,handle_1_513,2025,2018,"Soliman, D., & Feng, X. (2024). A knowledge building -modeling approach to scientific inquiry. Proceedings of",extracted_from_md_references,Extracted via 0-cost reference block parsing from proceedings markdown; 2016-2022 proceedings reference extraction can be generated via Tier 3 PDF reference parsing.
proc_icls-2025.md_123078,handle_1_661,2025,2018,literacy. In Proceedings of the 52nd ACM technical symposium on computer science education (pp. 191-,extracted_from_md_references,Extracted via 0-cost reference block parsing from proceedings markdown; 2016-2022 proceedings reference extraction can be generated via Tier 3 PDF reference parsing.
proc_icls-2025.md_123078,handle_1_712,2025,2018,Science Teaching. To be published in the Proceedings of  the International Conference for Learning,extracted_from_md_references,Extracted via 0-cost reference block parsing from proceedings markdown; 2016-2022 proceedings reference extraction can be generated via Tier 3 PDF reference parsing.
proc_icls-2025.md_123078,handle_1_517,2025,2018,inclusive speculative design probes. In  Proceedings of the 2021 ACM Designing Interactive Systems,extracted_from_md_references,Extracted via 0-cost reference block parsing from proceedings markdown; 2016-2022 proceedings reference extraction can be generated via Tier 3 PDF reference parsing.
proc_icls-2025.md_123078,handle_1_606,2025,2018,There is a growing body of literature in the learning sciences on ensemble learning within artistic disciplines,extracted_from_md_references,Extracted via 0-cost reference block parsing from proceedings markdown; 2016-2022 proceedings reference extraction can be generated via Tier 3 PDF reference parsing.
proc_icls-2025.md_123078,handle_1_788,2025,2018,for Critical Action: Re -visioning Computational Thinking. In Proceedings of the 17th International,extracted_from_md_references,Extracted via 0-cost reference block parsing from proceedings markdown; 2016-2022 proceedings reference extraction can be generated via Tier 3 PDF reference parsing.
proc_cscl-2025,handle_1_829,2025,2018,and synergistic scaffolding can facilitate increasingly sophisticated collaborative critique practices within a CSCL,extracted_from_md_references,Extracted via 0-cost reference block parsing from proceedings markdown; 2016-2022 proceedings reference extraction can be generated via Tier 3 PDF reference parsing.
proc_cscl-2025,handle_1_828,2025,2018,"Fishman, B. J., Davis, E. A., & Chan, C. K. (2014). A learning sciences perspective on teacher learning research.",extracted_from_md_references,Extracted via 0-cost reference block parsing from proceedings markdown; 2016-2022 proceedings reference extraction can be generated via Tier 3 PDF reference parsing.
proc_cscl-2025,handle_1_845,2025,2018,defined CSCL as being “about learners learning together with the support of computers connected to each other,extracted_from_md_references,Extracted via 0-cost reference block parsing from proceedings markdown; 2016-2022 proceedings reference extraction can be generated via Tier 3 PDF reference parsing.
proc_cscl-2025,handle_1_876,2025,2018,Learning Activities in Advanced Computer Science Contexts. In  Proceedings of the 15th International,extracted_from_md_references,Extracted via 0-cost reference block parsing from proceedings markdown; 2016-2022 proceedings reference extraction can be generated via Tier 3 PDF reference parsing.
proc_cscl-2025,handle_1_695,2025,2018,"identify which group awareness elements, in unique collaborative contexts, lead to improved CSCL learning",extracted_from_md_references,Extracted via 0-cost reference block parsing from proceedings markdown; 2016-2022 proceedings reference extraction can be generated via Tier 3 PDF reference parsing.
proc_cscl-2025,handle_1_625,2025,2018,"Example of an organization simulation in higher education.  Journal of the Learning Sciences ,  33 (2),",extracted_from_md_references,Extracted via 0-cost reference block parsing from proceedings markdown; 2016-2022 proceedings reference extraction can be generated via Tier 3 PDF reference parsing.
proc_cscl-2025,handle_1_661,2025,2018,"Proceedings of the 50th ACM Technical Symposium on Computer Science Education , 825–831.",extracted_from_md_references,Extracted via 0-cost reference block parsing from proceedings markdown; 2016-2022 proceedings reference extraction can be generated via Tier 3 PDF reference parsing.
proc_cscl-2025,handle_1_758,2025,2018,knowledge building. We propose that intersubjective meaning making is still what makes CSCL interesting,extracted_from_md_references,Extracted via 0-cost reference block parsing from proceedings markdown; 2016-2022 proceedings reference extraction can be generated via Tier 3 PDF reference parsing.
proc_cscl-2025,handle_1_712,2025,2018,"Nathan, M. J., & Alibali, M. W. (2010). Learning Sciences.  Wiley Interdisciplinary Reviews:Cognitive Science ,",extracted_from_md_references,Extracted via 0-cost reference block parsing from proceedings markdown; 2016-2022 proceedings reference extraction can be generated via Tier 3 PDF reference parsing.
proc_cscl-2025,handle_1_854,2025,2018,"Abstract:  In CSCL, productive collaborative discourse requires continual advancement of",extracted_from_md_references,Extracted via 0-cost reference block parsing from proceedings markdown; 2016-2022 proceedings reference extraction can be generated via Tier 3 PDF reference parsing.
proc_cscl-2025,handle_1_598,2025,2018,"rectifying issues early in the process. Thus, in the context of CSCL, the teachers need specific tools for monitoring",extracted_from_md_references,Extracted via 0-cost reference block parsing from proceedings markdown; 2016-2022 proceedings reference extraction can be generated via Tier 3 PDF reference parsing.
proc_cscl-2025,handle_1_862,2025,2018,for CSCL and the design of learning environments. By scaffolding explicit reflection on AI collaboration—,extracted_from_md_references,Extracted via 0-cost reference block parsing from proceedings markdown; 2016-2022 proceedings reference extraction can be generated via Tier 3 PDF reference parsing.
proc_cscl-2025,handle_1_890,2025,2018,"ML and GAI techniques have been extensively studied by the CSCL community to support qualitative analysis,",extracted_from_md_references,Extracted via 0-cost reference block parsing from proceedings markdown; 2016-2022 proceedings reference extraction can be generated via Tier 3 PDF reference parsing.
proc_cscl-2025.md_21655,handle_1_627,2025,2018,"We propose an integrated analytical case to explore knowledge construction patterns in CSCL environments,",extracted_from_md_references,Extracted via 0-cost reference block parsing from proceedings markdown; 2016-2022 proceedings reference extraction can be generated via Tier 3 PDF reference parsing.
proc_cscl-2025.md_21655,handle_1_625,2025,2018,"practices in higher education.  Information and Learning Sciences, 123 (11/12), 645-665. https://doi.org/10.1108/ILS-",extracted_from_md_references,Extracted via 0-cost reference block parsing from proceedings markdown; 2016-2022 proceedings reference extraction can be generated via Tier 3 PDF reference parsing.
proc_cscl-2025.md_21655,handle_1_862,2025,2018,"Lu, J., Lajoie, S. P. & Wiseman, J. (2010). Scaffolding problem-based learning with CSCL tools.  Internatinal",extracted_from_md_references,Extracted via 0-cost reference block parsing from proceedings markdown; 2016-2022 proceedings reference extraction can be generated via Tier 3 PDF reference parsing.
proc_cscl-2025.md_31422,handle_1_828,2025,2018,"Pellegrino, J. W. (2022). A learning sciences perspective on the design and use of assessment in education. In R.",extracted_from_md_references,Extracted via 0-cost reference block parsing from proceedings markdown; 2016-2022 proceedings reference extraction can be generated via Tier 3 PDF reference parsing.
proc_cscl-2025.md_31422,handle_1_734,2025,2018,understanding of how students regulate their learning in CSCL across modalities and how teachers can support,extracted_from_md_references,Extracted via 0-cost reference block parsing from proceedings markdown; 2016-2022 proceedings reference extraction can be generated via Tier 3 PDF reference parsing.
proc_cscl-2025.md_31422,handle_1_876,2025,2018,"Baker, M., Reimann, P. (2024). CSCL: a learning and collaboration science?.  International Journal of Computer-",extracted_from_md_references,Extracted via 0-cost reference block parsing from proceedings markdown; 2016-2022 proceedings reference extraction can be generated via Tier 3 PDF reference parsing.
proc_isls-2025,handle_1_661,2025,2018,a CSCL environment designed within the field of science education.  International Journal of Computer-,extracted_from_md_references,Extracted via 0-cost reference block parsing from proceedings markdown; 2016-2022 proceedings reference extraction can be generated via Tier 3 PDF reference parsing.
proc_isls-2025,handle_1_489,2025,2018,computational thinking practices in embodied gesture.  Proceedings of the 15th International Conference,extracted_from_md_references,Extracted via 0-cost reference block parsing from proceedings markdown; 2016-2022 proceedings reference extraction can be generated via Tier 3 PDF reference parsing.
proc_isls-2025,handle_1_701,2025,2018,capabilities to support a wider range of learning activities and learning sciences research endeavours.,extracted_from_md_references,Extracted via 0-cost reference block parsing from proceedings markdown; 2016-2022 proceedings reference extraction can be generated via Tier 3 PDF reference parsing.
proc_isls-2025,handle_1_585,2025,2018,"contemporary practices, co-design and participatory design within the Learning Sciences and related fields",extracted_from_md_references,Extracted via 0-cost reference block parsing from proceedings markdown; 2016-2022 proceedings reference extraction can be generated via Tier 3 PDF reference parsing.
proc_isls-2025,handle_1_828,2025,2018,"the University of Hong Kong. His research interests include learning sciences, teacher education and development,",extracted_from_md_references,Extracted via 0-cost reference block parsing from proceedings markdown; 2016-2022 proceedings reference extraction can be generated via Tier 3 PDF reference parsing.
proc_isls-2025,handle_1_814,2025,2018,platform for leaders and faculty in learning sciences programs to exchange resources and support each other in,extracted_from_md_references,Extracted via 0-cost reference block parsing from proceedings markdown; 2016-2022 proceedings reference extraction can be generated via Tier 3 PDF reference parsing.
proc_isls-2025,handle_1_913,2025,2018,Are you leading or teaching in a learning sciences PhD or Master’s degree program? Or are you planning to,extracted_from_md_references,Extracted via 0-cost reference block parsing from proceedings markdown; 2016-2022 proceedings reference extraction can be generated via Tier 3 PDF reference parsing.
proc_isls-2025,handle_1_625,2025,2018,"Example of an organization simulation in higher education. Journal of the Learning Sciences, 33(2),",extracted_from_md_references,Extracted via 0-cost reference block parsing from proceedings markdown; 2016-2022 proceedings reference extraction can be generated via Tier 3 PDF reference parsing.
proc_isls-2025,handle_1_892,2025,2018,to Responsible Computing; and Equity in the Learning Sciences.,extracted_from_md_references,Extracted via 0-cost reference block parsing from proceedings markdown; 2016-2022 proceedings reference extraction can be generated via Tier 3 PDF reference parsing.
proc_isls-2025,handle_1_865,2025,2018,"My research seeks to advance connections among the learning sciences, educational technologies, and equity.",extracted_from_md_references,Extracted via 0-cost reference block parsing from proceedings markdown; 2016-2022 proceedings reference extraction can be generated via Tier 3 PDF reference parsing.
proc_isls-2025,handle_1_838,2025,2018,foundation of the exploring computer science professional development model. In  Proceedings of the,extracted_from_md_references,Extracted via 0-cost reference block parsing from proceedings markdown; 2016-2022 proceedings reference extraction can be generated via Tier 3 PDF reference parsing.
proc_isls-2025,handle_1_858,2025,2018,"Abstract:  My research lies at the intersection of learning sciences, learning analytics, and",extracted_from_md_references,Extracted via 0-cost reference block parsing from proceedings markdown; 2016-2022 proceedings reference extraction can be generated via Tier 3 PDF reference parsing.
proc_isls-2025,handle_1_679,2025,2018,"methods to study learning phenomena. In the field of CSCL, there is a growing need for integrated approaches",extracted_from_md_references,Extracted via 0-cost reference block parsing from proceedings markdown; 2016-2022 proceedings reference extraction can be generated via Tier 3 PDF reference parsing.
proc_icls-2025,handle_1_198,2025,2017,"Identities in Climate Change Learning. Journal of the Learning Sciences, 27(1), 8– 48.",extracted_from_md_references,Extracted via 0-cost reference block parsing from proceedings markdown; 2016-2022 proceedings reference extraction can be generated via Tier 3 PDF reference parsing.
proc_icls-2025,handle_1_256,2025,2017,"collaborative science inquiry. Journal of the Learning Sciences , 28(4–5), 513 –555.",extracted_from_md_references,Extracted via 0-cost reference block parsing from proceedings markdown; 2016-2022 proceedings reference extraction can be generated via Tier 3 PDF reference parsing.
proc_icls-2025,handle_1_206,2025,2017,"Kizito, R., & Brennan, K. (Eds.), Building Knowledge and Sustaining our Community: Proceedings of",extracted_from_md_references,Extracted via 0-cost reference block parsing from proceedings markdown; 2016-2022 proceedings reference extraction can be generated via Tier 3 PDF reference parsing.
proc_icls-2025,handle_1_305,2025,2017,"Ten graduate students (M.S., Ph.D.) studying learning sciences and design at a public university in the Western",extracted_from_md_references,Extracted via 0-cost reference block parsing from proceedings markdown; 2016-2022 proceedings reference extraction can be generated via Tier 3 PDF reference parsing.
proc_icls-2025,handle_1_271,2025,2017,The practice of scientific modeling has received substantial attention within the learning sciences and in the design,extracted_from_md_references,Extracted via 0-cost reference block parsing from proceedings markdown; 2016-2022 proceedings reference extraction can be generated via Tier 3 PDF reference parsing.
proc_icls-2025,handle_1_259,2025,2017,learning sciences (have and still) need to be thinking about how we study and design more inclusive and justice -,extracted_from_md_references,Extracted via 0-cost reference block parsing from proceedings markdown; 2016-2022 proceedings reference extraction can be generated via Tier 3 PDF reference parsing.
proc_icls-2025.md_52695,handle_1_256,2025,2017,"data in community and citizen science. Journal of the Learning Sciences, 29(2), 224–263.",extracted_from_md_references,Extracted via 0-cost reference block parsing from proceedings markdown; 2016-2022 proceedings reference extraction can be generated via Tier 3 PDF reference parsing.
proc_icls-2025.md_52695,handle_1_232,2025,2017,Break Filter Bubbles in Recommendation Systems through Embodied AI Learning. In Proceedings of,extracted_from_md_references,Extracted via 0-cost reference block parsing from proceedings markdown; 2016-2022 proceedings reference extraction can be generated via Tier 3 PDF reference parsing.
proc_icls-2025.md_52695,handle_1_253,2025,2017,"Hoadley, C. P. (2002). Creating Context: Design-based Research in Creating and Understanding CSCL.",extracted_from_md_references,Extracted via 0-cost reference block parsing from proceedings markdown; 2016-2022 proceedings reference extraction can be generated via Tier 3 PDF reference parsing.
proc_icls-2025.md_52695,handle_1_240,2025,2017,spaces using spatial replays. In Proceedings of the Learning Analytics and Knowledge Conference  (pp.,extracted_from_md_references,Extracted via 0-cost reference block parsing from proceedings markdown; 2016-2022 proceedings reference extraction can be generated via Tier 3 PDF reference parsing.
proc_icls-2025.md_52695,handle_1_206,2025,2017,Understanding of Research in a Knowledge Building Community. Proceedings of the 18th International,extracted_from_md_references,Extracted via 0-cost reference block parsing from proceedings markdown; 2016-2022 proceedings reference extraction can be generated via Tier 3 PDF reference parsing.
proc_icls-2025.md_52695,handle_1_212,2025,2017,"and computer-supported collaborative learning (CSCL). International journal of Learning Technology,",extracted_from_md_references,Extracted via 0-cost reference block parsing from proceedings markdown; 2016-2022 proceedings reference extraction can be generated via Tier 3 PDF reference parsing.
proc_icls-2025.md_123078,handle_1_217,2025,2017,In Proceedings of the third international conference on computer support for collaborative learning -99,extracted_from_md_references,Extracted via 0-cost reference block parsing from proceedings markdown; 2016-2022 proceedings reference extraction can be generated via Tier 3 PDF reference parsing.
proc_icls-2025.md_123078,handle_1_302,2025,2017,"In Proceedings of the International Conference on Intelligent Tutoring Systems  (Vol. 194200), ITS’88,",extracted_from_md_references,Extracted via 0-cost reference block parsing from proceedings markdown; 2016-2022 proceedings reference extraction can be generated via Tier 3 PDF reference parsing.
proc_icls-2025.md_123078,handle_1_198,2025,2017,"As the learning sciences seeks to counter the poly -crises and possibilities inherent to climate change, it will be",extracted_from_md_references,Extracted via 0-cost reference block parsing from proceedings markdown; 2016-2022 proceedings reference extraction can be generated via Tier 3 PDF reference parsing.
proc_icls-2025.md_123078,handle_1_259,2025,2017,learning sciences (have and still) need to be thinking about how we study and design more inclusive and justice -,extracted_from_md_references,Extracted via 0-cost reference block parsing from proceedings markdown; 2016-2022 proceedings reference extraction can be generated via Tier 3 PDF reference parsing.
proc_icls-2025.md_123078,handle_1_256,2025,2017,"Shape Collaborative Science Inquiry. Journal of the Learning Sciences, 28(4 –5), 513– 555.",extracted_from_md_references,Extracted via 0-cost reference block parsing from proceedings markdown; 2016-2022 proceedings reference extraction can be generated via Tier 3 PDF reference parsing.
proc_icls-2025.md_123078,handle_1_212,2025,2017,"Computer-Supported Collaborative Learning  (ijCSCL), I found that a transfer/acquisition conceptualization of",extracted_from_md_references,Extracted via 0-cost reference block parsing from proceedings markdown; 2016-2022 proceedings reference extraction can be generated via Tier 3 PDF reference parsing.
proc_icls-2025.md_123078,handle_1_305,2025,2017,"at the Faculty of Q, University P, as part of the learning sciences curriculum. The course provides students with",extracted_from_md_references,Extracted via 0-cost reference block parsing from proceedings markdown; 2016-2022 proceedings reference extraction can be generated via Tier 3 PDF reference parsing.
proc_icls-2025.md_123078,handle_1_232,2025,2017,"understanding of complex systems. The Journal of the Learning Sciences, 16(3), 307 –331.",extracted_from_md_references,Extracted via 0-cost reference block parsing from proceedings markdown; 2016-2022 proceedings reference extraction can be generated via Tier 3 PDF reference parsing.
proc_cscl-2025,handle_1_212,2025,2017,"As a multidisciplinary field, Computer-Supported Collaborative Learning (CSCL) has given rise to",extracted_from_md_references,Extracted via 0-cost reference block parsing from proceedings markdown; 2016-2022 proceedings reference extraction can be generated via Tier 3 PDF reference parsing.
proc_cscl-2025,handle_1_256,2025,2017,support for collaborative learning: Foundations for a CSCL community. Proceedings of CSCL 2002 (pp.,extracted_from_md_references,Extracted via 0-cost reference block parsing from proceedings markdown; 2016-2022 proceedings reference extraction can be generated via Tier 3 PDF reference parsing.
proc_cscl-2025,handle_1_213,2025,2017,Deciphering social and cognitive dynamics in collaborative problem solving with AI. Proceedings of the,extracted_from_md_references,Extracted via 0-cost reference block parsing from proceedings markdown; 2016-2022 proceedings reference extraction can be generated via Tier 3 PDF reference parsing.
proc_cscl-2025,handle_1_217,2025,2017,Providing technological support for collaborative and discussion-based learning has long been a focus in CSCL,extracted_from_md_references,Extracted via 0-cost reference block parsing from proceedings markdown; 2016-2022 proceedings reference extraction can be generated via Tier 3 PDF reference parsing.
proc_cscl-2025,handle_1_231,2025,2017,collaborative learning processes and outcomes in CSCL.,extracted_from_md_references,Extracted via 0-cost reference block parsing from proceedings markdown; 2016-2022 proceedings reference extraction can be generated via Tier 3 PDF reference parsing.
proc_cscl-2025,handle_1_240,2025,2017,with multimodal learning analytics . In Proceedings of the Fifth Intl. Conf. on Learning Analytics and,extracted_from_md_references,Extracted via 0-cost reference block parsing from proceedings markdown; 2016-2022 proceedings reference extraction can be generated via Tier 3 PDF reference parsing.
proc_cscl-2025,handle_1_192,2025,2017,"Collaborative Learning. In Proceedings of the 6th Conference on ACM Conversational User Interfaces,",extracted_from_md_references,Extracted via 0-cost reference block parsing from proceedings markdown; 2016-2022 proceedings reference extraction can be generated via Tier 3 PDF reference parsing.
proc_cscl-2025,handle_1_222,2025,2017,"This study explored how students collaboratively design directed actions (DAs) for peers in a CSCL system. First,",extracted_from_md_references,Extracted via 0-cost reference block parsing from proceedings markdown; 2016-2022 proceedings reference extraction can be generated via Tier 3 PDF reference parsing.
proc_cscl-2025,handle_1_210,2025,2017,"CSCL has been applied to online and hybrid learning environments, its integration into Immersive Virtual Reality",extracted_from_md_references,Extracted via 0-cost reference block parsing from proceedings markdown; 2016-2022 proceedings reference extraction can be generated via Tier 3 PDF reference parsing.
proc_cscl-2025.md_21655,handle_1_212,2025,2017,computer-supported collaborative learning.  International Journal of CSCL .,extracted_from_md_references,Extracted via 0-cost reference block parsing from proceedings markdown; 2016-2022 proceedings reference extraction can be generated via Tier 3 PDF reference parsing.
proc_cscl-2025.md_21655,handle_1_206,2025,2017,"Both CoPs included CSCL researchers. For instance, the notion of a knowledge building community",extracted_from_md_references,Extracted via 0-cost reference block parsing from proceedings markdown; 2016-2022 proceedings reference extraction can be generated via Tier 3 PDF reference parsing.
proc_cscl-2025.md_21655,handle_1_256,2025,2017,implications. The Computer Supported Collaborative Learning (CSCL) community faces,extracted_from_md_references,Extracted via 0-cost reference block parsing from proceedings markdown; 2016-2022 proceedings reference extraction can be generated via Tier 3 PDF reference parsing.
proc_cscl-2025.md_21655,handle_1_290,2025,2017,improvable knowledge building discourse. In  Proceedings of the 16th International Conference on,extracted_from_md_references,Extracted via 0-cost reference block parsing from proceedings markdown; 2016-2022 proceedings reference extraction can be generated via Tier 3 PDF reference parsing.
proc_cscl-2025.md_21655,handle_1_258,2025,2017,on  student  knowledge  building  and  interaction  within  the  PyramidApp  CSCL  platform  (Manathunga  &,extracted_from_md_references,Extracted via 0-cost reference block parsing from proceedings markdown; 2016-2022 proceedings reference extraction can be generated via Tier 3 PDF reference parsing.
proc_cscl-2025.md_31422,handle_1_231,2025,2017,A key interest in CSCL is understanding the fine-grained processes of collaboration and collaborative learning,extracted_from_md_references,Extracted via 0-cost reference block parsing from proceedings markdown; 2016-2022 proceedings reference extraction can be generated via Tier 3 PDF reference parsing.
proc_cscl-2025.md_31422,handle_1_212,2025,2017,"CSCL.  International Journal of Computer-supported collaborative learning ,  1 , 315-337.",extracted_from_md_references,Extracted via 0-cost reference block parsing from proceedings markdown; 2016-2022 proceedings reference extraction can be generated via Tier 3 PDF reference parsing.
proc_cscl-2025.md_31422,handle_1_263,2025,2017,Supported Collaborative Learning  (ijCSCL) and identified five design patterns for online,extracted_from_md_references,Extracted via 0-cost reference block parsing from proceedings markdown; 2016-2022 proceedings reference extraction can be generated via Tier 3 PDF reference parsing.
proc_isls-2025,handle_1_212,2025,2017,on Computer-Supported Collaborative Learning  –  CSCL 2023  (pp. 313-316). International Society of,extracted_from_md_references,Extracted via 0-cost reference block parsing from proceedings markdown; 2016-2022 proceedings reference extraction can be generated via Tier 3 PDF reference parsing.
proc_isls-2025,handle_1_250,2025,2017,"researchers in the learning sciences, learning analytics, AIED, and educational data mining communities.",extracted_from_md_references,Extracted via 0-cost reference block parsing from proceedings markdown; 2016-2022 proceedings reference extraction can be generated via Tier 3 PDF reference parsing.
proc_isls-2025,handle_1_243,2025,2017,"psychology, CSCL related research can be enriched with new perspectives and analysis methods",extracted_from_md_references,Extracted via 0-cost reference block parsing from proceedings markdown; 2016-2022 proceedings reference extraction can be generated via Tier 3 PDF reference parsing.
proc_icls-2025,handle_1_315,2025,2016,Privilege in the Learning Sciences: Critical and Sociocultural Theories of Learning. New York:,extracted_from_md_references,Extracted via 0-cost reference block parsing from proceedings markdown; 2016-2022 proceedings reference extraction can be generated via Tier 3 PDF reference parsing.
proc_icls-2025,handle_1_375,2025,2016,Scholars in fields beyond the learning sciences have suggested that certain frames are effective in climate,extracted_from_md_references,Extracted via 0-cost reference block parsing from proceedings markdown; 2016-2022 proceedings reference extraction can be generated via Tier 3 PDF reference parsing.
proc_icls-2025,handle_1_381,2025,2016,"Learning Sciences 2021, Volume ICLS Proceedings, 795-802. Bochum, Germany (Online): International",extracted_from_md_references,Extracted via 0-cost reference block parsing from proceedings markdown; 2016-2022 proceedings reference extraction can be generated via Tier 3 PDF reference parsing.
proc_icls-2025,handle_1_351,2025,2016,Experience with integrating computer science in middle school mathematics. Proceedings of the 27th ACM,extracted_from_md_references,Extracted via 0-cost reference block parsing from proceedings markdown; 2016-2022 proceedings reference extraction can be generated via Tier 3 PDF reference parsing.
proc_icls-2025,handle_1_164,2025,2016,"elementary students in locally relevant data literacy. Information and Learning Sciences, 125(3/4), 209 -",extracted_from_md_references,Extracted via 0-cost reference block parsing from proceedings markdown; 2016-2022 proceedings reference extraction can be generated via Tier 3 PDF reference parsing.
proc_icls-2025,handle_1_179,2025,2016,Dialogic argumentation has been recognized in the learning sciences and specifically in science education as a,extracted_from_md_references,Extracted via 0-cost reference block parsing from proceedings markdown; 2016-2022 proceedings reference extraction can be generated via Tier 3 PDF reference parsing.
proc_icls-2025,handle_1_321,2025,2016,"learning sciences, pedagogical models such as Knowledge Building stress the need to center on students’ real",extracted_from_md_references,Extracted via 0-cost reference block parsing from proceedings markdown; 2016-2022 proceedings reference extraction can be generated via Tier 3 PDF reference parsing.
proc_icls-2025,handle_1_159,2025,2016,through social polic y. This study builds on efforts in the Learning Sciences to develop science teaching and,extracted_from_md_references,Extracted via 0-cost reference block parsing from proceedings markdown; 2016-2022 proceedings reference extraction can be generated via Tier 3 PDF reference parsing.
proc_icls-2025.md_52695,handle_1_179,2025,2016,"We draw from a range of literatures, including learning sciences, science education, and teacher education, to",extracted_from_md_references,Extracted via 0-cost reference block parsing from proceedings markdown; 2016-2022 proceedings reference extraction can be generated via Tier 3 PDF reference parsing.
proc_icls-2025.md_52695,handle_1_381,2025,2016,"approach to online asynchronous assignments. Information & Learning Sciences, 121 (5/6), 273-283.",extracted_from_md_references,Extracted via 0-cost reference block parsing from proceedings markdown; 2016-2022 proceedings reference extraction can be generated via Tier 3 PDF reference parsing.
proc_icls-2025.md_52695,handle_1_375,2025,2016,"and beyond an afterschool science program.  Journal of the Learning Sciences , 31(2), 19 9−236.",extracted_from_md_references,Extracted via 0-cost reference block parsing from proceedings markdown; 2016-2022 proceedings reference extraction can be generated via Tier 3 PDF reference parsing.
proc_icls-2025.md_52695,handle_1_182,2025,2016,School AI Educators. In Proceedings of the 54th ACM Technical Symposium on Computer Science,extracted_from_md_references,Extracted via 0-cost reference block parsing from proceedings markdown; 2016-2022 proceedings reference extraction can be generated via Tier 3 PDF reference parsing.
proc_icls-2025.md_52695,handle_1_164,2025,2016,"elementary students in locally relevant data literacy. Information and Learning Sciences, 125(3/4), 209-",extracted_from_md_references,Extracted via 0-cost reference block parsing from proceedings markdown; 2016-2022 proceedings reference extraction can be generated via Tier 3 PDF reference parsing.
proc_icls-2025.md_52695,handle_1_187,2025,2016,science in secondary science and history classes: Teachers’ perspectives. In Proceedings of the 18th,extracted_from_md_references,Extracted via 0-cost reference block parsing from proceedings markdown; 2016-2022 proceedings reference extraction can be generated via Tier 3 PDF reference parsing.
proc_icls-2025.md_52695,handle_1_326,2025,2016,As the Learning Sciences community works to address environmental and climate issues through,extracted_from_md_references,Extracted via 0-cost reference block parsing from proceedings markdown; 2016-2022 proceedings reference extraction can be generated via Tier 3 PDF reference parsing.
proc_icls-2025.md_52695,handle_1_321,2025,2016,Students’ Knowledge Outcomes. In Proceedings of the 17th International Conference of the Learning,extracted_from_md_references,Extracted via 0-cost reference block parsing from proceedings markdown; 2016-2022 proceedings reference extraction can be generated via Tier 3 PDF reference parsing.
proc_icls-2025.md_52695,handle_1_361,2025,2016,"encounters. From a learning sciences perspective, this study offers insights into the cognitive processes of",extracted_from_md_references,Extracted via 0-cost reference block parsing from proceedings markdown; 2016-2022 proceedings reference extraction can be generated via Tier 3 PDF reference parsing.
proc_icls-2025.md_52695,handle_1_101,2025,2016,this way – from a perspective of peripherality as entry into the field of the learning sciences community of practice,extracted_from_md_references,Extracted via 0-cost reference block parsing from proceedings markdown; 2016-2022 proceedings reference extraction can be generated via Tier 3 PDF reference parsing.
proc_icls-2025.md_123078,handle_1_179,2025,2016,"learning sciences, mathematics education, and science education.  Review of Research in",extracted_from_md_references,Extracted via 0-cost reference block parsing from proceedings markdown; 2016-2022 proceedings reference extraction can be generated via Tier 3 PDF reference parsing.
proc_icls-2025.md_123078,handle_1_381,2025,2016,empirical examples explaining why these developments matter for the learning sciences to sustain just solutions,extracted_from_md_references,Extracted via 0-cost reference block parsing from proceedings markdown; 2016-2022 proceedings reference extraction can be generated via Tier 3 PDF reference parsing.
proc_icls-2025.md_123078,handle_1_315,2025,2016,"in in relation to sociocultural perspectives within the Learning Sciences. However, the Scoping Review reveals a",extracted_from_md_references,Extracted via 0-cost reference block parsing from proceedings markdown; 2016-2022 proceedings reference extraction can be generated via Tier 3 PDF reference parsing.
proc_icls-2025.md_123078,handle_1_375,2025,2016,justice literature within and beyond the learning sciences. Each poster presenter will provide a brief overview of,extracted_from_md_references,Extracted via 0-cost reference block parsing from proceedings markdown; 2016-2022 proceedings reference extraction can be generated via Tier 3 PDF reference parsing.
proc_icls-2025.md_123078,handle_1_182,2025,2016,public school district. In Proceedings of the 50th ACM Technical Symposium on Computer Science,extracted_from_md_references,Extracted via 0-cost reference block parsing from proceedings markdown; 2016-2022 proceedings reference extraction can be generated via Tier 3 PDF reference parsing.
proc_icls-2025.md_123078,handle_1_371,2025,2016,"Identity and future -making have been connected in the learning sciences through prolepsis, where the",extracted_from_md_references,Extracted via 0-cost reference block parsing from proceedings markdown; 2016-2022 proceedings reference extraction can be generated via Tier 3 PDF reference parsing.
proc_icls-2025.md_123078,handle_1_159,2025,2016,Toolkit for Teaching Social Impacts of Machine Learning through Deliberation. Proceedings of the 2021,extracted_from_md_references,Extracted via 0-cost reference block parsing from proceedings markdown; 2016-2022 proceedings reference extraction can be generated via Tier 3 PDF reference parsing.
proc_icls-2025.md_123078,handle_1_383,2025,2016,"thank the learning sciences and comp uter science researchers at Indiana University Bloomington, Vanderbilt",extracted_from_md_references,Extracted via 0-cost reference block parsing from proceedings markdown; 2016-2022 proceedings reference extraction can be generated via Tier 3 PDF reference parsing.
proc_icls-2025.md_123078,handle_1_351,2025,2016,"Middle School Earth Science, Journal of the Learning Sciences, 18(4), 461- 508.",extracted_from_md_references,Extracted via 0-cost reference block parsing from proceedings markdown; 2016-2022 proceedings reference extraction can be generated via Tier 3 PDF reference parsing.
proc_icls-2025.md_123078,handle_1_334,2025,2016,"Kirschner, P. A. (2002). Can we support CSCL? Educational, social and technological affordances for learning.",extracted_from_md_references,Extracted via 0-cost reference block parsing from proceedings markdown; 2016-2022 proceedings reference extraction can be generated via Tier 3 PDF reference parsing.
proc_icls-2025.md_123078,handle_1_361,2025,2016,Cognitive Convergence in Collaborative Learning. Proceedings of the Eighth International Conference,extracted_from_md_references,Extracted via 0-cost reference block parsing from proceedings markdown; 2016-2022 proceedings reference extraction can be generated via Tier 3 PDF reference parsing.
proc_icls-2025.md_123078,handle_1_321,2025,2016,"learning environments for all students, as well as the field of learning sciences, which is about understanding the",extracted_from_md_references,Extracted via 0-cost reference block parsing from proceedings markdown; 2016-2022 proceedings reference extraction can be generated via Tier 3 PDF reference parsing.
proc_icls-2025.md_123078,handle_1_106,2025,2016,"Yoon, S., & Hmelo -Silver, C. E. (2017). What do learning scientists do? A survey of the ISLS membership.",extracted_from_md_references,Extracted via 0-cost reference block parsing from proceedings markdown; 2016-2022 proceedings reference extraction can be generated via Tier 3 PDF reference parsing.
proc_icls-2025.md_123078,handle_1_320,2025,2016,"In the last decade, there has been a movement in the learning sciences where there is recognition that for designing",extracted_from_md_references,Extracted via 0-cost reference block parsing from proceedings markdown; 2016-2022 proceedings reference extraction can be generated via Tier 3 PDF reference parsing.
proc_icls-2025.md_123078,handle_1_164,2025,2016,"engage elementary students in locally relevant data literacy. Information and Learning Sciences ,",extracted_from_md_references,Extracted via 0-cost reference block parsing from proceedings markdown; 2016-2022 proceedings reference extraction can be generated via Tier 3 PDF reference parsing.
proc_cscl-2025,handle_1_318,2025,2016,"(CSCL, Collaborative, and Cooperative Learning) through three open survey questions (SQ1-3). We focused on",extracted_from_md_references,Extracted via 0-cost reference block parsing from proceedings markdown; 2016-2022 proceedings reference extraction can be generated via Tier 3 PDF reference parsing.
proc_cscl-2025,handle_1_106,2025,2016,"Yoon, S. A., & Hmelo-Silver, C. E. (2017). What do learning scientists do? A survey of the ISLS membership.",extracted_from_md_references,Extracted via 0-cost reference block parsing from proceedings markdown; 2016-2022 proceedings reference extraction can be generated via Tier 3 PDF reference parsing.
proc_cscl-2025,handle_1_361,2025,2016,The methods adopted in this study can enrich CSCL research identifying the underlying learning and collaborative,extracted_from_md_references,Extracted via 0-cost reference block parsing from proceedings markdown; 2016-2022 proceedings reference extraction can be generated via Tier 3 PDF reference parsing.
proc_cscl-2025,handle_1_365,2025,2016,"exploring the relationship between CSCL script usage, orchestration load, and student outcomes, notably student",extracted_from_md_references,Extracted via 0-cost reference block parsing from proceedings markdown; 2016-2022 proceedings reference extraction can be generated via Tier 3 PDF reference parsing.
proc_cscl-2025,handle_1_175,2025,2016,"In CSCL, knowledge synthesis facilitates sustained collaborative discourse and helps structure the",extracted_from_md_references,Extracted via 0-cost reference block parsing from proceedings markdown; 2016-2022 proceedings reference extraction can be generated via Tier 3 PDF reference parsing.
proc_cscl-2025,handle_1_381,2025,2016,"annotation in online classes.  Information and Learning Sciences ,  121 (5/6), 261 – 271.",extracted_from_md_references,Extracted via 0-cost reference block parsing from proceedings markdown; 2016-2022 proceedings reference extraction can be generated via Tier 3 PDF reference parsing.
proc_cscl-2025,handle_1_311,2025,2016,gistic learning processes in physics and ct by collaborative discourse analysis. In Proceedings of the,extracted_from_md_references,Extracted via 0-cost reference block parsing from proceedings markdown; 2016-2022 proceedings reference extraction can be generated via Tier 3 PDF reference parsing.
proc_cscl-2025,handle_1_358,2025,2016,H. (2015). Enhancing socially shared regulation in collaborative learning groups: Designing for CSCL,extracted_from_md_references,Extracted via 0-cost reference block parsing from proceedings markdown; 2016-2022 proceedings reference extraction can be generated via Tier 3 PDF reference parsing.
proc_cscl-2025,handle_1_351,2025,2016,we aim to contribute to the discourse on CSCL by examining how middle school students engage with generative,extracted_from_md_references,Extracted via 0-cost reference block parsing from proceedings markdown; 2016-2022 proceedings reference extraction can be generated via Tier 3 PDF reference parsing.
proc_cscl-2025.md_21655,handle_1_179,2025,2016,to Facilitate Collaborative Learning in Science Education. In  Proceedings of the 22nd Annual ACM,extracted_from_md_references,Extracted via 0-cost reference block parsing from proceedings markdown; 2016-2022 proceedings reference extraction can be generated via Tier 3 PDF reference parsing.
proc_cscl-2025.md_21655,handle_1_318,2025,2016,"In CSCL, ideas generated through collaborative discourse are informative indicators of students’ learning and",extracted_from_md_references,Extracted via 0-cost reference block parsing from proceedings markdown; 2016-2022 proceedings reference extraction can be generated via Tier 3 PDF reference parsing.
proc_cscl-2025.md_21655,handle_1_328,2025,2016,Success in computer-supported collaborative learning (CSCL) tasks requires socially shared regulation of learning,extracted_from_md_references,Extracted via 0-cost reference block parsing from proceedings markdown; 2016-2022 proceedings reference extraction can be generated via Tier 3 PDF reference parsing.
proc_cscl-2025.md_21655,handle_1_321,2025,2016,"Abstract:  In computer-supported collaborative learning (CSCL) environments, students' ability",extracted_from_md_references,Extracted via 0-cost reference block parsing from proceedings markdown; 2016-2022 proceedings reference extraction can be generated via Tier 3 PDF reference parsing.
proc_cscl-2025.md_31422,handle_1_321,2025,2016,CSCL environments can cause difficulties for students to self-regulate and co-regulate the learning of others in,extracted_from_md_references,Extracted via 0-cost reference block parsing from proceedings markdown; 2016-2022 proceedings reference extraction can be generated via Tier 3 PDF reference parsing.
proc_cscl-2025.md_31422,handle_1_358,2025,2016,Abstract:  Computer-Supported Collaborative Learning (CSCL) focuses on designing tools and,extracted_from_md_references,Extracted via 0-cost reference block parsing from proceedings markdown; 2016-2022 proceedings reference extraction can be generated via Tier 3 PDF reference parsing.
proc_cscl-2025.md_31422,handle_1_318,2025,2016,"strategies to enhance collaborative learning. However, design knowledge within CSCL is often",extracted_from_md_references,Extracted via 0-cost reference block parsing from proceedings markdown; 2016-2022 proceedings reference extraction can be generated via Tier 3 PDF reference parsing.
proc_cscl-2025.md_31422,handle_1_351,2025,2016,"based science classrooms: Initial attempts by middle school students.  Journal of the Learning Sciences ,",extracted_from_md_references,Extracted via 0-cost reference block parsing from proceedings markdown; 2016-2022 proceedings reference extraction can be generated via Tier 3 PDF reference parsing.
proc_isls-2025,handle_1_318,2025,2016,"or improvements, fostering a collaborative dialogue about future needs in the learning sciences.",extracted_from_md_references,Extracted via 0-cost reference block parsing from proceedings markdown; 2016-2022 proceedings reference extraction can be generated via Tier 3 PDF reference parsing.
proc_isls-2025,handle_1_375,2025,2016,"Learning Sciences, Instructional Design, and Beyond  (1st edition). Routledge.",extracted_from_md_references,Extracted via 0-cost reference block parsing from proceedings markdown; 2016-2022 proceedings reference extraction can be generated via Tier 3 PDF reference parsing.
proc_isls-2025,handle_1_381,2025,2016,"centralized management. For this, we invite faculty affiliated with a current or prospective learning sciences",extracted_from_md_references,Extracted via 0-cost reference block parsing from proceedings markdown; 2016-2022 proceedings reference extraction can be generated via Tier 3 PDF reference parsing.
proc_isls-2025,handle_1_179,2025,2016,"education, psychology, and computer science (Hoadley, 2018). Thus, teaching in a learning sciences program",extracted_from_md_references,Extracted via 0-cost reference block parsing from proceedings markdown; 2016-2022 proceedings reference extraction can be generated via Tier 3 PDF reference parsing.
proc_isls-2025,handle_1_114,2025,2016,"My research sits at the intersection of learning sciences, computing education, and teacher professional learning,",extracted_from_md_references,Extracted via 0-cost reference block parsing from proceedings markdown; 2016-2022 proceedings reference extraction can be generated via Tier 3 PDF reference parsing.
proc_icls-2024,handle_1_10851,2024,2024,"through Diversity. In R. K. Sawyer (Ed.), The Cambridge Handbook of the Learning Sciences  (3rd ed.,",extracted_from_md_references,Extracted via 0-cost reference block parsing from proceedings markdown; 2016-2022 proceedings reference extraction can be generated via Tier 3 PDF reference parsing.
proc_icls-2024,handle_1_11015,2024,2024,"In this conceptual piece, I re- examine data from a prior International Conference of the Learning Sciences long",extracted_from_md_references,Extracted via 0-cost reference block parsing from proceedings markdown; 2016-2022 proceedings reference extraction can be generated via Tier 3 PDF reference parsing.
proc_icls-2024,handle_1_10853,2024,2024,posthuman and new materialist frameworks can offer the learning sciences. British Journal of,extracted_from_md_references,Extracted via 0-cost reference block parsing from proceedings markdown; 2016-2022 proceedings reference extraction can be generated via Tier 3 PDF reference parsing.
proc_icls-2024,handle_1_11097,2024,2024,Representational Politics in the Learning Sciences:,extracted_from_md_references,Extracted via 0-cost reference block parsing from proceedings markdown; 2016-2022 proceedings reference extraction can be generated via Tier 3 PDF reference parsing.
proc_icls-2024,handle_1_10691,2024,2024,generative AI? Scholars outside the learning sciences have been vocal critics of Large Language Models (Bender,extracted_from_md_references,Extracted via 0-cost reference block parsing from proceedings markdown; 2016-2022 proceedings reference extraction can be generated via Tier 3 PDF reference parsing.
proc_icls-2024.md_34261,handle_1_10996,2024,2024,machine learning concepts? The effect of uncovering black boxes. In Proceedings of the 2019 CHI,extracted_from_md_references,Extracted via 0-cost reference block parsing from proceedings markdown; 2016-2022 proceedings reference extraction can be generated via Tier 3 PDF reference parsing.
proc_icls-2024.md_34261,handle_1_10949,2024,2024,The learning sciences have long recognized the influence of social and cultural contexts in shaping educational,extracted_from_md_references,Extracted via 0-cost reference block parsing from proceedings markdown; 2016-2022 proceedings reference extraction can be generated via Tier 3 PDF reference parsing.
proc_icls-2024.md_34261,handle_1_10851,2024,2024,"Through Diversity. In R. K. Sawyer (Ed.), The Cambridge Handbook of the Learning Sciences (pp. 489–",extracted_from_md_references,Extracted via 0-cost reference block parsing from proceedings markdown; 2016-2022 proceedings reference extraction can be generated via Tier 3 PDF reference parsing.
proc_icls-2024.md_34261,handle_1_11192,2024,2024,"through this lens, the tension between enlightenment and counter-enlightenment in the learning sciences is key.",extracted_from_md_references,Extracted via 0-cost reference block parsing from proceedings markdown; 2016-2022 proceedings reference extraction can be generated via Tier 3 PDF reference parsing.
proc_icls-2024.md_34261,handle_1_10853,2024,2024,"Rich work in Learning Sciences has examined the role of ideologies, or socially constructed frameworks for",extracted_from_md_references,Extracted via 0-cost reference block parsing from proceedings markdown; 2016-2022 proceedings reference extraction can be generated via Tier 3 PDF reference parsing.
proc_icls-2024.md_34261,handle_1_10637,2024,2024,"concreteness with virtual reality. Proceedings of the Seventeenth International Conference on Tangible,",extracted_from_md_references,Extracted via 0-cost reference block parsing from proceedings markdown; 2016-2022 proceedings reference extraction can be generated via Tier 3 PDF reference parsing.
proc_icls-2024.md_34261,handle_1_11039,2024,2024,"The theme for ISLS 2024 is “Learning as a cornerstone of healing, resilience, and community"" and in it we see",extracted_from_md_references,Extracted via 0-cost reference block parsing from proceedings markdown; 2016-2022 proceedings reference extraction can be generated via Tier 3 PDF reference parsing.
proc_icls-2024.md_34261,handle_1_11003,2024,2024,"from the learning sciences. In this paper, we demonstrate a case study where learning scientists",extracted_from_md_references,Extracted via 0-cost reference block parsing from proceedings markdown; 2016-2022 proceedings reference extraction can be generated via Tier 3 PDF reference parsing.
proc_icls-2024.md_34261,handle_1_10756,2024,2024,adaptive tutoring system for machine tasks in augmented reality. In Proceedings of the 2021 CHI,extracted_from_md_references,Extracted via 0-cost reference block parsing from proceedings markdown; 2016-2022 proceedings reference extraction can be generated via Tier 3 PDF reference parsing.
proc_icls-2024.md_91869,handle_1_11097,2024,2024,The Politics of Learning Writing Collective. (2017). The Learning Sciences in a New Era of U.S. Nationalism.,extracted_from_md_references,Extracted via 0-cost reference block parsing from proceedings markdown; 2016-2022 proceedings reference extraction can be generated via Tier 3 PDF reference parsing.
proc_icls-2024.md_91869,handle_1_10948,2024,2024,Teacher Education. Proceedings of the 2022 Working Group Reports on Innovation and Technology in,extracted_from_md_references,Extracted via 0-cost reference block parsing from proceedings markdown; 2016-2022 proceedings reference extraction can be generated via Tier 3 PDF reference parsing.
proc_icls-2024.md_91869,handle_1_10851,2024,2024,"Studying Learning in and through Relational Histories. Journal of the Learning Sciences , 29(2), 183–",extracted_from_md_references,Extracted via 0-cost reference block parsing from proceedings markdown; 2016-2022 proceedings reference extraction can be generated via Tier 3 PDF reference parsing.
proc_icls-2024.md_91869,handle_1_10746,2024,2024,advances will have the potential to foster a design profession in education grounded in the learning sciences.,extracted_from_md_references,Extracted via 0-cost reference block parsing from proceedings markdown; 2016-2022 proceedings reference extraction can be generated via Tier 3 PDF reference parsing.
proc_icls-2024.md_91869,handle_1_11015,2024,2024,conceptual poster aims to interrogate this description by drawing upon theories from the learning sciences an d,extracted_from_md_references,Extracted via 0-cost reference block parsing from proceedings markdown; 2016-2022 proceedings reference extraction can be generated via Tier 3 PDF reference parsing.
proc_icls-2024.md_91869,handle_1_10996,2024,2024,machine learning concepts? The effect of uncovering black boxes. In Proceedings of the 2019 CHI,extracted_from_md_references,Extracted via 0-cost reference block parsing from proceedings markdown; 2016-2022 proceedings reference extraction can be generated via Tier 3 PDF reference parsing.
proc_icls-2024.md_91869,handle_1_11039,2024,2024,"In the spirit of ISLS 2024 which recognizes that learning is a cornerstone for healing, resilience, and community",extracted_from_md_references,Extracted via 0-cost reference block parsing from proceedings markdown; 2016-2022 proceedings reference extraction can be generated via Tier 3 PDF reference parsing.
proc_icls-2024.md_91869,handle_1_11003,2024,2024,"We notice a shift in the learning sciences, where attending to racial justice is moving into focus (Leibovitz,",extracted_from_md_references,Extracted via 0-cost reference block parsing from proceedings markdown; 2016-2022 proceedings reference extraction can be generated via Tier 3 PDF reference parsing.
proc_icls-2024.md_91869,handle_1_10853,2024,2024,ing Syncretic Frameworks in the Learning Sciences,extracted_from_md_references,Extracted via 0-cost reference block parsing from proceedings markdown; 2016-2022 proceedings reference extraction can be generated via Tier 3 PDF reference parsing.
proc_icls-2024.md_91869,handle_1_10886,2024,2024,design framework for crafting inclusive educational environments. In Proceedings of the Third,extracted_from_md_references,Extracted via 0-cost reference block parsing from proceedings markdown; 2016-2022 proceedings reference extraction can be generated via Tier 3 PDF reference parsing.
proc_cscl-2024,handle_1_10590,2024,2024,"scaffolds in CSCL. Furthermore, little is known about how effectively coordinated computer-based scaffolds may",extracted_from_md_references,Extracted via 0-cost reference block parsing from proceedings markdown; 2016-2022 proceedings reference extraction can be generated via Tier 3 PDF reference parsing.
proc_cscl-2024,handle_1_10597,2024,2024,Emotional Regulation Patterns in CSCL,extracted_from_md_references,Extracted via 0-cost reference block parsing from proceedings markdown; 2016-2022 proceedings reference extraction can be generated via Tier 3 PDF reference parsing.
proc_cscl-2024,handle_1_10755,2024,2024,"education through games. Proceedings of the Association for Information Science and Technology ,",extracted_from_md_references,Extracted via 0-cost reference block parsing from proceedings markdown; 2016-2022 proceedings reference extraction can be generated via Tier 3 PDF reference parsing.
proc_cscl-2024.md_6500,handle_1_10502,2024,2024,Exploring Teacher Orchestration Load in Scripted CSCL: The Role,extracted_from_md_references,Extracted via 0-cost reference block parsing from proceedings markdown; 2016-2022 proceedings reference extraction can be generated via Tier 3 PDF reference parsing.
proc_cscl-2024.md_6500,handle_1_11028,2024,2024,"the deployment of CSCL activity itself. In the present study using multimodal data collected from five teachers,",extracted_from_md_references,Extracted via 0-cost reference block parsing from proceedings markdown; 2016-2022 proceedings reference extraction can be generated via Tier 3 PDF reference parsing.
proc_cscl-2024.md_6500,handle_1_10527,2024,2024,"Dillenbourg, P. (2002). Over -scripting CSCL: The risks of blending collaborative learning with instructional",extracted_from_md_references,Extracted via 0-cost reference block parsing from proceedings markdown; 2016-2022 proceedings reference extraction can be generated via Tier 3 PDF reference parsing.
proc_cscl-2024.md_6500,handle_1_10506,2024,2024,Examine Student Resource Uses in a Game-based CSCL,extracted_from_md_references,Extracted via 0-cost reference block parsing from proceedings markdown; 2016-2022 proceedings reference extraction can be generated via Tier 3 PDF reference parsing.
proc_cscl-2024.md_6500,handle_1_11126,2024,2024,"employed. In multicultural contexts, CSCL  creates a supportive environment  promoting equitable participation,",extracted_from_md_references,Extracted via 0-cost reference block parsing from proceedings markdown; 2016-2022 proceedings reference extraction can be generated via Tier 3 PDF reference parsing.
proc_cscl-2024.md_6500,handle_1_10522,2024,2024,adapt. The results indicate that adaptive instructional support in CSCL had a large positive effect,extracted_from_md_references,Extracted via 0-cost reference block parsing from proceedings markdown; 2016-2022 proceedings reference extraction can be generated via Tier 3 PDF reference parsing.
proc_cscl-2024.md_6500,handle_1_10572,2024,2024,The existing e mpirical research on the effects of adaptive instructional support in CSCL yields mixed,extracted_from_md_references,Extracted via 0-cost reference block parsing from proceedings markdown; 2016-2022 proceedings reference extraction can be generated via Tier 3 PDF reference parsing.
proc_cscl-2024.md_6500,handle_1_10543,2024,2024,engaging learning and CSCL researchers in conversations with designers and participants of social annotation,extracted_from_md_references,Extracted via 0-cost reference block parsing from proceedings markdown; 2016-2022 proceedings reference extraction can be generated via Tier 3 PDF reference parsing.
proc_cscl-2024.md_6500,handle_1_10553,2024,2024,Well-Being in CSCL Environments: Investigating Gender Variations,extracted_from_md_references,Extracted via 0-cost reference block parsing from proceedings markdown; 2016-2022 proceedings reference extraction can be generated via Tier 3 PDF reference parsing.
proc_cscl-2024.md_6500,handle_1_10561,2024,2024,Examining Intrinsic and Extrinsic Game Mechanics in Jigsaw CSCL,extracted_from_md_references,Extracted via 0-cost reference block parsing from proceedings markdown; 2016-2022 proceedings reference extraction can be generated via Tier 3 PDF reference parsing.
proc_cscl-2024.md_6500,handle_1_10566,2024,2024,Abstract: This study investigates learners’ mathematical proof activity in a CSCL environment.,extracted_from_md_references,Extracted via 0-cost reference block parsing from proceedings markdown; 2016-2022 proceedings reference extraction can be generated via Tier 3 PDF reference parsing.
proc_cscl-2024.md_6500,handle_1_10576,2024,2024,Collaborative Diagnostic Reasoning in a CSCL environment: A,extracted_from_md_references,Extracted via 0-cost reference block parsing from proceedings markdown; 2016-2022 proceedings reference extraction can be generated via Tier 3 PDF reference parsing.
proc_isls-2024,handle_1_10949,2024,2024,learning sciences work framing data science as a social and purpose-driven endeavor.,extracted_from_md_references,Extracted via 0-cost reference block parsing from proceedings markdown; 2016-2022 proceedings reference extraction can be generated via Tier 3 PDF reference parsing.
proc_isls-2024,handle_1_10851,2024,2024,ways the learning sciences could interface with SFF: scholars could explore theories of learning through the,extracted_from_md_references,Extracted via 0-cost reference block parsing from proceedings markdown; 2016-2022 proceedings reference extraction can be generated via Tier 3 PDF reference parsing.
proc_isls-2024,handle_1_10905,2024,2024,"Therefore, we propose a community approach to preparing the ISLS annual meeting, providing collaborative",extracted_from_md_references,Extracted via 0-cost reference block parsing from proceedings markdown; 2016-2022 proceedings reference extraction can be generated via Tier 3 PDF reference parsing.
proc_isls-2024,handle_1_11003,2024,2024,"a doctorate in the learning sciences from the University of Pennsylvania, where her dissertation work focused on",extracted_from_md_references,Extracted via 0-cost reference block parsing from proceedings markdown; 2016-2022 proceedings reference extraction can be generated via Tier 3 PDF reference parsing.
proc_icls-2024,handle_1_10257,2024,2023,"Equitable Implementation and Sustainability of Innovations. Journal of the Learning Sciences, 28(4–5),",extracted_from_md_references,Extracted via 0-cost reference block parsing from proceedings markdown; 2016-2022 proceedings reference extraction can be generated via Tier 3 PDF reference parsing.
proc_icls-2024,handle_1_10221,2024,2023,tissue: The role relationships play in freedom of movement across culinary learning. In Proceedings of,extracted_from_md_references,Extracted via 0-cost reference block parsing from proceedings markdown; 2016-2022 proceedings reference extraction can be generated via Tier 3 PDF reference parsing.
proc_icls-2024,handle_1_9998,2024,2023,"Luckin, R., & Cukurova, M. (2019). Designing educational technologies in the age of AI: A learning sciences‐",extracted_from_md_references,Extracted via 0-cost reference block parsing from proceedings markdown; 2016-2022 proceedings reference extraction can be generated via Tier 3 PDF reference parsing.
proc_icls-2024,handle_1_10174,2024,2023,assessments and feedback on students’ written science explanations. Proceedings of the 17th,extracted_from_md_references,Extracted via 0-cost reference block parsing from proceedings markdown; 2016-2022 proceedings reference extraction can be generated via Tier 3 PDF reference parsing.
proc_icls-2024,handle_1_9263,2024,2023,"Corpus Analysis Technology, to appear in the Proceedings of Computer Supported Collaborative",extracted_from_md_references,Extracted via 0-cost reference block parsing from proceedings markdown; 2016-2022 proceedings reference extraction can be generated via Tier 3 PDF reference parsing.
proc_icls-2024,handle_1_9918,2024,2023,Transformers: State-of-the-art natural language processing. In Proceedings of the 2020 conference on,extracted_from_md_references,Extracted via 0-cost reference block parsing from proceedings markdown; 2016-2022 proceedings reference extraction can be generated via Tier 3 PDF reference parsing.
proc_icls-2024.md_34261,handle_1_10154,2024,2023,"Davey, B., & Stevens, R. (2023b ). Scientific Practices in Professional Coffee Roasting . Proceedings of the 17th",extracted_from_md_references,Extracted via 0-cost reference block parsing from proceedings markdown; 2016-2022 proceedings reference extraction can be generated via Tier 3 PDF reference parsing.
proc_icls-2024.md_34261,handle_1_10269,2024,2023,computational thinking. In Proceedings of the 2012 annual meeting of the American Educational,extracted_from_md_references,Extracted via 0-cost reference block parsing from proceedings markdown; 2016-2022 proceedings reference extraction can be generated via Tier 3 PDF reference parsing.
proc_icls-2024.md_34261,handle_1_9263,2024,2023,"(Eds.), Proceedings of the 14th International Conference on Computer -Supported Collaborative",extracted_from_md_references,Extracted via 0-cost reference block parsing from proceedings markdown; 2016-2022 proceedings reference extraction can be generated via Tier 3 PDF reference parsing.
proc_icls-2024.md_34261,handle_1_10217,2024,2023,"learning sciences have approached learning as “related to culture, rather than a necessarily cultural process” (p.",extracted_from_md_references,Extracted via 0-cost reference block parsing from proceedings markdown; 2016-2022 proceedings reference extraction can be generated via Tier 3 PDF reference parsing.
proc_icls-2024.md_34261,handle_1_10257,2024,2023,"Equitable Implementation and Sustainability of Innovations. Journal of the Learning Sciences, 28(4–5),",extracted_from_md_references,Extracted via 0-cost reference block parsing from proceedings markdown; 2016-2022 proceedings reference extraction can be generated via Tier 3 PDF reference parsing.
proc_icls-2024.md_34261,handle_1_10011,2024,2023,Communities in Higher Education. Paper presented at the ISLS Annual Conference.,extracted_from_md_references,Extracted via 0-cost reference block parsing from proceedings markdown; 2016-2022 proceedings reference extraction can be generated via Tier 3 PDF reference parsing.
proc_icls-2024.md_34261,handle_1_10066,2024,2023,"weaving and sewing crafts. Journal of the Learning Sciences, 31(4-5), 477-508.",extracted_from_md_references,Extracted via 0-cost reference block parsing from proceedings markdown; 2016-2022 proceedings reference extraction can be generated via Tier 3 PDF reference parsing.
proc_icls-2024.md_34261,handle_1_9836,2024,2023,"Song, Y., & Looi, C.-K. (2012). Linking teacher beliefs, practices and student inquiry- based learning in a CSCL",extracted_from_md_references,Extracted via 0-cost reference block parsing from proceedings markdown; 2016-2022 proceedings reference extraction can be generated via Tier 3 PDF reference parsing.
proc_icls-2024.md_91869,handle_1_10257,2024,2023,Scholars in the learning sciences have pursued axiological innovations that expand and transform how,extracted_from_md_references,Extracted via 0-cost reference block parsing from proceedings markdown; 2016-2022 proceedings reference extraction can be generated via Tier 3 PDF reference parsing.
proc_icls-2024.md_91869,handle_1_10066,2024,2023,"weaving and sewing crafts. Journal of the Learning Sciences , 31(4–5), 477 –508.",extracted_from_md_references,Extracted via 0-cost reference block parsing from proceedings markdown; 2016-2022 proceedings reference extraction can be generated via Tier 3 PDF reference parsing.
proc_icls-2024.md_91869,handle_1_9257,2024,2023,Science Education With a Transferable and Configurable Conversational Agent. In Proceedings of the,extracted_from_md_references,Extracted via 0-cost reference block parsing from proceedings markdown; 2016-2022 proceedings reference extraction can be generated via Tier 3 PDF reference parsing.
proc_icls-2024.md_91869,handle_1_10217,2024,2023,identity we propose. The learning sciences remind us that learning is an ongoing process rather than a destination,extracted_from_md_references,Extracted via 0-cost reference block parsing from proceedings markdown; 2016-2022 proceedings reference extraction can be generated via Tier 3 PDF reference parsing.
proc_icls-2024.md_91869,handle_1_10169,2024,2023,scaffolding psychomotor-intensive tasks in complex real-world settings. ICLS 2023 (pp. 2077-2078).,extracted_from_md_references,Extracted via 0-cost reference block parsing from proceedings markdown; 2016-2022 proceedings reference extraction can be generated via Tier 3 PDF reference parsing.
proc_icls-2024.md_91869,handle_1_10354,2024,2023,Mathematics Course. Proceedings of the 54th ACM Technical Symposium on Computer Science,extracted_from_md_references,Extracted via 0-cost reference block parsing from proceedings markdown; 2016-2022 proceedings reference extraction can be generated via Tier 3 PDF reference parsing.
proc_cscl-2024,handle_1_9263,2024,2023,"Computer Supported Collaborative Learning (CSCL) Conference 2015, Volume 1. Gothenburg,",extracted_from_md_references,Extracted via 0-cost reference block parsing from proceedings markdown; 2016-2022 proceedings reference extraction can be generated via Tier 3 PDF reference parsing.
proc_cscl-2024.md_6500,handle_1_9891,2024,2023,of Collaboration: Scholarly Literature vs. Practitioners. Proceedings of the 17th International,extracted_from_md_references,Extracted via 0-cost reference block parsing from proceedings markdown; 2016-2022 proceedings reference extraction can be generated via Tier 3 PDF reference parsing.
proc_cscl-2024.md_6500,handle_1_9263,2024,2023,Abstract: Integrating Computer -Supported Collaborative Learning (CSCL) tools in the,extracted_from_md_references,Extracted via 0-cost reference block parsing from proceedings markdown; 2016-2022 proceedings reference extraction can be generated via Tier 3 PDF reference parsing.
proc_cscl-2024.md_6500,handle_1_9971,2024,2023,CSCL activities) influences the stress levels of the teachers in real-time (while epistemic and social aspects remain,extracted_from_md_references,Extracted via 0-cost reference block parsing from proceedings markdown; 2016-2022 proceedings reference extraction can be generated via Tier 3 PDF reference parsing.
proc_cscl-2024.md_6500,handle_1_9249,2024,2023,Towards Understanding Collaborative Scientific Inquiry Practices in CSCL Classrooms With In- Game,extracted_from_md_references,Extracted via 0-cost reference block parsing from proceedings markdown; 2016-2022 proceedings reference extraction can be generated via Tier 3 PDF reference parsing.
proc_cscl-2024.md_6500,handle_1_10315,2024,2023,Perspectives on Integrating Generative AI into Elementary Literacy Education. Proceedings of the,extracted_from_md_references,Extracted via 0-cost reference block parsing from proceedings markdown; 2016-2022 proceedings reference extraction can be generated via Tier 3 PDF reference parsing.
proc_cscl-2024.md_6500,handle_1_10155,2024,2023,"how the designed constructionist, CSCL environment supported students’ learning in ML",extracted_from_md_references,Extracted via 0-cost reference block parsing from proceedings markdown; 2016-2022 proceedings reference extraction can be generated via Tier 3 PDF reference parsing.
proc_cscl-2024.md_6500,handle_1_10269,2024,2023,computational thinking. In Proceedings of the 2012 annual meeting of the American Educational,extracted_from_md_references,Extracted via 0-cost reference block parsing from proceedings markdown; 2016-2022 proceedings reference extraction can be generated via Tier 3 PDF reference parsing.
proc_isls-2024,handle_1_9263,2024,2023,"Conference on Computer -Supported Collaborative Learning- CSCL 2023, pp. 420 -423. International",extracted_from_md_references,Extracted via 0-cost reference block parsing from proceedings markdown; 2016-2022 proceedings reference extraction can be generated via Tier 3 PDF reference parsing.
proc_isls-2024,handle_1_10034,2024,2023,"Center of the Learning Sciences, and has extensive experience in teaching, advising, and mentoring.",extracted_from_md_references,Extracted via 0-cost reference block parsing from proceedings markdown; 2016-2022 proceedings reference extraction can be generated via Tier 3 PDF reference parsing.
proc_isls-2024,handle_1_10257,2024,2023,"implementation and sustainability of innovations. Journal of the Learning Sciences, 28(4-5), 659-677.",extracted_from_md_references,Extracted via 0-cost reference block parsing from proceedings markdown; 2016-2022 proceedings reference extraction can be generated via Tier 3 PDF reference parsing.
proc_icls-2024,handle_1_8980,2024,2022,"Kapur, M., & Bielaczyc, K. (2012). Designing for productive failure. Journal of the Learning Sciences, 21(1), 45-",extracted_from_md_references,Extracted via 0-cost reference block parsing from proceedings markdown; 2016-2022 proceedings reference extraction can be generated via Tier 3 PDF reference parsing.
proc_icls-2024,handle_1_9051,2024,2022,"& J. S. Brown (Eds.), Knowledge and interaction: A synthetic agenda for the learning sciences (pp. 72–",extracted_from_md_references,Extracted via 0-cost reference block parsing from proceedings markdown; 2016-2022 proceedings reference extraction can be generated via Tier 3 PDF reference parsing.
proc_icls-2024,handle_1_8861,2024,2022,"Reimers, E. D. (2022). Kites in the Wind: Response Cries as Evidence of Listening. In Proceedings of the 16th",extracted_from_md_references,Extracted via 0-cost reference block parsing from proceedings markdown; 2016-2022 proceedings reference extraction can be generated via Tier 3 PDF reference parsing.
proc_icls-2024,handle_1_8958,2024,2022,in learning sciences ; an Earth and space sciences  professor; and two teaching assistants who were selected for,extracted_from_md_references,Extracted via 0-cost reference block parsing from proceedings markdown; 2016-2022 proceedings reference extraction can be generated via Tier 3 PDF reference parsing.
proc_icls-2024,handle_1_8348,2024,2022,The learning sciences has a complicated relationship with artificial intelligence. While the field’s origins appear,extracted_from_md_references,Extracted via 0-cost reference block parsing from proceedings markdown; 2016-2022 proceedings reference extraction can be generated via Tier 3 PDF reference parsing.
proc_icls-2024,handle_1_8737,2024,2022,Opportunities for Integrating AI Education in English Language Art Classrooms. In Proceedings of the,extracted_from_md_references,Extracted via 0-cost reference block parsing from proceedings markdown; 2016-2022 proceedings reference extraction can be generated via Tier 3 PDF reference parsing.
proc_icls-2024,handle_1_8295,2024,2022,Our collective reflection contributes to the learning sciences through our cultural interpretations of our,extracted_from_md_references,Extracted via 0-cost reference block parsing from proceedings markdown; 2016-2022 proceedings reference extraction can be generated via Tier 3 PDF reference parsing.
proc_icls-2024.md_34261,handle_1_8766,2024,2022,among Israeli and Palestinian students via computer science. Proceedings of the 42nd ACM Technical,extracted_from_md_references,Extracted via 0-cost reference block parsing from proceedings markdown; 2016-2022 proceedings reference extraction can be generated via Tier 3 PDF reference parsing.
proc_icls-2024.md_34261,handle_1_8579,2024,2022,affirming invitations to embodied participation in the design of learning environments. Proceedings of,extracted_from_md_references,Extracted via 0-cost reference block parsing from proceedings markdown; 2016-2022 proceedings reference extraction can be generated via Tier 3 PDF reference parsing.
proc_icls-2024.md_34261,handle_1_9051,2024,2022,"M., & Brown, N. J. S. (Eds.), Knowledge and interaction: A synthetic agenda for the learning sciences",extracted_from_md_references,Extracted via 0-cost reference block parsing from proceedings markdown; 2016-2022 proceedings reference extraction can be generated via Tier 3 PDF reference parsing.
proc_icls-2024.md_34261,handle_1_8431,2024,2022,"support to build learner agency in the figured world of visual art. Journal of the Learning Sciences, 31(1),",extracted_from_md_references,Extracted via 0-cost reference block parsing from proceedings markdown; 2016-2022 proceedings reference extraction can be generated via Tier 3 PDF reference parsing.
proc_icls-2024.md_34261,handle_1_9057,2024,2022,Extending the conceptualization of “bodies” in the learning sciences,extracted_from_md_references,Extracted via 0-cost reference block parsing from proceedings markdown; 2016-2022 proceedings reference extraction can be generated via Tier 3 PDF reference parsing.
proc_icls-2024.md_34261,handle_1_8655,2024,2022,means to engage in culturally sustaining learning as a family. In Proceedings of the 17 th International,extracted_from_md_references,Extracted via 0-cost reference block parsing from proceedings markdown; 2016-2022 proceedings reference extraction can be generated via Tier 3 PDF reference parsing.
proc_icls-2024.md_34261,handle_1_8307,2024,2022,peer feedback in argumentative essay writing. Proceedings of the 15th International Conference on,extracted_from_md_references,Extracted via 0-cost reference block parsing from proceedings markdown; 2016-2022 proceedings reference extraction can be generated via Tier 3 PDF reference parsing.
proc_icls-2024.md_34261,handle_1_8373,2024,2022,We draw from an emerging body of work in the learning sciences and teacher education highlighting how,extracted_from_md_references,Extracted via 0-cost reference block parsing from proceedings markdown; 2016-2022 proceedings reference extraction can be generated via Tier 3 PDF reference parsing.
proc_icls-2024.md_34261,handle_1_8805,2024,2022,Embodying the numerical and humanistic sides of data. In Proceedings of the 16th International,extracted_from_md_references,Extracted via 0-cost reference block parsing from proceedings markdown; 2016-2022 proceedings reference extraction can be generated via Tier 3 PDF reference parsing.
proc_icls-2024.md_34261,handle_1_8333,2024,2022,machine learning in K -12 scientific discovery. In Proceedings of the interaction design and children,extracted_from_md_references,Extracted via 0-cost reference block parsing from proceedings markdown; 2016-2022 proceedings reference extraction can be generated via Tier 3 PDF reference parsing.
proc_icls-2024.md_34261,handle_1_8894,2024,2022,"machinists. The learning sciences can elucidate ways to improve such training, addressing labor",extracted_from_md_references,Extracted via 0-cost reference block parsing from proceedings markdown; 2016-2022 proceedings reference extraction can be generated via Tier 3 PDF reference parsing.
proc_icls-2024.md_34261,handle_1_8592,2024,2022,"classroom teaching: Does it really impact on student outcomes?. Journal of the Learning Sciences, 28(4–",extracted_from_md_references,Extracted via 0-cost reference block parsing from proceedings markdown; 2016-2022 proceedings reference extraction can be generated via Tier 3 PDF reference parsing.
proc_icls-2024.md_34261,handle_1_8348,2024,2022,using deep learning of artificial intelligence. In Proceedings of the 17th International Conference of the,extracted_from_md_references,Extracted via 0-cost reference block parsing from proceedings markdown; 2016-2022 proceedings reference extraction can be generated via Tier 3 PDF reference parsing.
proc_icls-2024.md_34261,handle_1_8969,2024,2022,Abstract: Scholarship in the learning sciences around space- making point to the potential of,extracted_from_md_references,Extracted via 0-cost reference block parsing from proceedings markdown; 2016-2022 proceedings reference extraction can be generated via Tier 3 PDF reference parsing.
proc_icls-2024.md_34261,handle_1_8809,2024,2022,"learning sciences and teacher accounts call for limitations of such approach, and more in-person",extracted_from_md_references,Extracted via 0-cost reference block parsing from proceedings markdown; 2016-2022 proceedings reference extraction can be generated via Tier 3 PDF reference parsing.
proc_icls-2024.md_91869,handle_1_8715,2024,2022,"a principle-based innovation at an elementary school. The Journal of the Learning Sciences, 20(2), 262–",extracted_from_md_references,Extracted via 0-cost reference block parsing from proceedings markdown; 2016-2022 proceedings reference extraction can be generated via Tier 3 PDF reference parsing.
proc_icls-2024.md_91869,handle_1_8561,2024,2022,papers will help advance thinking in the learning sciences community about how to advance epistemic,extracted_from_md_references,Extracted via 0-cost reference block parsing from proceedings markdown; 2016-2022 proceedings reference extraction can be generated via Tier 3 PDF reference parsing.
proc_icls-2024.md_91869,handle_1_8859,2024,2022,practices help the fields of learning sciences and education (re)imagine the design and organization of learning,extracted_from_md_references,Extracted via 0-cost reference block parsing from proceedings markdown; 2016-2022 proceedings reference extraction can be generated via Tier 3 PDF reference parsing.
proc_icls-2024.md_91869,handle_1_8958,2024,2022,Designing Relational Possibilities in Teaching and Learning. In Proceedings of the 17th International,extracted_from_md_references,Extracted via 0-cost reference block parsing from proceedings markdown; 2016-2022 proceedings reference extraction can be generated via Tier 3 PDF reference parsing.
proc_icls-2024.md_91869,handle_1_8373,2024,2022,"the learning sciences, some teacher education projects have developed their own methods, having many",extracted_from_md_references,Extracted via 0-cost reference block parsing from proceedings markdown; 2016-2022 proceedings reference extraction can be generated via Tier 3 PDF reference parsing.
proc_icls-2024.md_91869,handle_1_9051,2024,2022,"& N. J. Brown (Eds.), Knowledge and interaction: A synthetic agenda for the learning sciences (pp. 30–",extracted_from_md_references,Extracted via 0-cost reference block parsing from proceedings markdown; 2016-2022 proceedings reference extraction can be generated via Tier 3 PDF reference parsing.
proc_icls-2024.md_91869,handle_1_9078,2024,2022,and the Why: Exploring Secure Development Practices through a Course Competition. Proceedings of,extracted_from_md_references,Extracted via 0-cost reference block parsing from proceedings markdown; 2016-2022 proceedings reference extraction can be generated via Tier 3 PDF reference parsing.
proc_icls-2024.md_91869,handle_1_8316,2024,2022,systematic debugging process. Proceedings of the 14th Workshop in Primary and Secondary Computing,extracted_from_md_references,Extracted via 0-cost reference block parsing from proceedings markdown; 2016-2022 proceedings reference extraction can be generated via Tier 3 PDF reference parsing.
proc_icls-2024.md_91869,handle_1_8974,2024,2022,"Transformative Agency. The Journal of the Learning Sciences , 25(4), 599 –633.",extracted_from_md_references,Extracted via 0-cost reference block parsing from proceedings markdown; 2016-2022 proceedings reference extraction can be generated via Tier 3 PDF reference parsing.
proc_cscl-2024,handle_1_8605,2024,2022,"and science learning in a game-based CSCL context, focusing on CPS clusters linked to student performance. The",extracted_from_md_references,Extracted via 0-cost reference block parsing from proceedings markdown; 2016-2022 proceedings reference extraction can be generated via Tier 3 PDF reference parsing.
proc_cscl-2024.md_6500,handle_1_8588,2024,2022,"CSCL researchers, but the collaborative load theory accounts for both group and individual considerations of",extracted_from_md_references,Extracted via 0-cost reference block parsing from proceedings markdown; 2016-2022 proceedings reference extraction can be generated via Tier 3 PDF reference parsing.
proc_cscl-2024.md_6500,handle_1_8606,2024,2022,"2., p. 36) inc ludes “design for emerging ecologies of socio -digital technologies,” developing CSCL practices,",extracted_from_md_references,Extracted via 0-cost reference block parsing from proceedings markdown; 2016-2022 proceedings reference extraction can be generated via Tier 3 PDF reference parsing.
proc_cscl-2024.md_6500,handle_1_8726,2024,2022,current teacher support strategies in CSCL classrooms and the assistance needed is essential. Our st udy delves,extracted_from_md_references,Extracted via 0-cost reference block parsing from proceedings markdown; 2016-2022 proceedings reference extraction can be generated via Tier 3 PDF reference parsing.
proc_cscl-2024.md_6500,handle_1_8828,2024,2022,"pedagogy as an equity-oriented design approach. Journal of the Learning Sciences, 28(4–5), 616–658.",extracted_from_md_references,Extracted via 0-cost reference block parsing from proceedings markdown; 2016-2022 proceedings reference extraction can be generated via Tier 3 PDF reference parsing.
proc_isls-2024,handle_1_8333,2024,2022,machine learning in K -12 scientific discovery. In proceedings of the Interaction Design and Children,extracted_from_md_references,Extracted via 0-cost reference block parsing from proceedings markdown; 2016-2022 proceedings reference extraction can be generated via Tier 3 PDF reference parsing.
proc_isls-2024,handle_1_8342,2024,2022,"- Suggest principles that can guide the choice, design,  and use of assessments in Learning Sciences",extracted_from_md_references,Extracted via 0-cost reference block parsing from proceedings markdown; 2016-2022 proceedings reference extraction can be generated via Tier 3 PDF reference parsing.
proc_isls-2024,handle_1_8980,2024,2022,"contemporary learning sciences threads of work on productive failure (Sinha & Kapur, 2021) and invented science",extracted_from_md_references,Extracted via 0-cost reference block parsing from proceedings markdown; 2016-2022 proceedings reference extraction can be generated via Tier 3 PDF reference parsing.
proc_isls-2024,handle_1_8748,2024,2022,"routinely get such support in their local contexts, and sustains the Learning Sciences society",extracted_from_md_references,Extracted via 0-cost reference block parsing from proceedings markdown; 2016-2022 proceedings reference extraction can be generated via Tier 3 PDF reference parsing.
proc_isls-2024,handle_1_8326,2024,2022,"We will solicit participation using social media, mailing lists, and connecting with prior ISLS attendees.",extracted_from_md_references,Extracted via 0-cost reference block parsing from proceedings markdown; 2016-2022 proceedings reference extraction can be generated via Tier 3 PDF reference parsing.
proc_icls-2024,handle_1_7352,2024,2021,In Proceedings of the Sixth International Conference on Learning Analytics & Knowledge (pp. 398-407).,extracted_from_md_references,Extracted via 0-cost reference block parsing from proceedings markdown; 2016-2022 proceedings reference extraction can be generated via Tier 3 PDF reference parsing.
proc_icls-2024,handle_1_7447,2024,2021,"Perspectives from the Learning Sciences, First Edition, New York: Routledge.",extracted_from_md_references,Extracted via 0-cost reference block parsing from proceedings markdown; 2016-2022 proceedings reference extraction can be generated via Tier 3 PDF reference parsing.
proc_icls-2024,handle_1_7460,2024,2021,taking and empathy transform children’s relationships to science and nature. In Proceedings of the 15th,extracted_from_md_references,Extracted via 0-cost reference block parsing from proceedings markdown; 2016-2022 proceedings reference extraction can be generated via Tier 3 PDF reference parsing.
proc_icls-2024,handle_1_7415,2024,2021,Leveraging Collective Impact to Promote Systemic Change in CS Education. In Proceedings of the 52nd,extracted_from_md_references,Extracted via 0-cost reference block parsing from proceedings markdown; 2016-2022 proceedings reference extraction can be generated via Tier 3 PDF reference parsing.
proc_icls-2024.md_34261,handle_1_7570,2024,2021,"Dynamic Modeling. Journal of the Learning Sciences, 9(4), 471–500.",extracted_from_md_references,Extracted via 0-cost reference block parsing from proceedings markdown; 2016-2022 proceedings reference extraction can be generated via Tier 3 PDF reference parsing.
proc_icls-2024.md_34261,handle_1_7447,2024,2021,Perspectives from the Learning Sciences. Routledge.,extracted_from_md_references,Extracted via 0-cost reference block parsing from proceedings markdown; 2016-2022 proceedings reference extraction can be generated via Tier 3 PDF reference parsing.
proc_icls-2024.md_34261,handle_1_7352,2024,2021,Proceedings of the 1st International Conference on Learning Analytics and Knowledge  (pp. 110-116).,extracted_from_md_references,Extracted via 0-cost reference block parsing from proceedings markdown; 2016-2022 proceedings reference extraction can be generated via Tier 3 PDF reference parsing.
proc_icls-2024.md_34261,handle_1_7454,2024,2021,"Synergistic scholarship in the Learning Sciences have adapted the framework of prolepsis (Rommetveit,",extracted_from_md_references,Extracted via 0-cost reference block parsing from proceedings markdown; 2016-2022 proceedings reference extraction can be generated via Tier 3 PDF reference parsing.
proc_icls-2024.md_34261,handle_1_7583,2024,2021,J. (2021). Designing a Global Community of Critical Action Educators. Proceedings of the International,extracted_from_md_references,Extracted via 0-cost reference block parsing from proceedings markdown; 2016-2022 proceedings reference extraction can be generated via Tier 3 PDF reference parsing.
proc_icls-2024.md_34261,handle_1_7439,2024,2021,"Wiebe, J., Khan, R., Burron, G., & Slotta, J. (2021). Review of Active Learning within JLS and ijCSCL: What",extracted_from_md_references,Extracted via 0-cost reference block parsing from proceedings markdown; 2016-2022 proceedings reference extraction can be generated via Tier 3 PDF reference parsing.
proc_icls-2024.md_91869,handle_1_7454,2024,2021,"Here we look outside the field of the learning sciences to organizational and management studies,",extracted_from_md_references,Extracted via 0-cost reference block parsing from proceedings markdown; 2016-2022 proceedings reference extraction can be generated via Tier 3 PDF reference parsing.
proc_icls-2024.md_91869,handle_1_7447,2024,2021,"perspectives in the learning sciences that already structure and justify participatory approaches to design, we want",extracted_from_md_references,Extracted via 0-cost reference block parsing from proceedings markdown; 2016-2022 proceedings reference extraction can be generated via Tier 3 PDF reference parsing.
proc_icls-2024.md_91869,handle_1_7583,2024,2021,J. (2021). Designing a Global Community of Critical Action Educators. Proceedings of the International,extracted_from_md_references,Extracted via 0-cost reference block parsing from proceedings markdown; 2016-2022 proceedings reference extraction can be generated via Tier 3 PDF reference parsing.
proc_icls-2024.md_91869,handle_1_7570,2024,2021,challenging to express as soon as I stepped into the world of the learning sciences. Attuning to seeing and feeling,extracted_from_md_references,Extracted via 0-cost reference block parsing from proceedings markdown; 2016-2022 proceedings reference extraction can be generated via Tier 3 PDF reference parsing.
proc_icls-2024.md_91869,handle_1_7585,2024,2021,the Learning Sciences to begin to imagine and enact more dignity affirming paths to assistant professordom. We,extracted_from_md_references,Extracted via 0-cost reference block parsing from proceedings markdown; 2016-2022 proceedings reference extraction can be generated via Tier 3 PDF reference parsing.
proc_icls-2024.md_91869,handle_1_7614,2024,2021,"Gomez, K., Kyza, E. A., & Mancevice, N. (2018). Participatory design and the learning sciences. In International",extracted_from_md_references,Extracted via 0-cost reference block parsing from proceedings markdown; 2016-2022 proceedings reference extraction can be generated via Tier 3 PDF reference parsing.
proc_icls-2024.md_91869,handle_1_7352,2024,2021,data. In Proceedings of the seventh international learning analytics & knowledge conference (pp. 188-,extracted_from_md_references,Extracted via 0-cost reference block parsing from proceedings markdown; 2016-2022 proceedings reference extraction can be generated via Tier 3 PDF reference parsing.
proc_icls-2024.md_91869,handle_1_7348,2024,2021,online professional learning experience. In Proceedings of the 50th ACM technical symposium on,extracted_from_md_references,Extracted via 0-cost reference block parsing from proceedings markdown; 2016-2022 proceedings reference extraction can be generated via Tier 3 PDF reference parsing.
proc_icls-2024.md_91869,handle_1_7381,2024,2021,"Kessner, T., & Hayward, C. (2021). Curriculum Mechanics for Motivation. In Proceedings of the 15th",extracted_from_md_references,Extracted via 0-cost reference block parsing from proceedings markdown; 2016-2022 proceedings reference extraction can be generated via Tier 3 PDF reference parsing.
proc_cscl-2024,handle_1_7354,2024,2021,taking Systems for Video- based Learners in Individual and Social Learning Contexts. Proceedings of,extracted_from_md_references,Extracted via 0-cost reference block parsing from proceedings markdown; 2016-2022 proceedings reference extraction can be generated via Tier 3 PDF reference parsing.
proc_cscl-2024,handle_1_7450,2024,2021,"design of the learning environment, and (b) the learners' learning prerequisites. With respect to (a), CSCL research",extracted_from_md_references,Extracted via 0-cost reference block parsing from proceedings markdown; 2016-2022 proceedings reference extraction can be generated via Tier 3 PDF reference parsing.
proc_cscl-2024.md_6500,handle_1_7617,2024,2021,"learning. In the context of CSCL , this means providing the pedagogical support that can  diagnose a range of",extracted_from_md_references,Extracted via 0-cost reference block parsing from proceedings markdown; 2016-2022 proceedings reference extraction can be generated via Tier 3 PDF reference parsing.
proc_cscl-2024.md_6500,handle_1_7560,2024,2021,studies and computer science. CSCL studies range from two individuals/learners solving a well-defined problem,extracted_from_md_references,Extracted via 0-cost reference block parsing from proceedings markdown; 2016-2022 proceedings reference extraction can be generated via Tier 3 PDF reference parsing.
proc_cscl-2024.md_6500,handle_1_7503,2024,2021,"The learning design for our CSCL environment is informed by constructionism, which suggests that students learn",extracted_from_md_references,Extracted via 0-cost reference block parsing from proceedings markdown; 2016-2022 proceedings reference extraction can be generated via Tier 3 PDF reference parsing.
proc_cscl-2024.md_6500,handle_1_7352,2024,2021,"Proceedings of the Seventh International Learning Analytics & Knowledge Conference , 218 –227.",extracted_from_md_references,Extracted via 0-cost reference block parsing from proceedings markdown; 2016-2022 proceedings reference extraction can be generated via Tier 3 PDF reference parsing.
proc_cscl-2024.md_6500,handle_1_7405,2024,2021,Scientific model evaluation during a gallery walk. Proceedings of the 15 th International Conference of,extracted_from_md_references,Extracted via 0-cost reference block parsing from proceedings markdown; 2016-2022 proceedings reference extraction can be generated via Tier 3 PDF reference parsing.
proc_cscl-2024.md_6500,handle_1_7364,2024,2021,"conversation. CSCL researchers has stressed the significant role of joint attention in collaborative learning  (e.g.,",extracted_from_md_references,Extracted via 0-cost reference block parsing from proceedings markdown; 2016-2022 proceedings reference extraction can be generated via Tier 3 PDF reference parsing.
proc_cscl-2024.md_6500,handle_1_7583,2024,2021,Designing a Global Community of Critical Action Educators. Proceedings of the International Society,extracted_from_md_references,Extracted via 0-cost reference block parsing from proceedings markdown; 2016-2022 proceedings reference extraction can be generated via Tier 3 PDF reference parsing.
proc_isls-2024,handle_1_7549,2024,2021,Contributions of Tangible ScratchJr to the learning sciences,extracted_from_md_references,Extracted via 0-cost reference block parsing from proceedings markdown; 2016-2022 proceedings reference extraction can be generated via Tier 3 PDF reference parsing.
proc_isls-2024,handle_1_7447,2024,2021,"Perspectives and Challenges in the Learning Sciences. Freydis Vogel is a Professor in the Department of General,",extracted_from_md_references,Extracted via 0-cost reference block parsing from proceedings markdown; 2016-2022 proceedings reference extraction can be generated via Tier 3 PDF reference parsing.
proc_isls-2024,handle_1_7300,2024,2021,"Aldemir, T., Borge, M., & Xia, Y. (2021). Exploration of facilitation strategies for intergroup dialogues in a CSCL",extracted_from_md_references,Extracted via 0-cost reference block parsing from proceedings markdown; 2016-2022 proceedings reference extraction can be generated via Tier 3 PDF reference parsing.
proc_icls-2024,handle_1_6351,2024,2020,"Agency: An Empirical Study of an Emergent Construct. Journal of the Learning Sciences , 19(2), 143–",extracted_from_md_references,Extracted via 0-cost reference block parsing from proceedings markdown; 2016-2022 proceedings reference extraction can be generated via Tier 3 PDF reference parsing.
proc_icls-2024,handle_1_6721,2024,2020,"Mechanistic Reasoning in Science Learning, Journal of the Learning Sciences, 28:2, 160 -205.",extracted_from_md_references,Extracted via 0-cost reference block parsing from proceedings markdown; 2016-2022 proceedings reference extraction can be generated via Tier 3 PDF reference parsing.
proc_icls-2024,handle_1_6679,2024,2020,"aligns with findings in the learning sciences literature, which highlight the nuanced nature of knowledge structure",extracted_from_md_references,Extracted via 0-cost reference block parsing from proceedings markdown; 2016-2022 proceedings reference extraction can be generated via Tier 3 PDF reference parsing.
proc_icls-2024,handle_1_6627,2024,2020,Web-Based Machine Learning and Text Mining Tool for K-12 Students. In Proceedings of the 53rd ACM,extracted_from_md_references,Extracted via 0-cost reference block parsing from proceedings markdown; 2016-2022 proceedings reference extraction can be generated via Tier 3 PDF reference parsing.
proc_icls-2024,handle_1_6736,2024,2020,"laboratory and their implications for chemistry learning. The Journal of the Learning Sciences , 9(2),",extracted_from_md_references,Extracted via 0-cost reference block parsing from proceedings markdown; 2016-2022 proceedings reference extraction can be generated via Tier 3 PDF reference parsing.
proc_icls-2024,handle_1_6663,2024,2020,"of lenses (e.g., from statuses to processes, from individual to collective, etc.). In the Learning Sciences, many",extracted_from_md_references,Extracted via 0-cost reference block parsing from proceedings markdown; 2016-2022 proceedings reference extraction can be generated via Tier 3 PDF reference parsing.
proc_icls-2024,handle_1_6823,2024,2020,"identity in basketball and classroom mathematics.  Journal of the Learning Sciences, 17 (2), 143 -179.",extracted_from_md_references,Extracted via 0-cost reference block parsing from proceedings markdown; 2016-2022 proceedings reference extraction can be generated via Tier 3 PDF reference parsing.
proc_icls-2024,handle_1_6661,2024,2020,the learning sciences who are interested in identifying and understanding outcomes and processes associated with,extracted_from_md_references,Extracted via 0-cost reference block parsing from proceedings markdown; 2016-2022 proceedings reference extraction can be generated via Tier 3 PDF reference parsing.
proc_icls-2024,handle_1_6509,2024,2020,"learning sciences (e.g., Sfard, 1998), especially building new positions related to curriculum (Saban, 2006).",extracted_from_md_references,Extracted via 0-cost reference block parsing from proceedings markdown; 2016-2022 proceedings reference extraction can be generated via Tier 3 PDF reference parsing.
proc_icls-2024.md_34261,handle_1_6509,2024,2020,vulnerabilities of exploring new pedagogies. International Conference of the Learning Sciences,extracted_from_md_references,Extracted via 0-cost reference block parsing from proceedings markdown; 2016-2022 proceedings reference extraction can be generated via Tier 3 PDF reference parsing.
proc_icls-2024.md_34261,handle_1_6351,2024,2020,"in the home, and to contribute critical scholarship to this area of the learning sciences.",extracted_from_md_references,Extracted via 0-cost reference block parsing from proceedings markdown; 2016-2022 proceedings reference extraction can be generated via Tier 3 PDF reference parsing.
proc_icls-2024.md_34261,handle_1_6610,2024,2020,Learning sciences over 30 years ago.  They continue to be important objects to envision alternative,extracted_from_md_references,Extracted via 0-cost reference block parsing from proceedings markdown; 2016-2022 proceedings reference extraction can be generated via Tier 3 PDF reference parsing.
proc_icls-2024.md_34261,handle_1_6820,2024,2020,benefits of integrating theoretical perspectives across the disciplines of Learning Sciences and,extracted_from_md_references,Extracted via 0-cost reference block parsing from proceedings markdown; 2016-2022 proceedings reference extraction can be generated via Tier 3 PDF reference parsing.
proc_icls-2024.md_34261,handle_1_6664,2024,2020,"Junjie Shang, Lab of Learning Sciences, Graduate School of Education, Peking University,",extracted_from_md_references,Extracted via 0-cost reference block parsing from proceedings markdown; 2016-2022 proceedings reference extraction can be generated via Tier 3 PDF reference parsing.
proc_icls-2024.md_34261,handle_1_6823,2024,2020,"identity in basketball and classroom mathematics. Journal of the Learning Sciences, 17(2), 143- 179.",extracted_from_md_references,Extracted via 0-cost reference block parsing from proceedings markdown; 2016-2022 proceedings reference extraction can be generated via Tier 3 PDF reference parsing.
proc_icls-2024.md_34261,handle_1_6435,2024,2020,"Active learning increases student performance in science, engineering, and mathematics. Proceedings of",extracted_from_md_references,Extracted via 0-cost reference block parsing from proceedings markdown; 2016-2022 proceedings reference extraction can be generated via Tier 3 PDF reference parsing.
proc_icls-2024.md_34261,handle_1_6704,2024,2020,and opportunities in teaching and learning data literacy through art. In Proceedings of the 15th,extracted_from_md_references,Extracted via 0-cost reference block parsing from proceedings markdown; 2016-2022 proceedings reference extraction can be generated via Tier 3 PDF reference parsing.
proc_icls-2024.md_34261,handle_1_6617,2024,2020,The Learning Sciences has recently put more attention on  social movements and collective action  (Curnow &,extracted_from_md_references,Extracted via 0-cost reference block parsing from proceedings markdown; 2016-2022 proceedings reference extraction can be generated via Tier 3 PDF reference parsing.
proc_icls-2024.md_34261,handle_1_6378,2024,2020,"children’s epistemic reasoning about a study of their own design. Journal of the Learning Sciences ,",extracted_from_md_references,Extracted via 0-cost reference block parsing from proceedings markdown; 2016-2022 proceedings reference extraction can be generated via Tier 3 PDF reference parsing.
proc_icls-2024.md_34261,handle_1_6355,2024,2020,deep mutual engagement with one another as the field of learning sciences continues to innovate across the,extracted_from_md_references,Extracted via 0-cost reference block parsing from proceedings markdown; 2016-2022 proceedings reference extraction can be generated via Tier 3 PDF reference parsing.
proc_icls-2024.md_91869,handle_1_6591,2024,2020,Equity- and Justice-Centered Secondary Pre-Service CS Teacher Education Program. Proceedings of the,extracted_from_md_references,Extracted via 0-cost reference block parsing from proceedings markdown; 2016-2022 proceedings reference extraction can be generated via Tier 3 PDF reference parsing.
proc_icls-2024.md_91869,handle_1_6665,2024,2020,Exploring critical data literacies through sociocultural perspectives.  Proceedings of the 14 th,extracted_from_md_references,Extracted via 0-cost reference block parsing from proceedings markdown; 2016-2022 proceedings reference extraction can be generated via Tier 3 PDF reference parsing.
proc_icls-2024.md_91869,handle_1_6509,2024,2020,"learning sciences, with particular attention to how technology shapes cognition and communication. Building on",extracted_from_md_references,Extracted via 0-cost reference block parsing from proceedings markdown; 2016-2022 proceedings reference extraction can be generated via Tier 3 PDF reference parsing.
proc_icls-2024.md_91869,handle_1_6513,2024,2020,"implementation in the learning sciences to address persistent problems of practice (Penuel et al., 2013). Moreover,",extracted_from_md_references,Extracted via 0-cost reference block parsing from proceedings markdown; 2016-2022 proceedings reference extraction can be generated via Tier 3 PDF reference parsing.
proc_icls-2024.md_91869,handle_1_6351,2024,2020,"empirical study of an emergent construct. The Journal of the Learning Sciences, 19(2), 143 -186.",extracted_from_md_references,Extracted via 0-cost reference block parsing from proceedings markdown; 2016-2022 proceedings reference extraction can be generated via Tier 3 PDF reference parsing.
proc_icls-2024.md_91869,handle_1_6663,2024,2020,learning sciences to contribute more actively in helping educators and organizers understand when and how,extracted_from_md_references,Extracted via 0-cost reference block parsing from proceedings markdown; 2016-2022 proceedings reference extraction can be generated via Tier 3 PDF reference parsing.
proc_icls-2024.md_91869,handle_1_6304,2024,2020,"the learning sciences who seek to unsettle the way we think about affect and feeling in design (Curnow & Vea,",extracted_from_md_references,Extracted via 0-cost reference block parsing from proceedings markdown; 2016-2022 proceedings reference extraction can be generated via Tier 3 PDF reference parsing.
proc_icls-2024.md_91869,handle_1_6823,2024,2020,"identity in basketball and classroom mathematics. The Journal of the Learning Sciences, 17(2), 143-179.",extracted_from_md_references,Extracted via 0-cost reference block parsing from proceedings markdown; 2016-2022 proceedings reference extraction can be generated via Tier 3 PDF reference parsing.
proc_icls-2024.md_91869,handle_1_6664,2024,2020,"Donaldson, J. P. (2019). Conceptualizations of learning in the learning sciences and STEM education.",extracted_from_md_references,Extracted via 0-cost reference block parsing from proceedings markdown; 2016-2022 proceedings reference extraction can be generated via Tier 3 PDF reference parsing.
proc_icls-2024.md_91869,handle_1_6545,2024,2020,"the implications of diverse conceptualizations of DEI – and emergent practices – for the learning sciences,",extracted_from_md_references,Extracted via 0-cost reference block parsing from proceedings markdown; 2016-2022 proceedings reference extraction can be generated via Tier 3 PDF reference parsing.
proc_icls-2024.md_91869,handle_1_6721,2024,2020,"Mechanistic Reasoning in Science Learning. Journal of the Learning Sciences , 28(2), 160 –205.",extracted_from_md_references,Extracted via 0-cost reference block parsing from proceedings markdown; 2016-2022 proceedings reference extraction can be generated via Tier 3 PDF reference parsing.
proc_icls-2024.md_91869,handle_1_6618,2024,2020,and Knowledge Resources from the Learning Sciences. IH refers to a person’s disposition toward owning their,extracted_from_md_references,Extracted via 0-cost reference block parsing from proceedings markdown; 2016-2022 proceedings reference extraction can be generated via Tier 3 PDF reference parsing.
proc_icls-2024.md_91869,handle_1_6370,2024,2020,stakeholders together in research-practice partnerships (RPPs) has been a central method in the learning sciences,extracted_from_md_references,Extracted via 0-cost reference block parsing from proceedings markdown; 2016-2022 proceedings reference extraction can be generated via Tier 3 PDF reference parsing.
proc_icls-2024.md_91869,handle_1_6435,2024,2020,"Active learning increases student performance in science, engineering, and mathematics. Proceedings of",extracted_from_md_references,Extracted via 0-cost reference block parsing from proceedings markdown; 2016-2022 proceedings reference extraction can be generated via Tier 3 PDF reference parsing.
proc_icls-2024.md_91869,handle_1_6728,2024,2020,"learning sciences knowledge to design outreach activities, may be a solution. Here I describe a",extracted_from_md_references,Extracted via 0-cost reference block parsing from proceedings markdown; 2016-2022 proceedings reference extraction can be generated via Tier 3 PDF reference parsing.
proc_icls-2024.md_91869,handle_1_6445,2024,2020,"learning by design into practice. The journal of the learning sciences, 12(4), 495 –547.",extracted_from_md_references,Extracted via 0-cost reference block parsing from proceedings markdown; 2016-2022 proceedings reference extraction can be generated via Tier 3 PDF reference parsing.
proc_icls-2024.md_91869,handle_1_6384,2024,2020,Our findings build on ongoing conversations within the Learning Sciences on how to design and support,extracted_from_md_references,Extracted via 0-cost reference block parsing from proceedings markdown; 2016-2022 proceedings reference extraction can be generated via Tier 3 PDF reference parsing.
proc_cscl-2024,handle_1_6767,2024,2020,"learning scaffolds in CSCL, but due to physical constraints the research could not follow through learners over a",extracted_from_md_references,Extracted via 0-cost reference block parsing from proceedings markdown; 2016-2022 proceedings reference extraction can be generated via Tier 3 PDF reference parsing.
proc_cscl-2024.md_6500,handle_1_6316,2024,2020,supported collaborative learning (ABCSCL). A systematic review and synthesis of fifteen years of,extracted_from_md_references,Extracted via 0-cost reference block parsing from proceedings markdown; 2016-2022 proceedings reference extraction can be generated via Tier 3 PDF reference parsing.
proc_cscl-2024.md_6500,handle_1_6596,2024,2020,"understanding the teacher’s stress in the CSCL environment considering both objective (i.e., physiological data",extracted_from_md_references,Extracted via 0-cost reference block parsing from proceedings markdown; 2016-2022 proceedings reference extraction can be generated via Tier 3 PDF reference parsing.
proc_cscl-2024.md_6500,handle_1_6728,2024,2020,"for the design of new knowledge media. The Journal of the learning sciences, 1(1), 37-68.",extracted_from_md_references,Extracted via 0-cost reference block parsing from proceedings markdown; 2016-2022 proceedings reference extraction can be generated via Tier 3 PDF reference parsing.
proc_cscl-2024.md_6500,handle_1_6844,2024,2020,instructional support enhances a broad spectrum of learning outcomes in CSCL; (2) the effects,extracted_from_md_references,Extracted via 0-cost reference block parsing from proceedings markdown; 2016-2022 proceedings reference extraction can be generated via Tier 3 PDF reference parsing.
proc_cscl-2024.md_6500,handle_1_6371,2024,2020,"When adaptive instructional support targeted individual learning activities in CSCL (RQ3), there were positive",extracted_from_md_references,Extracted via 0-cost reference block parsing from proceedings markdown; 2016-2022 proceedings reference extraction can be generated via Tier 3 PDF reference parsing.
proc_cscl-2024.md_6500,handle_1_6509,2024,2020,"(Ludvigsen & Mørch, 2010),  building on related scientific fields such as the learning sciences, communication",extracted_from_md_references,Extracted via 0-cost reference block parsing from proceedings markdown; 2016-2022 proceedings reference extraction can be generated via Tier 3 PDF reference parsing.
proc_cscl-2024.md_6500,handle_1_6384,2024,2020,authentic learning settings in order to initiate conversations within the learning sciences community to advance,extracted_from_md_references,Extracted via 0-cost reference block parsing from proceedings markdown; 2016-2022 proceedings reference extraction can be generated via Tier 3 PDF reference parsing.
proc_cscl-2024.md_6500,handle_1_6704,2024,2020,(2023). Orchestrating Hybrid Learning Scenarios: Challenges and Opportunities. In  ISLS Annual,extracted_from_md_references,Extracted via 0-cost reference block parsing from proceedings markdown; 2016-2022 proceedings reference extraction can be generated via Tier 3 PDF reference parsing.
proc_isls-2024,handle_1_6679,2024,2020,the Learning Sciences – an incredibly fun way to continue the interdisciplinary nature of our field.,extracted_from_md_references,Extracted via 0-cost reference block parsing from proceedings markdown; 2016-2022 proceedings reference extraction can be generated via Tier 3 PDF reference parsing.
proc_isls-2024,handle_1_6663,2024,2020,Theoretical approach and relevance to the learning sciences,extracted_from_md_references,Extracted via 0-cost reference block parsing from proceedings markdown; 2016-2022 proceedings reference extraction can be generated via Tier 3 PDF reference parsing.
proc_isls-2024,handle_1_6351,2024,2020,"Esmonde, I., & Booker, A. N. (Eds.). (2016). Power and privilege in the learning sciences: Critical and",extracted_from_md_references,Extracted via 0-cost reference block parsing from proceedings markdown; 2016-2022 proceedings reference extraction can be generated via Tier 3 PDF reference parsing.
proc_isls-2024,handle_1_6558,2024,2020,"Historically, the learning sciences evolved around various disciplines such as cognitive science, sociology",extracted_from_md_references,Extracted via 0-cost reference block parsing from proceedings markdown; 2016-2022 proceedings reference extraction can be generated via Tier 3 PDF reference parsing.
proc_isls-2024,handle_1_6304,2024,2020,1. A brief historical discussion about the design of tangible interfaces in the Learning Sciences and in the,extracted_from_md_references,Extracted via 0-cost reference block parsing from proceedings markdown; 2016-2022 proceedings reference extraction can be generated via Tier 3 PDF reference parsing.
proc_icls-2024,handle_1_4573,2024,2019,for qualitative research in the Learning Sciences and CSCL communities. We conclude by emphasizing several,extracted_from_md_references,Extracted via 0-cost reference block parsing from proceedings markdown; 2016-2022 proceedings reference extraction can be generated via Tier 3 PDF reference parsing.
proc_icls-2024,handle_1_4502,2024,2019,Ontologies: Desettling Interaction Analysis Methods. In Proceedings of the 15th International,extracted_from_md_references,Extracted via 0-cost reference block parsing from proceedings markdown; 2016-2022 proceedings reference extraction can be generated via Tier 3 PDF reference parsing.
proc_icls-2024,handle_1_4572,2024,2019,guiding students through a space of computational thinking skills and challenges. In Proceedings of the,extracted_from_md_references,Extracted via 0-cost reference block parsing from proceedings markdown; 2016-2022 proceedings reference extraction can be generated via Tier 3 PDF reference parsing.
proc_icls-2024,handle_1_4429,2024,2019,"mathematics education. Journal of the Learning Sciences, 25(2), 203–239.",extracted_from_md_references,Extracted via 0-cost reference block parsing from proceedings markdown; 2016-2022 proceedings reference extraction can be generated via Tier 3 PDF reference parsing.
proc_icls-2024,handle_1_4390,2024,2019,"competencies during technology-based problem solving in chemistry. Journal of the Learning Sciences,",extracted_from_md_references,Extracted via 0-cost reference block parsing from proceedings markdown; 2016-2022 proceedings reference extraction can be generated via Tier 3 PDF reference parsing.
proc_icls-2024.md_34261,handle_1_4573,2024,2019,"Over the past few decades, the Learning Sciences has explored more equitable forms of research design that",extracted_from_md_references,Extracted via 0-cost reference block parsing from proceedings markdown; 2016-2022 proceedings reference extraction can be generated via Tier 3 PDF reference parsing.
proc_icls-2024.md_34261,handle_1_4502,2024,2019,Ontologies: Desettling Interaction Analysis Methods. https://repository.isls.org//handle/1/7593,extracted_from_md_references,Extracted via 0-cost reference block parsing from proceedings markdown; 2016-2022 proceedings reference extraction can be generated via Tier 3 PDF reference parsing.
proc_icls-2024.md_34261,handle_1_4471,2024,2019,"Fotaris, P., & Mastoras, T. (2019, October). Escape rooms for learning: A systematic review. In Proceedings of",extracted_from_md_references,Extracted via 0-cost reference block parsing from proceedings markdown; 2016-2022 proceedings reference extraction can be generated via Tier 3 PDF reference parsing.
proc_icls-2024.md_34261,handle_1_4429,2024,2019,"mathematics education. Journal of the Learning Sciences, 25(2), 203–239.",extracted_from_md_references,Extracted via 0-cost reference block parsing from proceedings markdown; 2016-2022 proceedings reference extraction can be generated via Tier 3 PDF reference parsing.
proc_icls-2024.md_91869,handle_1_4573,2024,2019,"and research in the learning sciences. And yet, they inevitably invite deep internal complexity and contradiction",extracted_from_md_references,Extracted via 0-cost reference block parsing from proceedings markdown; 2016-2022 proceedings reference extraction can be generated via Tier 3 PDF reference parsing.
proc_icls-2024.md_91869,handle_1_4576,2024,2019,"multiple representations. Journal of the Learning Sciences, 20(3), 489- 547.",extracted_from_md_references,Extracted via 0-cost reference block parsing from proceedings markdown; 2016-2022 proceedings reference extraction can be generated via Tier 3 PDF reference parsing.
proc_icls-2024.md_91869,handle_1_4439,2024,2019,Changes in Knowledge Building Professional Development. In  Proceedings of the 17th International,extracted_from_md_references,Extracted via 0-cost reference block parsing from proceedings markdown; 2016-2022 proceedings reference extraction can be generated via Tier 3 PDF reference parsing.
proc_icls-2024.md_91869,handle_1_4415,2024,2019,Embodied Science Activities. In Proceedings of the 16th International Conference of the Learning,extracted_from_md_references,Extracted via 0-cost reference block parsing from proceedings markdown; 2016-2022 proceedings reference extraction can be generated via Tier 3 PDF reference parsing.
proc_cscl-2024,handle_1_4567,2024,2019,for Human -AI Collaboration in qualitative analysis. Proceedings of the ACM on Human- Computer,extracted_from_md_references,Extracted via 0-cost reference block parsing from proceedings markdown; 2016-2022 proceedings reference extraction can be generated via Tier 3 PDF reference parsing.
proc_cscl-2024,handle_1_4390,2024,2019,"problem solving in computer -mediated settings. Journal of the Learning Sciences , 14(2), 201– 241.",extracted_from_md_references,Extracted via 0-cost reference block parsing from proceedings markdown; 2016-2022 proceedings reference extraction can be generated via Tier 3 PDF reference parsing.
proc_cscl-2024,handle_1_4419,2024,2019,CSCL introduces specific complexities that demand the regulation of the learning process to ensure the effective,extracted_from_md_references,Extracted via 0-cost reference block parsing from proceedings markdown; 2016-2022 proceedings reference extraction can be generated via Tier 3 PDF reference parsing.
proc_cscl-2024,handle_1_4573,2024,2019,Interpretive Community. In Video research in the learning sciences (pp. 507- 520). Routledge.,extracted_from_md_references,Extracted via 0-cost reference block parsing from proceedings markdown; 2016-2022 proceedings reference extraction can be generated via Tier 3 PDF reference parsing.
proc_cscl-2024.md_6500,handle_1_4573,2024,2019,"L., Sherin, M. G., & Sherin, B. L. (2010). Conducting video research in the learning sciences: Guidance",extracted_from_md_references,Extracted via 0-cost reference block parsing from proceedings markdown; 2016-2022 proceedings reference extraction can be generated via Tier 3 PDF reference parsing.
proc_cscl-2024.md_6500,handle_1_4566,2024,2019,"To tackle these issues, computer -supported collaborative learning (CSCL) using tailored tools can be",extracted_from_md_references,Extracted via 0-cost reference block parsing from proceedings markdown; 2016-2022 proceedings reference extraction can be generated via Tier 3 PDF reference parsing.
proc_cscl-2024.md_6500,handle_1_4401,2024,2019,"research shows that adaptive instructional support in CSCL (e.g., adaptive collaboration scripts) may not have an",extracted_from_md_references,Extracted via 0-cost reference block parsing from proceedings markdown; 2016-2022 proceedings reference extraction can be generated via Tier 3 PDF reference parsing.
proc_cscl-2024.md_6500,handle_1_4471,2024,2019,"Xia, Y., & Borge, M. (2019). A systematic review of the quantification of qualitative data in proceedings of",extracted_from_md_references,Extracted via 0-cost reference block parsing from proceedings markdown; 2016-2022 proceedings reference extraction can be generated via Tier 3 PDF reference parsing.
proc_cscl-2024.md_6500,handle_1_4502,2024,2019,"argumentation, and methods such as interaction analysis, discourse, and analytics implies that CSCL researchers",extracted_from_md_references,Extracted via 0-cost reference block parsing from proceedings markdown; 2016-2022 proceedings reference extraction can be generated via Tier 3 PDF reference parsing.
proc_cscl-2024.md_6500,handle_1_4505,2024,2019,Understanding CSCL through the lens of research syntheses.,extracted_from_md_references,Extracted via 0-cost reference block parsing from proceedings markdown; 2016-2022 proceedings reference extraction can be generated via Tier 3 PDF reference parsing.
proc_cscl-2024.md_6500,handle_1_4429,2024,2019,"education. Studies presented at this symposium approach learning and CSCL theories from different angles,",extracted_from_md_references,Extracted via 0-cost reference block parsing from proceedings markdown; 2016-2022 proceedings reference extraction can be generated via Tier 3 PDF reference parsing.
proc_cscl-2024.md_6500,handle_1_4390,2024,2019,"Problem Solving. Journal of the Learning Sciences, 15(1), 121–151.",extracted_from_md_references,Extracted via 0-cost reference block parsing from proceedings markdown; 2016-2022 proceedings reference extraction can be generated via Tier 3 PDF reference parsing.
proc_isls-2024,handle_1_4573,2024,2019,"Barron, & S. Derry (Eds.),  Video research in the learning sciences  (pp. 383 –395). Mahwah, NJ:",extracted_from_md_references,Extracted via 0-cost reference block parsing from proceedings markdown; 2016-2022 proceedings reference extraction can be generated via Tier 3 PDF reference parsing.
proc_isls-2024,handle_1_4502,2024,2019,desettling interaction analysis methods. Proceedings of the 15th International Conference of the,extracted_from_md_references,Extracted via 0-cost reference block parsing from proceedings markdown; 2016-2022 proceedings reference extraction can be generated via Tier 3 PDF reference parsing.
proc_isls-2024,handle_1_4495,2024,2019,About the Workshop:  The field of Computer -Supported Collaborative Learning (CSCL) now stands at a pivotal,extracted_from_md_references,Extracted via 0-cost reference block parsing from proceedings markdown; 2016-2022 proceedings reference extraction can be generated via Tier 3 PDF reference parsing.
proc_isls-2024,handle_1_4429,2024,2019,"mathematics education. Journal of the Learning Sciences, 25(2), 203-239.",extracted_from_md_references,Extracted via 0-cost reference block parsing from proceedings markdown; 2016-2022 proceedings reference extraction can be generated via Tier 3 PDF reference parsing.
proc_icls-2024,handle_1_625,2024,2018,"Manu Kapur, Professorship for Learning Sciences and Higher Education, ETH Zurich, manukapur@ethz.ch",extracted_from_md_references,Extracted via 0-cost reference block parsing from proceedings markdown; 2016-2022 proceedings reference extraction can be generated via Tier 3 PDF reference parsing.
proc_icls-2024,handle_1_828,2024,2018,"development community. Journal of the Learning Sciences, 32(4-5), 573-621.",extracted_from_md_references,Extracted via 0-cost reference block parsing from proceedings markdown; 2016-2022 proceedings reference extraction can be generated via Tier 3 PDF reference parsing.
proc_icls-2024,handle_1_892,2024,2018,"learning pathways of novice programmers. Journal of the Learning Sciences, 22(4): 564–599.",extracted_from_md_references,Extracted via 0-cost reference block parsing from proceedings markdown; 2016-2022 proceedings reference extraction can be generated via Tier 3 PDF reference parsing.
proc_icls-2024,handle_1_780,2024,2018,"learning sciences. Like design -based, participatory, and partnered research modalities broadly, it takes seriously",extracted_from_md_references,Extracted via 0-cost reference block parsing from proceedings markdown; 2016-2022 proceedings reference extraction can be generated via Tier 3 PDF reference parsing.
proc_icls-2024,handle_1_661,2024,2018,participation in computer science education. In Proceedings of the 43rd ACM technical symposium on,extracted_from_md_references,Extracted via 0-cost reference block parsing from proceedings markdown; 2016-2022 proceedings reference extraction can be generated via Tier 3 PDF reference parsing.
proc_icls-2024,handle_1_827,2024,2018,Participation in Contrasting Activity Systems in an AI Educational Program. In Proceedings of,extracted_from_md_references,Extracted via 0-cost reference block parsing from proceedings markdown; 2016-2022 proceedings reference extraction can be generated via Tier 3 PDF reference parsing.
proc_icls-2024,handle_1_838,2024,2018,"and Try"": The development of teachers' perseverance within science. In Proceedings of the 15th",extracted_from_md_references,Extracted via 0-cost reference block parsing from proceedings markdown; 2016-2022 proceedings reference extraction can be generated via Tier 3 PDF reference parsing.
proc_icls-2024,handle_1_662,2024,2018,"environment by constructing liminal blends through action on props. Information and Learning Sciences,",extracted_from_md_references,Extracted via 0-cost reference block parsing from proceedings markdown; 2016-2022 proceedings reference extraction can be generated via Tier 3 PDF reference parsing.
proc_icls-2024,handle_1_876,2024,2018,"as a justification for learning computer science. Journal of the Learning Sciences , 23(3), 272 -315.",extracted_from_md_references,Extracted via 0-cost reference block parsing from proceedings markdown; 2016-2022 proceedings reference extraction can be generated via Tier 3 PDF reference parsing.
proc_icls-2024,handle_1_794,2024,2018,"nities to learn for English language learners. Journal of the Learning Sciences, 25(3), 411 -437.",extracted_from_md_references,Extracted via 0-cost reference block parsing from proceedings markdown; 2016-2022 proceedings reference extraction can be generated via Tier 3 PDF reference parsing.
proc_icls-2024,handle_1_701,2024,2018,"support qualitative research in a corpus for the learning sciences. This approach, inspired by the integration of",extracted_from_md_references,Extracted via 0-cost reference block parsing from proceedings markdown; 2016-2022 proceedings reference extraction can be generated via Tier 3 PDF reference parsing.
proc_icls-2024,handle_1_791,2024,2018,"work using automated corpus analysis in learning sciences such as Dönmez et al. (2005), our study uses",extracted_from_md_references,Extracted via 0-cost reference block parsing from proceedings markdown; 2016-2022 proceedings reference extraction can be generated via Tier 3 PDF reference parsing.
proc_icls-2024,handle_1_519,2024,2018,"sensemaking for epistemic agency. Journal of the Learning Sciences, 31(3), 408 –457.",extracted_from_md_references,Extracted via 0-cost reference block parsing from proceedings markdown; 2016-2022 proceedings reference extraction can be generated via Tier 3 PDF reference parsing.
proc_icls-2024,handle_1_495,2024,2018,Supporting students’ epistemic agency to revise a class criteria list for scientific models. Proceedings of,extracted_from_md_references,Extracted via 0-cost reference block parsing from proceedings markdown; 2016-2022 proceedings reference extraction can be generated via Tier 3 PDF reference parsing.
proc_icls-2024,handle_1_764,2024,2018,Bridge Social Studies Education with Learning Sciences,extracted_from_md_references,Extracted via 0-cost reference block parsing from proceedings markdown; 2016-2022 proceedings reference extraction can be generated via Tier 3 PDF reference parsing.
proc_icls-2024,handle_1_693,2024,2018,"and design games. In M. Gesalfi & I. S. Horn (Eds.) The interdisciplinarity of the learning sciences, 14th",extracted_from_md_references,Extracted via 0-cost reference block parsing from proceedings markdown; 2016-2022 proceedings reference extraction can be generated via Tier 3 PDF reference parsing.
proc_icls-2024,handle_1_517,2024,2018,design. In Proceedings of the 6th conference on Designing Interactive systems (pp. 140-149).,extracted_from_md_references,Extracted via 0-cost reference block parsing from proceedings markdown; 2016-2022 proceedings reference extraction can be generated via Tier 3 PDF reference parsing.
proc_icls-2024.md_34261,handle_1_661,2024,2018,"EarSketch. Proceedings of the 45th ACM Technical Symposium on Computer Science Education, 85–90.",extracted_from_md_references,Extracted via 0-cost reference block parsing from proceedings markdown; 2016-2022 proceedings reference extraction can be generated via Tier 3 PDF reference parsing.
proc_icls-2024.md_34261,handle_1_828,2024,2018,development of children’s mathematical understanding—a goal that is central to the learning sciences and vital,extracted_from_md_references,Extracted via 0-cost reference block parsing from proceedings markdown; 2016-2022 proceedings reference extraction can be generated via Tier 3 PDF reference parsing.
proc_icls-2024.md_34261,handle_1_892,2024,2018,"Uttamchandani, S. (2018). Equity in the Learning Sciences: Recent Themes and Pathways. In Kay, J. and Luckin,",extracted_from_md_references,Extracted via 0-cost reference block parsing from proceedings markdown; 2016-2022 proceedings reference extraction can be generated via Tier 3 PDF reference parsing.
proc_icls-2024.md_34261,handle_1_585,2024,2018,"Karasti, H. (2014). Infrastructuring in participatory design. Proceedings of the 13th Participatory Design",extracted_from_md_references,Extracted via 0-cost reference block parsing from proceedings markdown; 2016-2022 proceedings reference extraction can be generated via Tier 3 PDF reference parsing.
proc_icls-2024.md_34261,handle_1_686,2024,2018,"Manz, E. (2018). Designing for and analyzing productive uncertainty in science investigations. Proceedings of",extracted_from_md_references,Extracted via 0-cost reference block parsing from proceedings markdown; 2016-2022 proceedings reference extraction can be generated via Tier 3 PDF reference parsing.
proc_icls-2024.md_34261,handle_1_865,2024,2018,tools for early math learning—that can guide future research and practice in Learning Sciences and Technologies.,extracted_from_md_references,Extracted via 0-cost reference block parsing from proceedings markdown; 2016-2022 proceedings reference extraction can be generated via Tier 3 PDF reference parsing.
proc_icls-2024.md_34261,handle_1_876,2024,2018,"From the Learning Sciences and Human− Computer Interaction. Cognitive Science, 47(10), e13365.",extracted_from_md_references,Extracted via 0-cost reference block parsing from proceedings markdown; 2016-2022 proceedings reference extraction can be generated via Tier 3 PDF reference parsing.
proc_icls-2024.md_34261,handle_1_625,2024,2018,"future studies, the learning sciences can inform advanced training in higher education, leveraging the design of",extracted_from_md_references,Extracted via 0-cost reference block parsing from proceedings markdown; 2016-2022 proceedings reference extraction can be generated via Tier 3 PDF reference parsing.
proc_icls-2024.md_34261,handle_1_701,2024,2018,"multiple, distinct experiences  and environ ments. Music-centric learning sciences research",extracted_from_md_references,Extracted via 0-cost reference block parsing from proceedings markdown; 2016-2022 proceedings reference extraction can be generated via Tier 3 PDF reference parsing.
proc_icls-2024.md_34261,handle_1_496,2024,2018,"stabilization to possibility discourse through reflective noticing. Journal of the Learning Sciences, 30(4-",extracted_from_md_references,Extracted via 0-cost reference block parsing from proceedings markdown; 2016-2022 proceedings reference extraction can be generated via Tier 3 PDF reference parsing.
proc_icls-2024.md_91869,handle_1_828,2024,2018,"development community. Journal of the Learning Sciences, 1-49.",extracted_from_md_references,Extracted via 0-cost reference block parsing from proceedings markdown; 2016-2022 proceedings reference extraction can be generated via Tier 3 PDF reference parsing.
proc_icls-2024.md_91869,handle_1_876,2024,2018,to learn within computer science can be meaningful to further investigate in the learning sciences as a way to,extracted_from_md_references,Extracted via 0-cost reference block parsing from proceedings markdown; 2016-2022 proceedings reference extraction can be generated via Tier 3 PDF reference parsing.
proc_icls-2024.md_91869,handle_1_780,2024,2018,further in the learning sciences; m ethods such as participatory design or design -based research can embed,extracted_from_md_references,Extracted via 0-cost reference block parsing from proceedings markdown; 2016-2022 proceedings reference extraction can be generated via Tier 3 PDF reference parsing.
proc_icls-2024.md_91869,handle_1_764,2024,2018,"social media. Information and Learning Sciences, 124(5/6), 149–167.",extracted_from_md_references,Extracted via 0-cost reference block parsing from proceedings markdown; 2016-2022 proceedings reference extraction can be generated via Tier 3 PDF reference parsing.
proc_icls-2024.md_91869,handle_1_661,2024,2018,"Everson, J. (2023). Interrogating Implicit Power in Secondary Computer Science Education. Proceedings of the",extracted_from_md_references,Extracted via 0-cost reference block parsing from proceedings markdown; 2016-2022 proceedings reference extraction can be generated via Tier 3 PDF reference parsing.
proc_icls-2024.md_91869,handle_1_892,2024,2018,across recent work in the learning sciences and allied fields suggests there is wide variability in how data,extracted_from_md_references,Extracted via 0-cost reference block parsing from proceedings markdown; 2016-2022 proceedings reference extraction can be generated via Tier 3 PDF reference parsing.
proc_icls-2024.md_91869,handle_1_637,2024,2018,"Student engagement has broad appeal within and between many fields associated with the learning sciences, both",extracted_from_md_references,Extracted via 0-cost reference block parsing from proceedings markdown; 2016-2022 proceedings reference extraction can be generated via Tier 3 PDF reference parsing.
proc_icls-2024.md_91869,handle_1_858,2024,2018,which are award-winning studies in learning sciences and learning analytics. Members of the QE society are located,extracted_from_md_references,Extracted via 0-cost reference block parsing from proceedings markdown; 2016-2022 proceedings reference extraction can be generated via Tier 3 PDF reference parsing.
proc_icls-2024.md_91869,handle_1_474,2024,2018,"design within the Learning Sciences—to reading. Therefore, through a secondary data analysis",extracted_from_md_references,Extracted via 0-cost reference block parsing from proceedings markdown; 2016-2022 proceedings reference extraction can be generated via Tier 3 PDF reference parsing.
proc_icls-2024.md_91869,handle_1_656,2024,2018,studying and designing learning environments. In the proceedings of the International Society of the Learning,extracted_from_md_references,Extracted via 0-cost reference block parsing from proceedings markdown; 2016-2022 proceedings reference extraction can be generated via Tier 3 PDF reference parsing.
proc_icls-2024.md_91869,handle_1_501,2024,2018,Learning Sciences. They help identify differences in learning facilitation between different learning approaches.,extracted_from_md_references,Extracted via 0-cost reference block parsing from proceedings markdown; 2016-2022 proceedings reference extraction can be generated via Tier 3 PDF reference parsing.
proc_icls-2024.md_91869,handle_1_798,2024,2018,systems. The study contributes to the field of learning sciences by enhancing the effectiveness,extracted_from_md_references,Extracted via 0-cost reference block parsing from proceedings markdown; 2016-2022 proceedings reference extraction can be generated via Tier 3 PDF reference parsing.
proc_cscl-2024,handle_1_828,2024,2018,"Perspective. In Cambridge Handbook of the Learning Sciences (Vol. 2006, p. 409).",extracted_from_md_references,Extracted via 0-cost reference block parsing from proceedings markdown; 2016-2022 proceedings reference extraction can be generated via Tier 3 PDF reference parsing.
proc_cscl-2024.md_6500,handle_1_677,2024,2018,"Ma, X., Liu, J., Liang, J., & Fan, C. (2020). An empirical study on the effect of group awareness in CSCL",extracted_from_md_references,Extracted via 0-cost reference block parsing from proceedings markdown; 2016-2022 proceedings reference extraction can be generated via Tier 3 PDF reference parsing.
proc_cscl-2024.md_6500,handle_1_910,2024,2018,"collaborative learning (CSCL) groups. Computers & Education, 51(1), 54 –66.",extracted_from_md_references,Extracted via 0-cost reference block parsing from proceedings markdown; 2016-2022 proceedings reference extraction can be generated via Tier 3 PDF reference parsing.
proc_cscl-2024.md_6500,handle_1_582,2024,2018,"collaborative learning situations (Stahl et al., 2006). Within the context of CSCL, group learning can be pre -",extracted_from_md_references,Extracted via 0-cost reference block parsing from proceedings markdown; 2016-2022 proceedings reference extraction can be generated via Tier 3 PDF reference parsing.
proc_cscl-2024.md_6500,handle_1_598,2024,2018,"individual to small groups and later in larger groups) (Hernández-Leo et al., 2006). Teachers may use CSCL tools",extracted_from_md_references,Extracted via 0-cost reference block parsing from proceedings markdown; 2016-2022 proceedings reference extraction can be generated via Tier 3 PDF reference parsing.
proc_cscl-2024.md_6500,handle_1_828,2024,2018,"perspective. In R. K. Sawyer (Ed.), Cambridge handbook of the learning sciences (pp. 409 –426).",extracted_from_md_references,Extracted via 0-cost reference block parsing from proceedings markdown; 2016-2022 proceedings reference extraction can be generated via Tier 3 PDF reference parsing.
proc_cscl-2024.md_6500,handle_1_575,2024,2018,"collaborative learning (CSCL), effects of rather person-related aspects (like group composition) or rather content-",extracted_from_md_references,Extracted via 0-cost reference block parsing from proceedings markdown; 2016-2022 proceedings reference extraction can be generated via Tier 3 PDF reference parsing.
proc_cscl-2024.md_6500,handle_1_487,2024,2018,"is practice, i.e., facilitating constructive and agentive teaching and learning practices around CSCL. These",extracted_from_md_references,Extracted via 0-cost reference block parsing from proceedings markdown; 2016-2022 proceedings reference extraction can be generated via Tier 3 PDF reference parsing.
proc_cscl-2024.md_6500,handle_1_647,2024,2018,the instructors’ online teaching during the COVID -19 pandemic. The product of learning studied in CSCL,extracted_from_md_references,Extracted via 0-cost reference block parsing from proceedings markdown; 2016-2022 proceedings reference extraction can be generated via Tier 3 PDF reference parsing.
proc_cscl-2024.md_6500,handle_1_661,2024,2018,Initiative. In Proceedings of the 50th ACM Technical Symposium on Computer Science Education (pp.,extracted_from_md_references,Extracted via 0-cost reference block parsing from proceedings markdown; 2016-2022 proceedings reference extraction can be generated via Tier 3 PDF reference parsing.
proc_cscl-2024.md_6500,handle_1_667,2024,2018,Abstract: Studies in learning sciences have examined the learning of computational thinking,extracted_from_md_references,Extracted via 0-cost reference block parsing from proceedings markdown; 2016-2022 proceedings reference extraction can be generated via Tier 3 PDF reference parsing.
proc_cscl-2024.md_6500,handle_1_876,2024,2018,computer science learning experiences and implications for what comes next. In Proceedings of,extracted_from_md_references,Extracted via 0-cost reference block parsing from proceedings markdown; 2016-2022 proceedings reference extraction can be generated via Tier 3 PDF reference parsing.
proc_isls-2024,handle_1_709,2024,2018,"collaborative learning (CSCL) settings, it is critical for teachers to monitor and understand",extracted_from_md_references,Extracted via 0-cost reference block parsing from proceedings markdown; 2016-2022 proceedings reference extraction can be generated via Tier 3 PDF reference parsing.
proc_isls-2024,handle_1_828,2024,2018,learning sciences community gathered from field observations when teachers enacted MoFR .,extracted_from_md_references,Extracted via 0-cost reference block parsing from proceedings markdown; 2016-2022 proceedings reference extraction can be generated via Tier 3 PDF reference parsing.
proc_isls-2024,handle_1_814,2024,2018,platform for leaders and faculty in learning sciences programs to exchange resources and support each other in,extracted_from_md_references,Extracted via 0-cost reference block parsing from proceedings markdown; 2016-2022 proceedings reference extraction can be generated via Tier 3 PDF reference parsing.
proc_isls-2024,handle_1_640,2024,2018,surface many learning sciences-relevant research questions with as broad a range as “What role does SFF fandom,extracted_from_md_references,Extracted via 0-cost reference block parsing from proceedings markdown; 2016-2022 proceedings reference extraction can be generated via Tier 3 PDF reference parsing.
proc_isls-2024,handle_1_892,2024,2018,Developing pathways for healing in the Learning Sciences,extracted_from_md_references,Extracted via 0-cost reference block parsing from proceedings markdown; 2016-2022 proceedings reference extraction can be generated via Tier 3 PDF reference parsing.
proc_isls-2024,handle_1_889,2024,2018,"in the Learning Sciences and Assessment Academic Group focusing on understanding students’ social, cognitive,",extracted_from_md_references,Extracted via 0-cost reference block parsing from proceedings markdown; 2016-2022 proceedings reference extraction can be generated via Tier 3 PDF reference parsing.
proc_isls-2024,handle_1_534,2024,2018,"platform as a design case study, examining the learning sciences principles underpinning its",extracted_from_md_references,Extracted via 0-cost reference block parsing from proceedings markdown; 2016-2022 proceedings reference extraction can be generated via Tier 3 PDF reference parsing.
proc_isls-2024,handle_1_865,2024,2018,● New technologies and learning environment designs: CSCL research needs to consider incorporating,extracted_from_md_references,Extracted via 0-cost reference block parsing from proceedings markdown; 2016-2022 proceedings reference extraction can be generated via Tier 3 PDF reference parsing.
proc_isls-2024,handle_1_858,2024,2018,"learning sciences and learning analytics, both of which aim to provide solutions to practical educational problems.",extracted_from_md_references,Extracted via 0-cost reference block parsing from proceedings markdown; 2016-2022 proceedings reference extraction can be generated via Tier 3 PDF reference parsing.
proc_icls-2024,handle_1_256,2024,2017,"Shape Collaborative Science Inquiry. Journal of the Learning Sciences, 28(4-5), 513-555.",extracted_from_md_references,Extracted via 0-cost reference block parsing from proceedings markdown; 2016-2022 proceedings reference extraction can be generated via Tier 3 PDF reference parsing.
proc_icls-2024,handle_1_206,2024,2017,"Kizito, R., & Brennan, K. (Eds .), Building Knowledge and Sustaining our Community: Proceedings of",extracted_from_md_references,Extracted via 0-cost reference block parsing from proceedings markdown; 2016-2022 proceedings reference extraction can be generated via Tier 3 PDF reference parsing.
proc_icls-2024.md_34261,handle_1_253,2024,2017,"Hoadley, C. P. (2002). Creating context: Design-based research in creating and understanding CSCL.",extracted_from_md_references,Extracted via 0-cost reference block parsing from proceedings markdown; 2016-2022 proceedings reference extraction can be generated via Tier 3 PDF reference parsing.
proc_icls-2024.md_34261,handle_1_217,2024,2017,"academic disciplines, including computer science, educational technology, and learning sciences. This",extracted_from_md_references,Extracted via 0-cost reference block parsing from proceedings markdown; 2016-2022 proceedings reference extraction can be generated via Tier 3 PDF reference parsing.
proc_icls-2024.md_34261,handle_1_256,2024,2017,"Shape Collaborative Science Inquiry. Journal of the Learning Sciences , 28(4–5), 513– 555.",extracted_from_md_references,Extracted via 0-cost reference block parsing from proceedings markdown; 2016-2022 proceedings reference extraction can be generated via Tier 3 PDF reference parsing.
proc_icls-2024.md_34261,handle_1_240,2024,2017,"Blikstein, P. (2013). Multimodal learning analytics  Proceedings of the Third International Conference on",extracted_from_md_references,Extracted via 0-cost reference block parsing from proceedings markdown; 2016-2022 proceedings reference extraction can be generated via Tier 3 PDF reference parsing.
proc_icls-2024.md_34261,handle_1_232,2024,2017,"understanding of complex systems. The Journal of the Learning Sciences, 16(3), 307-331.",extracted_from_md_references,Extracted via 0-cost reference block parsing from proceedings markdown; 2016-2022 proceedings reference extraction can be generated via Tier 3 PDF reference parsing.
proc_icls-2024.md_34261,handle_1_243,2024,2017,"methods analysis of research contributions, shortcomings, and future prospects. In Proceedings of the",extracted_from_md_references,Extracted via 0-cost reference block parsing from proceedings markdown; 2016-2022 proceedings reference extraction can be generated via Tier 3 PDF reference parsing.
proc_icls-2024.md_91869,handle_1_290,2024,2017,discourse understanding and engagement in a knowledge -building environment. Knowledge building is a CSCL,extracted_from_md_references,Extracted via 0-cost reference block parsing from proceedings markdown; 2016-2022 proceedings reference extraction can be generated via Tier 3 PDF reference parsing.
proc_icls-2024.md_91869,handle_1_250,2024,2017,"whose work intersects in the learning sciences and analytics communities, as well as broader, practice- oriented",extracted_from_md_references,Extracted via 0-cost reference block parsing from proceedings markdown; 2016-2022 proceedings reference extraction can be generated via Tier 3 PDF reference parsing.
proc_icls-2024.md_91869,handle_1_232,2024,2017,"Quantitative Change in Complex Systems. The Journal of the Learning Sciences , 24(2), 204– 251.",extracted_from_md_references,Extracted via 0-cost reference block parsing from proceedings markdown; 2016-2022 proceedings reference extraction can be generated via Tier 3 PDF reference parsing.
proc_icls-2024.md_91869,handle_1_259,2024,2017,"collaborative learning (CSCL), alongside the design considerations for DEI. These efforts aim to foster changes",extracted_from_md_references,Extracted via 0-cost reference block parsing from proceedings markdown; 2016-2022 proceedings reference extraction can be generated via Tier 3 PDF reference parsing.
proc_icls-2024.md_91869,handle_1_240,2024,2017,where Learning Sciences researchers can benefit from AI to address complex IA problems using multimodal data.,extracted_from_md_references,Extracted via 0-cost reference block parsing from proceedings markdown; 2016-2022 proceedings reference extraction can be generated via Tier 3 PDF reference parsing.
proc_icls-2024.md_91869,handle_1_212,2024,2017,The work of Scardamalia and Bereiter is pivotal in the Computer-Supported Collaborative Learning (CSCL) field.,extracted_from_md_references,Extracted via 0-cost reference block parsing from proceedings markdown; 2016-2022 proceedings reference extraction can be generated via Tier 3 PDF reference parsing.
proc_icls-2024.md_91869,handle_1_305,2024,2017,The researchers were two master's students in a learning sciences program at a private university in the,extracted_from_md_references,Extracted via 0-cost reference block parsing from proceedings markdown; 2016-2022 proceedings reference extraction can be generated via Tier 3 PDF reference parsing.
proc_cscl-2024,handle_1_212,2024,2017,Computer-supported collaborative learning (CSCL) environments hold great promise for facilitating deeper,extracted_from_md_references,Extracted via 0-cost reference block parsing from proceedings markdown; 2016-2022 proceedings reference extraction can be generated via Tier 3 PDF reference parsing.
proc_cscl-2024,handle_1_290,2024,2017,"CSCL emphasizes knowledge building and common understanding via exchange and discourse (Bruffee, 1984).",extracted_from_md_references,Extracted via 0-cost reference block parsing from proceedings markdown; 2016-2022 proceedings reference extraction can be generated via Tier 3 PDF reference parsing.
proc_cscl-2024,handle_1_194,2024,2017,preparation activity is introduced to CSCL environment s to promote students’ readiness for learning in the,extracted_from_md_references,Extracted via 0-cost reference block parsing from proceedings markdown; 2016-2022 proceedings reference extraction can be generated via Tier 3 PDF reference parsing.
proc_cscl-2024,handle_1_259,2024,2017,"collaborative learning, which poses questions for optimizing its design and implementation in CSCL activities.",extracted_from_md_references,Extracted via 0-cost reference block parsing from proceedings markdown; 2016-2022 proceedings reference extraction can be generated via Tier 3 PDF reference parsing.
proc_cscl-2024.md_6500,handle_1_212,2024,2017,collaborative learning (CSCL) and examines the impact of two common computer-supported scaffolds: scripting,extracted_from_md_references,Extracted via 0-cost reference block parsing from proceedings markdown; 2016-2022 proceedings reference extraction can be generated via Tier 3 PDF reference parsing.
proc_cscl-2024.md_6500,handle_1_213,2024,2017,"collaboration framework for small groups”, “Conceptual framework for collaborative Problem solving”, “CSCL",extracted_from_md_references,Extracted via 0-cost reference block parsing from proceedings markdown; 2016-2022 proceedings reference extraction can be generated via Tier 3 PDF reference parsing.
proc_cscl-2024.md_6500,handle_1_305,2024,2017,"learning (CSCL) ( van Leeuwen  & Janssen, 2019). As students engage in collaborative learning, teachers  co-",extracted_from_md_references,Extracted via 0-cost reference block parsing from proceedings markdown; 2016-2022 proceedings reference extraction can be generated via Tier 3 PDF reference parsing.
proc_cscl-2024.md_6500,handle_1_205,2024,2017,"Assessing shared mental models, performance, and trust in human-agent teams. Proceedings of the ACM",extracted_from_md_references,Extracted via 0-cost reference block parsing from proceedings markdown; 2016-2022 proceedings reference extraction can be generated via Tier 3 PDF reference parsing.
proc_cscl-2024.md_6500,handle_1_217,2024,2017,The field of Computer -Supported Collaborative Learning (CSCL) aims to bring computer support to enhance,extracted_from_md_references,Extracted via 0-cost reference block parsing from proceedings markdown; 2016-2022 proceedings reference extraction can be generated via Tier 3 PDF reference parsing.
proc_cscl-2024.md_6500,handle_1_222,2024,2017,"CSCL settings, this study seeks to inform the design of automated tools to aid teachers and students in fostering",extracted_from_md_references,Extracted via 0-cost reference block parsing from proceedings markdown; 2016-2022 proceedings reference extraction can be generated via Tier 3 PDF reference parsing.
proc_cscl-2024.md_6500,handle_1_290,2024,2017,Contributing to Knowledge Building Discourse. https://repository.isls.org//handle/1/1710,extracted_from_md_references,Extracted via 0-cost reference block parsing from proceedings markdown; 2016-2022 proceedings reference extraction can be generated via Tier 3 PDF reference parsing.
proc_cscl-2024.md_6500,handle_1_238,2024,2017,"CSCL, it benefited cognitive learning outcomes at both individual and group level, but the",extracted_from_md_references,Extracted via 0-cost reference block parsing from proceedings markdown; 2016-2022 proceedings reference extraction can be generated via Tier 3 PDF reference parsing.
proc_cscl-2024.md_6500,handle_1_210,2024,2017,passionate about the transformative power of technology in collaborative learning. The inaugural CSCL,extracted_from_md_references,Extracted via 0-cost reference block parsing from proceedings markdown; 2016-2022 proceedings reference extraction can be generated via Tier 3 PDF reference parsing.
proc_cscl-2024.md_6500,handle_1_253,2024,2017,"Hoadley, C.P. (2002) Creating context: Design-based research in creating and understanding CSCL. Proceedings",extracted_from_md_references,Extracted via 0-cost reference block parsing from proceedings markdown; 2016-2022 proceedings reference extraction can be generated via Tier 3 PDF reference parsing.
proc_cscl-2024.md_6500,handle_1_243,2024,2017,enough: Using epistemic network analysis (ENA) to analyze verbal data in CSCL research. International,extracted_from_md_references,Extracted via 0-cost reference block parsing from proceedings markdown; 2016-2022 proceedings reference extraction can be generated via Tier 3 PDF reference parsing.
proc_cscl-2024.md_6500,handle_1_240,2024,2017,"Blikstein, P. (2013, April). Multimodal learning analytics. In Proceedings of the third international conference",extracted_from_md_references,Extracted via 0-cost reference block parsing from proceedings markdown; 2016-2022 proceedings reference extraction can be generated via Tier 3 PDF reference parsing.
proc_cscl-2024.md_6500,handle_1_256,2024,2017,"community at the interpersonal plane. Computer Supported Collaborative Learning Practices, CSCL",extracted_from_md_references,Extracted via 0-cost reference block parsing from proceedings markdown; 2016-2022 proceedings reference extraction can be generated via Tier 3 PDF reference parsing.
proc_isls-2024,handle_1_212,2024,2017,"Conference on Computer-Supported Collaborative Learning (CSCL), this work presents a large",extracted_from_md_references,Extracted via 0-cost reference block parsing from proceedings markdown; 2016-2022 proceedings reference extraction can be generated via Tier 3 PDF reference parsing.
proc_isls-2024,handle_1_256,2024,2017,"the learning sciences that frame data science as a social, purpose-driven practice, and situated within a community",extracted_from_md_references,Extracted via 0-cost reference block parsing from proceedings markdown; 2016-2022 proceedings reference extraction can be generated via Tier 3 PDF reference parsing.
proc_isls-2024,handle_1_250,2024,2017,"learning analytics, alongside burgeoning sister communities exploring interactions amongst learners, the CSCL",extracted_from_md_references,Extracted via 0-cost reference block parsing from proceedings markdown; 2016-2022 proceedings reference extraction can be generated via Tier 3 PDF reference parsing.
proc_icls-2024,handle_1_351,2024,2016,High School Students through AI4ALL Open Learning. In Proceedings of the 51st ACM,extracted_from_md_references,Extracted via 0-cost reference block parsing from proceedings markdown; 2016-2022 proceedings reference extraction can be generated via Tier 3 PDF reference parsing.
proc_icls-2024,handle_1_114,2024,2016,"within the learning sciences community, including our research, our professional society, and",extracted_from_md_references,Extracted via 0-cost reference block parsing from proceedings markdown; 2016-2022 proceedings reference extraction can be generated via Tier 3 PDF reference parsing.
proc_icls-2024,handle_1_375,2024,2016,amongst us is responsible for creating a more equitable learning sciences. An example of how this could be,extracted_from_md_references,Extracted via 0-cost reference block parsing from proceedings markdown; 2016-2022 proceedings reference extraction can be generated via Tier 3 PDF reference parsing.
proc_icls-2024,handle_1_315,2024,2016,"learning sciences (e.g., Greeno, 1998; Vygotsky, 1978). Within this sociocultural paradigm,  researchers have",extracted_from_md_references,Extracted via 0-cost reference block parsing from proceedings markdown; 2016-2022 proceedings reference extraction can be generated via Tier 3 PDF reference parsing.
proc_icls-2024,handle_1_311,2024,2016,effort and enhanced efficiency in data analysis for Computer-Supported Collaborative Learning (CSCL) research.,extracted_from_md_references,Extracted via 0-cost reference block parsing from proceedings markdown; 2016-2022 proceedings reference extraction can be generated via Tier 3 PDF reference parsing.
proc_icls-2024,handle_1_381,2024,2016,"connections to recent developments within the learning sciences (Sundby & Karseth, 2022, p. 433).",extracted_from_md_references,Extracted via 0-cost reference block parsing from proceedings markdown; 2016-2022 proceedings reference extraction can be generated via Tier 3 PDF reference parsing.
proc_icls-2024.md_34261,handle_1_179,2024,2016,"learning sciences, mathematics education, and science education. Review of research in education, 44(1),",extracted_from_md_references,Extracted via 0-cost reference block parsing from proceedings markdown; 2016-2022 proceedings reference extraction can be generated via Tier 3 PDF reference parsing.
proc_icls-2024.md_34261,handle_1_351,2024,2016,"Science Learning in Middle School. In Proceedings of Interaction Design and Children, 206 –211.",extracted_from_md_references,Extracted via 0-cost reference block parsing from proceedings markdown; 2016-2022 proceedings reference extraction can be generated via Tier 3 PDF reference parsing.
proc_icls-2024.md_34261,handle_1_320,2024,2016,"= 1). Furthermore, among the studies in educational technology (n = 7) and learning sciences (n = 6), there",extracted_from_md_references,Extracted via 0-cost reference block parsing from proceedings markdown; 2016-2022 proceedings reference extraction can be generated via Tier 3 PDF reference parsing.
proc_icls-2024.md_34261,handle_1_318,2024,2016,Dual-layer Knowledge Building. Singapore: International Society of the Learning Sciences.,extracted_from_md_references,Extracted via 0-cost reference block parsing from proceedings markdown; 2016-2022 proceedings reference extraction can be generated via Tier 3 PDF reference parsing.
proc_icls-2024.md_34261,handle_1_164,2024,2016,elementary students in locally relevant data literacy. Information and Learning Sciences.,extracted_from_md_references,Extracted via 0-cost reference block parsing from proceedings markdown; 2016-2022 proceedings reference extraction can be generated via Tier 3 PDF reference parsing.
proc_icls-2024.md_34261,handle_1_375,2024,2016,"and beyond an afterschool science program. Journal of the Learning Sciences , 31(2), 199–236.",extracted_from_md_references,Extracted via 0-cost reference block parsing from proceedings markdown; 2016-2022 proceedings reference extraction can be generated via Tier 3 PDF reference parsing.
proc_icls-2024.md_34261,handle_1_321,2024,2016,There is significant interest in the learning sciences in how students pick up knowledge about computing,extracted_from_md_references,Extracted via 0-cost reference block parsing from proceedings markdown; 2016-2022 proceedings reference extraction can be generated via Tier 3 PDF reference parsing.
proc_icls-2024.md_34261,handle_1_383,2024,2016,"(Yoon, 2018). Researchers in the learning sciences, particularly  those who specialize in science education, have",extracted_from_md_references,Extracted via 0-cost reference block parsing from proceedings markdown; 2016-2022 proceedings reference extraction can be generated via Tier 3 PDF reference parsing.
proc_icls-2024.md_34261,handle_1_315,2024,2016,psychological and sociocultural perspectives from the learning sciences. I found that the types,extracted_from_md_references,Extracted via 0-cost reference block parsing from proceedings markdown; 2016-2022 proceedings reference extraction can be generated via Tier 3 PDF reference parsing.
proc_icls-2024.md_91869,handle_1_315,2024,2016,"Esmonde, I., & Booker, A. N. (2017). Power and privilege in the learning sciences: Critical and sociocultural",extracted_from_md_references,Extracted via 0-cost reference block parsing from proceedings markdown; 2016-2022 proceedings reference extraction can be generated via Tier 3 PDF reference parsing.
proc_icls-2024.md_91869,handle_1_351,2024,2016,and Science Through Decoding in a Middle School Summer Program. In Proceedings of the 17th,extracted_from_md_references,Extracted via 0-cost reference block parsing from proceedings markdown; 2016-2022 proceedings reference extraction can be generated via Tier 3 PDF reference parsing.
proc_icls-2024.md_91869,handle_1_164,2024,2016,Students through AI4ALL Open Learning. Proceedings of the 51st ACM Technical Symposium on,extracted_from_md_references,Extracted via 0-cost reference block parsing from proceedings markdown; 2016-2022 proceedings reference extraction can be generated via Tier 3 PDF reference parsing.
proc_icls-2024.md_91869,handle_1_318,2024,2016,knowledge building. Substantial research efforts in learning sciences/CSCL have focused on developing,extracted_from_md_references,Extracted via 0-cost reference block parsing from proceedings markdown; 2016-2022 proceedings reference extraction can be generated via Tier 3 PDF reference parsing.
proc_icls-2024.md_91869,handle_1_179,2024,2016,"Learning Sciences, Mathematics Education, and Science Education. Review of Research in Education,",extracted_from_md_references,Extracted via 0-cost reference block parsing from proceedings markdown; 2016-2022 proceedings reference extraction can be generated via Tier 3 PDF reference parsing.
proc_icls-2024.md_91869,handle_1_383,2024,2016,learning sciences and science faculty as practitioners from several higher education institutions in eastern Canada.,extracted_from_md_references,Extracted via 0-cost reference block parsing from proceedings markdown; 2016-2022 proceedings reference extraction can be generated via Tier 3 PDF reference parsing.
proc_icls-2024.md_91869,handle_1_374,2024,2016,. (2017). Future learning spaces in schools: Concepts and designs from the Learning Sciences. Journal of,extracted_from_md_references,Extracted via 0-cost reference block parsing from proceedings markdown; 2016-2022 proceedings reference extraction can be generated via Tier 3 PDF reference parsing.
proc_icls-2024.md_91869,handle_1_375,2024,2016,drawn on for justice -oriented educational research in and beyond the learning sciences. We build on a body of,extracted_from_md_references,Extracted via 0-cost reference block parsing from proceedings markdown; 2016-2022 proceedings reference extraction can be generated via Tier 3 PDF reference parsing.
proc_icls-2024.md_91869,handle_1_362,2024,2016,Supports to Promote Computer Science Teachers' Pedagogical Content Knowledge. In Proceedings of,extracted_from_md_references,Extracted via 0-cost reference block parsing from proceedings markdown; 2016-2022 proceedings reference extraction can be generated via Tier 3 PDF reference parsing.
proc_icls-2024.md_91869,handle_1_146,2024,2016,predicted distinct EDA profiles. This pattern suggests that although the Learning Sciences prefers situated action,extracted_from_md_references,Extracted via 0-cost reference block parsing from proceedings markdown; 2016-2022 proceedings reference extraction can be generated via Tier 3 PDF reference parsing.
proc_icls-2024.md_91869,handle_1_358,2024,2016,"supported collaborative learning (CSCL) and teachers in different school settings (rural, urban, suburban),",extracted_from_md_references,Extracted via 0-cost reference block parsing from proceedings markdown; 2016-2022 proceedings reference extraction can be generated via Tier 3 PDF reference parsing.
proc_cscl-2024,handle_1_321,2024,2016,"enhancing knowledge sharing in CSCL. Interactive Learning Environments , 19(1), 45 –62.",extracted_from_md_references,Extracted via 0-cost reference block parsing from proceedings markdown; 2016-2022 proceedings reference extraction can be generated via Tier 3 PDF reference parsing.
proc_cscl-2024,handle_1_328,2024,2016,in CSCL: Progress of socially shared regulation among high- and low-performing groups. Computers in,extracted_from_md_references,Extracted via 0-cost reference block parsing from proceedings markdown; 2016-2022 proceedings reference extraction can be generated via Tier 3 PDF reference parsing.
proc_cscl-2024.md_6500,handle_1_175,2024,2016,collaborative knowledge (as defined previously).  This distinction is crucial for the design and analysis of CSCL,extracted_from_md_references,Extracted via 0-cost reference block parsing from proceedings markdown; 2016-2022 proceedings reference extraction can be generated via Tier 3 PDF reference parsing.
proc_cscl-2024.md_6500,handle_1_358,2024,2016,argumentation. Computer-supported collaborative learning (CSCL) contexts are  effective for,extracted_from_md_references,Extracted via 0-cost reference block parsing from proceedings markdown; 2016-2022 proceedings reference extraction can be generated via Tier 3 PDF reference parsing.
proc_cscl-2024.md_6500,handle_1_318,2024,2016,knowledge and collaborative problem solving skills through user profiling. In Proceedings of the 16th,extracted_from_md_references,Extracted via 0-cost reference block parsing from proceedings markdown; 2016-2022 proceedings reference extraction can be generated via Tier 3 PDF reference parsing.
proc_cscl-2024.md_6500,handle_1_100,2024,2016,RQ2: What are the effects of adaptive instructional support  in CSCL on different students’ learning,extracted_from_md_references,Extracted via 0-cost reference block parsing from proceedings markdown; 2016-2022 proceedings reference extraction can be generated via Tier 3 PDF reference parsing.
proc_cscl-2024.md_6500,handle_1_328,2024,2016,in CSCL: Progress of socially shared regulation among high -and low-performing groups. Computers in,extracted_from_md_references,Extracted via 0-cost reference block parsing from proceedings markdown; 2016-2022 proceedings reference extraction can be generated via Tier 3 PDF reference parsing.
proc_cscl-2024.md_6500,handle_1_361,2024,2016,"CSCL principles to facilitate social, collaborative learning. In this study, we focus on how our designed learning",extracted_from_md_references,Extracted via 0-cost reference block parsing from proceedings markdown; 2016-2022 proceedings reference extraction can be generated via Tier 3 PDF reference parsing.
proc_cscl-2024.md_6500,handle_1_351,2024,2016,CSCL environment support middle school students to perform k-means clustering and understand the results?,extracted_from_md_references,Extracted via 0-cost reference block parsing from proceedings markdown; 2016-2022 proceedings reference extraction can be generated via Tier 3 PDF reference parsing.
proc_cscl-2024.md_6500,handle_1_183,2024,2016,Science Curriculum that Integrates Computational Thinking and Sensor Technology. Proceedings of the,extracted_from_md_references,Extracted via 0-cost reference block parsing from proceedings markdown; 2016-2022 proceedings reference extraction can be generated via Tier 3 PDF reference parsing.
proc_cscl-2024.md_6500,handle_1_381,2024,2016,"annotation in online classes. Information and Learning Sciences, 121(5/6), 261–271.",extracted_from_md_references,Extracted via 0-cost reference block parsing from proceedings markdown; 2016-2022 proceedings reference extraction can be generated via Tier 3 PDF reference parsing.
proc_isls-2024,handle_1_321,2024,2016,"In computer-supported collaborative learning (CSCL) and problem-based learning (PBL) environments, students",extracted_from_md_references,Extracted via 0-cost reference block parsing from proceedings markdown; 2016-2022 proceedings reference extraction can be generated via Tier 3 PDF reference parsing.
proc_isls-2024,handle_1_381,2024,2016,"annotation in online classes. Information and Learning Sciences, 121(5/6), 261– 271.",extracted_from_md_references,Extracted via 0-cost reference block parsing from proceedings markdown; 2016-2022 proceedings reference extraction can be generated via Tier 3 PDF reference parsing.
proc_isls-2024,handle_1_179,2024,2016,"education, psychology or computer science (Hoadley, 2018). Thus, teaching in a learning sciences program",extracted_from_md_references,Extracted via 0-cost reference block parsing from proceedings markdown; 2016-2022 proceedings reference extraction can be generated via Tier 3 PDF reference parsing.
proc_isls-2024,handle_1_375,2024,2016,•       Getting Learning Sciences programs of NAPLeS involved in contributing to various resources and,extracted_from_md_references,Extracted via 0-cost reference block parsing from proceedings markdown; 2016-2022 proceedings reference extraction can be generated via Tier 3 PDF reference parsing.
proc_isls-2024,handle_1_351,2024,2016,"workshop at ISLS 2024, entitled, “Learning {Blank} Science Fiction and Fantasy: Exploring",extracted_from_md_references,Extracted via 0-cost reference block parsing from proceedings markdown; 2016-2022 proceedings reference extraction can be generated via Tier 3 PDF reference parsing.
proc_isls-2024,handle_1_315,2024,2016,", and investigation, and seek to build out new projects that animate SFF for the learning sciences. Knowing the",extracted_from_md_references,Extracted via 0-cost reference block parsing from proceedings markdown; 2016-2022 proceedings reference extraction can be generated via Tier 3 PDF reference parsing.
proc_isls-2024,handle_1_318,2024,2016,advancing Computer Supported Collaborative Learning research and building the CSCL community. We are,extracted_from_md_references,Extracted via 0-cost reference block parsing from proceedings markdown; 2016-2022 proceedings reference extraction can be generated via Tier 3 PDF reference parsing.
proc_isls-2024,handle_1_320,2024,2016,conducts research designing technology and pedagogy for CSCL in authentic classrooms and learning analytics,extracted_from_md_references,Extracted via 0-cost reference block parsing from proceedings markdown; 2016-2022 proceedings reference extraction can be generated via Tier 3 PDF reference parsing.
proc_isls-2023,handle_1_9263,2023,2023,conference on Computer Supported Collaborative Learning 2019 as well as the ISLS annual meeting in 2021 and,extracted_from_md_references,Extracted via 0-cost reference block parsing from proceedings markdown; 2016-2022 proceedings reference extraction can be generated via Tier 3 PDF reference parsing.
proc_isls-2023,handle_1_10257,2023,2023,"implementation and sustainability of innovations. Journal of the Learning Sciences, 28(4-5), 659-677.",extracted_from_md_references,Extracted via 0-cost reference block parsing from proceedings markdown; 2016-2022 proceedings reference extraction can be generated via Tier 3 PDF reference parsing.
proc_icls-2023,handle_1_10257,2023,2023,Supports and Barriers to the Spread of Learning Sciences,extracted_from_md_references,Extracted via 0-cost reference block parsing from proceedings markdown; 2016-2022 proceedings reference extraction can be generated via Tier 3 PDF reference parsing.
proc_icls-2023,handle_1_9263,2023,2023,to help teachers interpret cscl situations? International Journal of Computer -Supported Collaborative,extracted_from_md_references,Extracted via 0-cost reference block parsing from proceedings markdown; 2016-2022 proceedings reference extraction can be generated via Tier 3 PDF reference parsing.
proc_icls-2023,handle_1_10066,2023,2023,"weaving and sewing crafts. Journal of the Learning Sciences, 31(4-5), 477-508.",extracted_from_md_references,Extracted via 0-cost reference block parsing from proceedings markdown; 2016-2022 proceedings reference extraction can be generated via Tier 3 PDF reference parsing.
proc_icls-2023,handle_1_10130,2023,2023,"Swanson, H. (2023). Knowledge facilitating epistemic game moves. Proceedings of the 17th Interna tional",extracted_from_md_references,Extracted via 0-cost reference block parsing from proceedings markdown; 2016-2022 proceedings reference extraction can be generated via Tier 3 PDF reference parsing.
proc_icls-2023,handle_1_10312,2023,2023,Abstract: The learning sciences community is currently exploring new ways to enact,extracted_from_md_references,Extracted via 0-cost reference block parsing from proceedings markdown; 2016-2022 proceedings reference extraction can be generated via Tier 3 PDF reference parsing.
proc_icls-2023.md_46158,handle_1_10352,2023,2023,"of identity, belonging, and learning. While learning sciences has evolved with the times from its early design -",extracted_from_md_references,Extracted via 0-cost reference block parsing from proceedings markdown; 2016-2022 proceedings reference extraction can be generated via Tier 3 PDF reference parsing.
proc_icls-2023.md_46158,handle_1_10257,2023,2023,"implementation and sustainability of innovations. Journal of the Learning Sciences, 28(4–5), 659–677.",extracted_from_md_references,Extracted via 0-cost reference block parsing from proceedings markdown; 2016-2022 proceedings reference extraction can be generated via Tier 3 PDF reference parsing.
proc_icls-2023.md_58293,handle_1_9263,2023,2023,"Conference on Computer Supported Collaborative Learning (CSCL)  Volume 2. Philadelphia, PA:",extracted_from_md_references,Extracted via 0-cost reference block parsing from proceedings markdown; 2016-2022 proceedings reference extraction can be generated via Tier 3 PDF reference parsing.
proc_icls-2023.md_58293,handle_1_9925,2023,2023,"thinking in early childhood. In de Vries, E., Hod, Y., & Ahn, J. (Eds.), Proceedings of ICLS. Bochum,",extracted_from_md_references,Extracted via 0-cost reference block parsing from proceedings markdown; 2016-2022 proceedings reference extraction can be generated via Tier 3 PDF reference parsing.
proc_icls-2023.md_73558,handle_1_9263,2023,2023,"(Eds.), In 13th International Conference on Computer Supported Collaborative Learning (CSCL) 2019,",extracted_from_md_references,Extracted via 0-cost reference block parsing from proceedings markdown; 2016-2022 proceedings reference extraction can be generated via Tier 3 PDF reference parsing.
proc_icls-2023.md_73558,handle_1_10269,2023,2023,computational thinking. In Proceedings of the 2012 annual meeting of the American educational,extracted_from_md_references,Extracted via 0-cost reference block parsing from proceedings markdown; 2016-2022 proceedings reference extraction can be generated via Tier 3 PDF reference parsing.
proc_icls-2023.md_73558,handle_1_9970,2023,2023,these individuals about their perceptions of the learning sciences–either by name or by relevant theories and ideas–,extracted_from_md_references,Extracted via 0-cost reference block parsing from proceedings markdown; 2016-2022 proceedings reference extraction can be generated via Tier 3 PDF reference parsing.
proc_icls-2023.md_73558,handle_1_10257,2023,2023,"Equitable Implementation and Sustainability of Innovations. Journal of the Learning Sciences, 28(4–5),",extracted_from_md_references,Extracted via 0-cost reference block parsing from proceedings markdown; 2016-2022 proceedings reference extraction can be generated via Tier 3 PDF reference parsing.
proc_icls-2023.md_73558,handle_1_10362,2023,2023,"youth voices, dreams, and future imaginings in the Learning Sciences. We come to this challenge as educators,",extracted_from_md_references,Extracted via 0-cost reference block parsing from proceedings markdown; 2016-2022 proceedings reference extraction can be generated via Tier 3 PDF reference parsing.
proc_icls-2023.md_73558,handle_1_9911,2023,2023,"the learning sciences (e.g., Ishimaru & Bang, 2022). Such affe ct-attuned tools are necessary for designing more",extracted_from_md_references,Extracted via 0-cost reference block parsing from proceedings markdown; 2016-2022 proceedings reference extraction can be generated via Tier 3 PDF reference parsing.
proc_icls-2023.md_73558,handle_1_9985,2023,2023,"Crowder, E. M. (1996). Gestures at work in sense -making science talk. The Journal of the Learning Sciences,",extracted_from_md_references,Extracted via 0-cost reference block parsing from proceedings markdown; 2016-2022 proceedings reference extraction can be generated via Tier 3 PDF reference parsing.
proc_icls-2023.md_73558,handle_1_9255,2023,2023,education through game development with unity. In Proceedings of the 2019 IEEE Global Engineering,extracted_from_md_references,Extracted via 0-cost reference block parsing from proceedings markdown; 2016-2022 proceedings reference extraction can be generated via Tier 3 PDF reference parsing.
proc_icls-2023.md_73558,handle_1_9923,2023,2023,"Gomez, K., Gomez, L., & Worsley M. (2021). Interrogating the role of CSCL in diversity, equity, and inclusion.",extracted_from_md_references,Extracted via 0-cost reference block parsing from proceedings markdown; 2016-2022 proceedings reference extraction can be generated via Tier 3 PDF reference parsing.
proc_icls-2023.md_73558,handle_1_10185,2023,2023,"main aspects of Ethnomathematics, we propose a reflection for the field of Learning Sciences",extracted_from_md_references,Extracted via 0-cost reference block parsing from proceedings markdown; 2016-2022 proceedings reference extraction can be generated via Tier 3 PDF reference parsing.
proc_icls-2023.md_73558,handle_1_10207,2023,2023,"regions in the learning sciences community, we examined in this paper the presence of Afrikan voices in the field.",extracted_from_md_references,Extracted via 0-cost reference block parsing from proceedings markdown; 2016-2022 proceedings reference extraction can be generated via Tier 3 PDF reference parsing.
proc_icls-2023.md_73558,handle_1_9836,2023,2023,"Song, Y., & Looi, C.-K. (2012). Linking teacher beliefs, practices and student inquiry -based learning in a CSCL",extracted_from_md_references,Extracted via 0-cost reference block parsing from proceedings markdown; 2016-2022 proceedings reference extraction can be generated via Tier 3 PDF reference parsing.
proc_icls-2023.md_73558,handle_1_10244,2023,2023,learning engineering is the application of the learning sciences to creatively solve problems for learners and,extracted_from_md_references,Extracted via 0-cost reference block parsing from proceedings markdown; 2016-2022 proceedings reference extraction can be generated via Tier 3 PDF reference parsing.
proc_cscl-2023,handle_1_9263,2023,2023,International Conference on Computer -Supported Collaborative Learning -CSCL 2021 . International,extracted_from_md_references,Extracted via 0-cost reference block parsing from proceedings markdown; 2016-2022 proceedings reference extraction can be generated via Tier 3 PDF reference parsing.
proc_cscl-2023,handle_1_10070,2023,2023,performance in a CSCL environment: Effects of a peer feedback and reflection tool.  Computers in,extracted_from_md_references,Extracted via 0-cost reference block parsing from proceedings markdown; 2016-2022 proceedings reference extraction can be generated via Tier 3 PDF reference parsing.
proc_cscl-2023,handle_1_9233,2023,2023,"The pivotal social formation in CSCL design and research is the small group. Hence, collaborative",extracted_from_md_references,Extracted via 0-cost reference block parsing from proceedings markdown; 2016-2022 proceedings reference extraction can be generated via Tier 3 PDF reference parsing.
proc_cscl-2023,handle_1_9918,2023,2023,Proceedings of the 2019 Conference on Empirical Methods in Natural Language Processing.,extracted_from_md_references,Extracted via 0-cost reference block parsing from proceedings markdown; 2016-2022 proceedings reference extraction can be generated via Tier 3 PDF reference parsing.
proc_cscl-2023.md_13565,handle_1_9263,2023,2023,Collaborative learning (CL) and computer -supported collaborative learning (CSCL) are known to positively,extracted_from_md_references,Extracted via 0-cost reference block parsing from proceedings markdown; 2016-2022 proceedings reference extraction can be generated via Tier 3 PDF reference parsing.
proc_cscl-2023.md_13565,handle_1_9212,2023,2023,"complexity of group interactions. To better understand how groups collaborate in CSCL classrooms , we need to",extracted_from_md_references,Extracted via 0-cost reference block parsing from proceedings markdown; 2016-2022 proceedings reference extraction can be generated via Tier 3 PDF reference parsing.
proc_cscl-2023.md_13565,handle_1_9220,2023,2023,Leveraging CSCL to Support Parent Involvement and Increase,extracted_from_md_references,Extracted via 0-cost reference block parsing from proceedings markdown; 2016-2022 proceedings reference extraction can be generated via Tier 3 PDF reference parsing.
proc_cscl-2023.md_13565,handle_1_10257,2023,2023,"implementation and sustainability of innovations. Journal of the Learning Sciences, 28(4-5), 659-677.",extracted_from_md_references,Extracted via 0-cost reference block parsing from proceedings markdown; 2016-2022 proceedings reference extraction can be generated via Tier 3 PDF reference parsing.
proc_cscl-2023.md_13565,handle_1_9918,2023,2023,as natural language processing (NLP).  Research in  CSCL has begun to employ NLP to study the verbal,extracted_from_md_references,Extracted via 0-cost reference block parsing from proceedings markdown; 2016-2022 proceedings reference extraction can be generated via Tier 3 PDF reference parsing.
proc_cscl-2023.md_13565,handle_1_9249,2023,2023,gains and trajectory of students’ scientific inquiry practices within a CSCL classroom.,extracted_from_md_references,Extracted via 0-cost reference block parsing from proceedings markdown; 2016-2022 proceedings reference extraction can be generated via Tier 3 PDF reference parsing.
proc_cscl-2023.md_13565,handle_1_10312,2023,2023,"As of late, the learning sciences community has been actively exploring how to integrate the topic of data and its",extracted_from_md_references,Extracted via 0-cost reference block parsing from proceedings markdown; 2016-2022 proceedings reference extraction can be generated via Tier 3 PDF reference parsing.
proc_isls-2023,handle_1_8737,2023,2022,"Education and the Learning Sciences, and opening the doors to new coll aboration opportunities. Aspirational",extracted_from_md_references,Extracted via 0-cost reference block parsing from proceedings markdown; 2016-2022 proceedings reference extraction can be generated via Tier 3 PDF reference parsing.
proc_isls-2023,handle_1_8432,2023,2022,the Faculty of Education at the University of Hong Kong. He w as a co-chair of the SIG on CSCL and Learning,extracted_from_md_references,Extracted via 0-cost reference block parsing from proceedings markdown; 2016-2022 proceedings reference extraction can be generated via Tier 3 PDF reference parsing.
proc_isls-2023,handle_1_8825,2023,2022,We will collectively build on the experience and learning of the ISLS and SALTISE participants. By,extracted_from_md_references,Extracted via 0-cost reference block parsing from proceedings markdown; 2016-2022 proceedings reference extraction can be generated via Tier 3 PDF reference parsing.
proc_isls-2023,handle_1_8805,2023,2022,Embodying the Numerical and Humanistic Sides of Data. uProceedings of the International Conference,extracted_from_md_references,Extracted via 0-cost reference block parsing from proceedings markdown; 2016-2022 proceedings reference extraction can be generated via Tier 3 PDF reference parsing.
proc_isls-2023,handle_1_8715,2023,2022,"a principle-based innovation at an elementary school. Journal of the Learning Sciences, 20(2), 262-307.",extracted_from_md_references,Extracted via 0-cost reference block parsing from proceedings markdown; 2016-2022 proceedings reference extraction can be generated via Tier 3 PDF reference parsing.
proc_isls-2023,handle_1_8980,2023,2022,"Kapur, M., & Bielaczyc, K. (2012). Designing for Productive Failure. Journal of the Learning Sciences, 21 (1),",extracted_from_md_references,Extracted via 0-cost reference block parsing from proceedings markdown; 2016-2022 proceedings reference extraction can be generated via Tier 3 PDF reference parsing.
proc_isls-2023,handle_1_8994,2023,2022,"elaborate embodied cognition theory, relevant to the learning sciences. Findings can inform the design of sensory-",extracted_from_md_references,Extracted via 0-cost reference block parsing from proceedings markdown; 2016-2022 proceedings reference extraction can be generated via Tier 3 PDF reference parsing.
proc_icls-2023,handle_1_8355,2023,2022,"Elliott, J. & Bruckman, A. (2002). Design of a 3D Interactive Math Learning Environment. Proceedings of ACM",extracted_from_md_references,Extracted via 0-cost reference block parsing from proceedings markdown; 2016-2022 proceedings reference extraction can be generated via Tier 3 PDF reference parsing.
proc_icls-2023,handle_1_8373,2023,2022,across the learning sciences and teacher education. We examine t he relationship between,extracted_from_md_references,Extracted via 0-cost reference block parsing from proceedings markdown; 2016-2022 proceedings reference extraction can be generated via Tier 3 PDF reference parsing.
proc_icls-2023,handle_1_8715,2023,2022,"a principle-based innovation at an elementary school. The Journal of the Learning Sciences, 20(2), 262-",extracted_from_md_references,Extracted via 0-cost reference block parsing from proceedings markdown; 2016-2022 proceedings reference extraction can be generated via Tier 3 PDF reference parsing.
proc_icls-2023,handle_1_9051,2023,2022,"NJS Brown (Eds.), Knowledge and interaction: A synthetic agenda for the learning sciences (pp. 30–71).",extracted_from_md_references,Extracted via 0-cost reference block parsing from proceedings markdown; 2016-2022 proceedings reference extraction can be generated via Tier 3 PDF reference parsing.
proc_icls-2023,handle_1_8544,2023,2022,Interaction analysis is a methodological approach that appeared early in the learning sciences literature (Jordan &,extracted_from_md_references,Extracted via 0-cost reference block parsing from proceedings markdown; 2016-2022 proceedings reference extraction can be generated via Tier 3 PDF reference parsing.
proc_icls-2023,handle_1_8404,2023,2022,"Science Curriculum Research-Practice Partnership. International Society of the Learning Sciences, 1.",extracted_from_md_references,Extracted via 0-cost reference block parsing from proceedings markdown; 2016-2022 proceedings reference extraction can be generated via Tier 3 PDF reference parsing.
proc_icls-2023,handle_1_8894,2023,2022,"Yosso, 2005). Scholars in the learning sciences have long argued that to improve learning  outcomes for students",extracted_from_md_references,Extracted via 0-cost reference block parsing from proceedings markdown; 2016-2022 proceedings reference extraction can be generated via Tier 3 PDF reference parsing.
proc_icls-2023,handle_1_8401,2023,2022,pedagogical content knowledge. Proceedings of the 3rd International Conference on Cognitive Science.,extracted_from_md_references,Extracted via 0-cost reference block parsing from proceedings markdown; 2016-2022 proceedings reference extraction can be generated via Tier 3 PDF reference parsing.
proc_icls-2023,handle_1_9070,2023,2022,"Epistemic Practices in a High School Science Classroom: A Contrastive Case Study . ISLS, Hiroshima,",extracted_from_md_references,Extracted via 0-cost reference block parsing from proceedings markdown; 2016-2022 proceedings reference extraction can be generated via Tier 3 PDF reference parsing.
proc_icls-2023,handle_1_9071,2023,2022,Improve Equity in Higher Ed. In Proceedings of the 16th International Conference of the Learning,extracted_from_md_references,Extracted via 0-cost reference block parsing from proceedings markdown; 2016-2022 proceedings reference extraction can be generated via Tier 3 PDF reference parsing.
proc_icls-2023,handle_1_8567,2023,2022,Equity-Oriented Teaching Competencies. In Proceedings of the 16th International Con ference of the,extracted_from_md_references,Extracted via 0-cost reference block parsing from proceedings markdown; 2016-2022 proceedings reference extraction can be generated via Tier 3 PDF reference parsing.
proc_icls-2023.md_46158,handle_1_8437,2023,2022,"oftentimes left implicit in learning sciences literatur e. Sandoval’s (2014) notion of conjecture mapping, for",extracted_from_md_references,Extracted via 0-cost reference block parsing from proceedings markdown; 2016-2022 proceedings reference extraction can be generated via Tier 3 PDF reference parsing.
proc_icls-2023.md_46158,handle_1_8592,2023,2022,"Classroom Teaching: Does It Really Impact on Student Outcomes? Journal of the Learning Sciences ,",extracted_from_md_references,Extracted via 0-cost reference block parsing from proceedings markdown; 2016-2022 proceedings reference extraction can be generated via Tier 3 PDF reference parsing.
proc_icls-2023.md_58293,handle_1_9051,2023,2022,"& N. J. S. Brown (Eds.), Knowledge and Interaction: A Synthetic Agenda for the Learning Sciences (pp.",extracted_from_md_references,Extracted via 0-cost reference block parsing from proceedings markdown; 2016-2022 proceedings reference extraction can be generated via Tier 3 PDF reference parsing.
proc_icls-2023.md_58293,handle_1_8592,2023,2022,"classroom teaching: Does it really impact on student outcomes? Journal of the Learning Sciences, 28(4-",extracted_from_md_references,Extracted via 0-cost reference block parsing from proceedings markdown; 2016-2022 proceedings reference extraction can be generated via Tier 3 PDF reference parsing.
proc_icls-2023.md_58293,handle_1_8894,2023,2022,Training in Learning Sciences and Design,extracted_from_md_references,Extracted via 0-cost reference block parsing from proceedings markdown; 2016-2022 proceedings reference extraction can be generated via Tier 3 PDF reference parsing.
proc_icls-2023.md_73558,handle_1_8342,2023,2022,"study and design principles . Journal of the Learning Sciences, 27 (4), 580 –631.",extracted_from_md_references,Extracted via 0-cost reference block parsing from proceedings markdown; 2016-2022 proceedings reference extraction can be generated via Tier 3 PDF reference parsing.
proc_icls-2023.md_73558,handle_1_8994,2023,2022,"In the learning sciences, embodied cognition scholars have long positioned the human body as a resource for",extracted_from_md_references,Extracted via 0-cost reference block parsing from proceedings markdown; 2016-2022 proceedings reference extraction can be generated via Tier 3 PDF reference parsing.
proc_icls-2023.md_73558,handle_1_8431,2023,2022,"support to build learner agency in the figured world of visual art. Journal of the Learning Sciences, 31(1),",extracted_from_md_references,Extracted via 0-cost reference block parsing from proceedings markdown; 2016-2022 proceedings reference extraction can be generated via Tier 3 PDF reference parsing.
proc_icls-2023.md_73558,handle_1_9051,2023,2022,"M., & Brown, N. J. S. (Eds.), Knowledge and interaction: A synthetic agenda for the learning sciences",extracted_from_md_references,Extracted via 0-cost reference block parsing from proceedings markdown; 2016-2022 proceedings reference extraction can be generated via Tier 3 PDF reference parsing.
proc_icls-2023.md_73558,handle_1_8579,2023,2022,affirming invitations to embodied participation i n the design of learning environments. Proceedings of,extracted_from_md_references,Extracted via 0-cost reference block parsing from proceedings markdown; 2016-2022 proceedings reference extraction can be generated via Tier 3 PDF reference parsing.
proc_icls-2023.md_73558,handle_1_8373,2023,2022,topic areas: 1) General questions about the relationship between learning sciences and teacher education,extracted_from_md_references,Extracted via 0-cost reference block parsing from proceedings markdown; 2016-2022 proceedings reference extraction can be generated via Tier 3 PDF reference parsing.
proc_icls-2023.md_73558,handle_1_8366,2023,2022,of respondents (13) indicated that learning sciences theories were explicitly taught in teacher certification courses.,extracted_from_md_references,Extracted via 0-cost reference block parsing from proceedings markdown; 2016-2022 proceedings reference extraction can be generated via Tier 3 PDF reference parsing.
proc_icls-2023.md_73558,handle_1_8894,2023,2022,literacy in learning sciences focus on educators' needs of specific training and knowledge about,extracted_from_md_references,Extracted via 0-cost reference block parsing from proceedings markdown; 2016-2022 proceedings reference extraction can be generated via Tier 3 PDF reference parsing.
proc_icls-2023.md_73558,handle_1_8656,2023,2022,exploratory factor analysis on stressors in online exams. Proceedings of the 16th International,extracted_from_md_references,Extracted via 0-cost reference block parsing from proceedings markdown; 2016-2022 proceedings reference extraction can be generated via Tier 3 PDF reference parsing.
proc_cscl-2023,handle_1_8296,2023,2022,"quality of collaborative group engagement (QCGE) in CSCL-groups: QCGE-self-assessments,",extracted_from_md_references,Extracted via 0-cost reference block parsing from proceedings markdown; 2016-2022 proceedings reference extraction can be generated via Tier 3 PDF reference parsing.
proc_cscl-2023,handle_1_8352,2023,2022,Seminal CSCL-research has invested important work in developing a range of methods to study group learning,extracted_from_md_references,Extracted via 0-cost reference block parsing from proceedings markdown; 2016-2022 proceedings reference extraction can be generated via Tier 3 PDF reference parsing.
proc_cscl-2023,handle_1_8828,2023,2022,"investigating QCGE (Sinha et al., 2015) and CSCL (e.g., “learning by visual design” Zahn, 2017). In the stud y",extracted_from_md_references,Extracted via 0-cost reference block parsing from proceedings markdown; 2016-2022 proceedings reference extraction can be generated via Tier 3 PDF reference parsing.
proc_cscl-2023,handle_1_8700,2023,2022,"interaction is often facilitated and observed between a handful of learners. In this context, CSCL theories and",extracted_from_md_references,Extracted via 0-cost reference block parsing from proceedings markdown; 2016-2022 proceedings reference extraction can be generated via Tier 3 PDF reference parsing.
proc_cscl-2023,handle_1_8373,2023,2022,"teaching and learning processes in initial teacher education. In E. Langran (Ed.),  Proceedings of SITE",extracted_from_md_references,Extracted via 0-cost reference block parsing from proceedings markdown; 2016-2022 proceedings reference extraction can be generated via Tier 3 PDF reference parsing.
proc_cscl-2023,handle_1_8872,2023,2022,"essential skill for students. In CSCL, one of the research priorities (Wise & Schwarz, 2017) is to develop learning",extracted_from_md_references,Extracted via 0-cost reference block parsing from proceedings markdown; 2016-2022 proceedings reference extraction can be generated via Tier 3 PDF reference parsing.
proc_cscl-2023,handle_1_8894,2023,2022,potential to improve learning. Theories from learning sciences should guide the implementation,extracted_from_md_references,Extracted via 0-cost reference block parsing from proceedings markdown; 2016-2022 proceedings reference extraction can be generated via Tier 3 PDF reference parsing.
proc_cscl-2023.md_13565,handle_1_8302,2023,2022,CSCL environment that aims to foster lay students’ productive epistemic discourse when they attempt to resolve,extracted_from_md_references,Extracted via 0-cost reference block parsing from proceedings markdown; 2016-2022 proceedings reference extraction can be generated via Tier 3 PDF reference parsing.
proc_cscl-2023.md_13565,handle_1_8980,2023,2022,"Kapur, M., & Bielaczyc, K. (2012). Designing for productive failure. Journal of the Learning Sciences, 21(1), 45-",extracted_from_md_references,Extracted via 0-cost reference block parsing from proceedings markdown; 2016-2022 proceedings reference extraction can be generated via Tier 3 PDF reference parsing.
proc_cscl-2023.md_13565,handle_1_8715,2023,2022,"principle-based innovation at an elementary school. Journal of the Learning Sciences, 20, 262–307.",extracted_from_md_references,Extracted via 0-cost reference block parsing from proceedings markdown; 2016-2022 proceedings reference extraction can be generated via Tier 3 PDF reference parsing.
proc_cscl-2023.md_13565,handle_1_8716,2023,2022,Fabrication Was Taught Online During a Pandemic. In Proceedings of the 2021 CHI Conference on,extracted_from_md_references,Extracted via 0-cost reference block parsing from proceedings markdown; 2016-2022 proceedings reference extraction can be generated via Tier 3 PDF reference parsing.
proc_cscl-2023.md_13565,handle_1_8452,2023,2022,learning (CSCL) reveals the importance of using digital technologies within the context of a focused pedagogical,extracted_from_md_references,Extracted via 0-cost reference block parsing from proceedings markdown; 2016-2022 proceedings reference extraction can be generated via Tier 3 PDF reference parsing.
proc_isls-2023,handle_1_7352,2023,2021,In Proceedings of the Fourth International Conference on Learning Analytics and Knowledge (pp. 203-,extracted_from_md_references,Extracted via 0-cost reference block parsing from proceedings markdown; 2016-2022 proceedings reference extraction can be generated via Tier 3 PDF reference parsing.
proc_isls-2023,handle_1_7570,2023,2021,"Modeling. The Journal of the Learning Sciences, 9:4, 471-500, DOI: 10.1207/S15327809JLS0904_4",extracted_from_md_references,Extracted via 0-cost reference block parsing from proceedings markdown; 2016-2022 proceedings reference extraction can be generated via Tier 3 PDF reference parsing.
proc_isls-2023,handle_1_7447,2023,2021,"environment. We present our design perspectives, grounded in STEM, learning sciences",extracted_from_md_references,Extracted via 0-cost reference block parsing from proceedings markdown; 2016-2022 proceedings reference extraction can be generated via Tier 3 PDF reference parsing.
proc_isls-2023,handle_1_7431,2023,2021,published on Data Science topics within the Learning Sciences literature as well as scholars who are active in the,extracted_from_md_references,Extracted via 0-cost reference block parsing from proceedings markdown; 2016-2022 proceedings reference extraction can be generated via Tier 3 PDF reference parsing.
proc_isls-2023,handle_1_7549,2023,2021,this space with a focus on contributions and opportunities for the Learning Sciences.,extracted_from_md_references,Extracted via 0-cost reference block parsing from proceedings markdown; 2016-2022 proceedings reference extraction can be generated via Tier 3 PDF reference parsing.
proc_isls-2023,handle_1_7591,2023,2021,about teaching digitally savvy children. Areej Mawasi is a Tenure Track Neubauer Faculty in learning sciences,extracted_from_md_references,Extracted via 0-cost reference block parsing from proceedings markdown; 2016-2022 proceedings reference extraction can be generated via Tier 3 PDF reference parsing.
proc_isls-2023,handle_1_7328,2023,2021,of learning sciences by illustrating an interdisciplinary approach to critically investigating creativity within,extracted_from_md_references,Extracted via 0-cost reference block parsing from proceedings markdown; 2016-2022 proceedings reference extraction can be generated via Tier 3 PDF reference parsing.
proc_icls-2023,handle_1_7503,2023,2021,"Penuel, W. R. & Spillane, J. P. (2014). Learning sciences and policy design and implementation: Key",extracted_from_md_references,Extracted via 0-cost reference block parsing from proceedings markdown; 2016-2022 proceedings reference extraction can be generated via Tier 3 PDF reference parsing.
proc_icls-2023,handle_1_7472,2023,2021,"this paper, we integrate concepts and methods across the learning sciences and teacher education to examine the",extracted_from_md_references,Extracted via 0-cost reference block parsing from proceedings markdown; 2016-2022 proceedings reference extraction can be generated via Tier 3 PDF reference parsing.
proc_icls-2023,handle_1_7447,2023,2021,"(2014) review of teacher learning within learning sciences that emphasizes extended durations, opportunities for",extracted_from_md_references,Extracted via 0-cost reference block parsing from proceedings markdown; 2016-2022 proceedings reference extraction can be generated via Tier 3 PDF reference parsing.
proc_icls-2023,handle_1_7454,2023,2021,"behavior, and function of a honeybee system. Journal of the Learning Sciences, 23(2), 100-148.",extracted_from_md_references,Extracted via 0-cost reference block parsing from proceedings markdown; 2016-2022 proceedings reference extraction can be generated via Tier 3 PDF reference parsing.
proc_icls-2023,handle_1_7348,2023,2021,online professional learning experience. Proceedings of the 50th ACM Technical Symposium on,extracted_from_md_references,Extracted via 0-cost reference block parsing from proceedings markdown; 2016-2022 proceedings reference extraction can be generated via Tier 3 PDF reference parsing.
proc_icls-2023,handle_1_7486,2023,2021,new roles: How parents supported learning during the transition to remote learning. Proceedings of the,extracted_from_md_references,Extracted via 0-cost reference block parsing from proceedings markdown; 2016-2022 proceedings reference extraction can be generated via Tier 3 PDF reference parsing.
proc_icls-2023,handle_1_7583,2023,2021,J. (2021). Designing a Global Community of Critical Action Educators. Proceedings of the International,extracted_from_md_references,Extracted via 0-cost reference block parsing from proceedings markdown; 2016-2022 proceedings reference extraction can be generated via Tier 3 PDF reference parsing.
proc_icls-2023.md_46158,handle_1_7460,2023,2021,taking and empathy transform children’s relationships to science and nature. In Proceedings of the 15th,extracted_from_md_references,Extracted via 0-cost reference block parsing from proceedings markdown; 2016-2022 proceedings reference extraction can be generated via Tier 3 PDF reference parsing.
proc_icls-2023.md_46158,handle_1_7447,2023,2021,"M. M. Ko (Eds.), Teacher learning in changing conte xts: Perspectives from the learning sciences .",extracted_from_md_references,Extracted via 0-cost reference block parsing from proceedings markdown; 2016-2022 proceedings reference extraction can be generated via Tier 3 PDF reference parsing.
proc_icls-2023.md_58293,handle_1_7501,2023,2021,"culturally relevant pedagogy and mathematics pedagogy. The Journal of the Learning Sciences, 16(2),",extracted_from_md_references,Extracted via 0-cost reference block parsing from proceedings markdown; 2016-2022 proceedings reference extraction can be generated via Tier 3 PDF reference parsing.
proc_icls-2023.md_73558,handle_1_7352,2023,2021,analytics. In Proceedings of the 9th international conference on learning analytics & knowledge  (pp.,extracted_from_md_references,Extracted via 0-cost reference block parsing from proceedings markdown; 2016-2022 proceedings reference extraction can be generated via Tier 3 PDF reference parsing.
proc_icls-2023.md_73558,handle_1_7454,2023,2021,"Henderson, 1995), and generated analytic memos. Our analytic framework falls within the learning sciences and",extracted_from_md_references,Extracted via 0-cost reference block parsing from proceedings markdown; 2016-2022 proceedings reference extraction can be generated via Tier 3 PDF reference parsing.
proc_icls-2023.md_73558,handle_1_7584,2023,2021,engagement and expansive framing as foundations for teacher education.  Proceedings of the 17 th,extracted_from_md_references,Extracted via 0-cost reference block parsing from proceedings markdown; 2016-2022 proceedings reference extraction can be generated via Tier 3 PDF reference parsing.
proc_icls-2023.md_73558,handle_1_7447,2023,2021,changing contexts: Perspectives from the learning sciences (pp.1-11). Routledge Taylor & Francis.,extracted_from_md_references,Extracted via 0-cost reference block parsing from proceedings markdown; 2016-2022 proceedings reference extraction can be generated via Tier 3 PDF reference parsing.
proc_icls-2023.md_73558,handle_1_7614,2023,2021,"of participatory design agendas the learning sciences (e.g., Zuiker et al., 2017) remains limited. To seed interplay",extracted_from_md_references,Extracted via 0-cost reference block parsing from proceedings markdown; 2016-2022 proceedings reference extraction can be generated via Tier 3 PDF reference parsing.
proc_icls-2023.md_73558,handle_1_7583,2023,2021,J. (2021). Designing a Global Community of Critical Action Educators. Proceedings of the International,extracted_from_md_references,Extracted via 0-cost reference block parsing from proceedings markdown; 2016-2022 proceedings reference extraction can be generated via Tier 3 PDF reference parsing.
proc_icls-2023.md_73558,handle_1_7356,2023,2021,"programming environment for learning distributed programming. In Proceedings of SIGCSE, ACM.",extracted_from_md_references,Extracted via 0-cost reference block parsing from proceedings markdown; 2016-2022 proceedings reference extraction can be generated via Tier 3 PDF reference parsing.
proc_icls-2023.md_73558,handle_1_7503,2023,2021,"a learning problem or challenge, the design of a solution  that applies the learning sciences, implementation with",extracted_from_md_references,Extracted via 0-cost reference block parsing from proceedings markdown; 2016-2022 proceedings reference extraction can be generated via Tier 3 PDF reference parsing.
proc_cscl-2023,handle_1_7299,2023,2021,importance to understand group learning processes in CSCL-groups in depth and on different levels  so that they,extracted_from_md_references,Extracted via 0-cost reference block parsing from proceedings markdown; 2016-2022 proceedings reference extraction can be generated via Tier 3 PDF reference parsing.
proc_cscl-2023,handle_1_7447,2023,2021,concept of community for both th e Learning Sciences and CSCL is evident in the variety of perspectives and,extracted_from_md_references,Extracted via 0-cost reference block parsing from proceedings markdown; 2016-2022 proceedings reference extraction can be generated via Tier 3 PDF reference parsing.
proc_cscl-2023,handle_1_7352,2023,2021,"Proceedings of the 9th International Conference on Learning Analytics & Knowledge, (pp. 446–455).",extracted_from_md_references,Extracted via 0-cost reference block parsing from proceedings markdown; 2016-2022 proceedings reference extraction can be generated via Tier 3 PDF reference parsing.
proc_cscl-2023.md_13565,handle_1_7352,2023,2021,Proceedings of the International Conference on Learning Analytics and Knowledge.,extracted_from_md_references,Extracted via 0-cost reference block parsing from proceedings markdown; 2016-2022 proceedings reference extraction can be generated via Tier 3 PDF reference parsing.
proc_cscl-2023.md_13565,handle_1_7447,2023,2021,"Pea, R., & Linn, M. C. (2020). Personal Perspectives on the Emergence of the Learning Sciences: 1970s –2005.",extracted_from_md_references,Extracted via 0-cost reference block parsing from proceedings markdown; 2016-2022 proceedings reference extraction can be generated via Tier 3 PDF reference parsing.
proc_cscl-2023.md_13565,handle_1_7570,2023,2021,"modeling. Journal of the learning sciences, 9(4), 471-500.",extracted_from_md_references,Extracted via 0-cost reference block parsing from proceedings markdown; 2016-2022 proceedings reference extraction can be generated via Tier 3 PDF reference parsing.
proc_isls-2023,handle_1_6435,2023,2020,"learning increases student performance in science, engineering, and mathematics. Proceedings of the",extracted_from_md_references,Extracted via 0-cost reference block parsing from proceedings markdown; 2016-2022 proceedings reference extraction can be generated via Tier 3 PDF reference parsing.
proc_isls-2023,handle_1_6353,2023,2020,Integrating STEAM and Develop Computational Thinking. Proceedings of the Seventh International,extracted_from_md_references,Extracted via 0-cost reference block parsing from proceedings markdown; 2016-2022 proceedings reference extraction can be generated via Tier 3 PDF reference parsing.
proc_isls-2023,handle_1_6663,2023,2020,Theoretical approach and relevance to the Learning Sciences,extracted_from_md_references,Extracted via 0-cost reference block parsing from proceedings markdown; 2016-2022 proceedings reference extraction can be generated via Tier 3 PDF reference parsing.
proc_isls-2023,handle_1_6679,2023,2020,"nature of the topic area (Wise, 2020). Given all that we believe the Learning Sciences has to offer to Data Science",extracted_from_md_references,Extracted via 0-cost reference block parsing from proceedings markdown; 2016-2022 proceedings reference extraction can be generated via Tier 3 PDF reference parsing.
proc_isls-2023,handle_1_6304,2023,2020,"About the organizers: Anna Keune, is an Assistant Professor of Learning Sciences and Design and Rudolf",extracted_from_md_references,Extracted via 0-cost reference block parsing from proceedings markdown; 2016-2022 proceedings reference extraction can be generated via Tier 3 PDF reference parsing.
proc_isls-2023,handle_1_6618,2023,2020,sustaining and continuing to build the learning sciences within and across international academic settings. We,extracted_from_md_references,Extracted via 0-cost reference block parsing from proceedings markdown; 2016-2022 proceedings reference extraction can be generated via Tier 3 PDF reference parsing.
proc_isls-2023,handle_1_6351,2023,2020,"Lee, C. D. (2017). Critical learning opportunities for the learning sciences. In Esmonde, I., & Booker, A. N.",extracted_from_md_references,Extracted via 0-cost reference block parsing from proceedings markdown; 2016-2022 proceedings reference extraction can be generated via Tier 3 PDF reference parsing.
proc_isls-2023,handle_1_6658,2023,2020,"awareness tools. Based on research on metacognitive self -regulation, CSCL, group awareness",extracted_from_md_references,Extracted via 0-cost reference block parsing from proceedings markdown; 2016-2022 proceedings reference extraction can be generated via Tier 3 PDF reference parsing.
proc_icls-2023,handle_1_6720,2023,2020,"Together: Reflections at the Intersection of Friendship, Research, and Learning Processes. ISLS.",extracted_from_md_references,Extracted via 0-cost reference block parsing from proceedings markdown; 2016-2022 proceedings reference extraction can be generated via Tier 3 PDF reference parsing.
proc_icls-2023,handle_1_6721,2023,2020,"Mechanistic Reasoning in Science Learning, Journal of the Learning Sciences, 28(2), 160-205.",extracted_from_md_references,Extracted via 0-cost reference block parsing from proceedings markdown; 2016-2022 proceedings reference extraction can be generated via Tier 3 PDF reference parsing.
proc_icls-2023,handle_1_6435,2023,2020,"learning increases student perfo rmance in science, engineering, and mathematics. Proceedings of the",extracted_from_md_references,Extracted via 0-cost reference block parsing from proceedings markdown; 2016-2022 proceedings reference extraction can be generated via Tier 3 PDF reference parsing.
proc_icls-2023,handle_1_6713,2023,2020,The learning sciences have a rich history of investigating the ways in which learners’ representational practices,extracted_from_md_references,Extracted via 0-cost reference block parsing from proceedings markdown; 2016-2022 proceedings reference extraction can be generated via Tier 3 PDF reference parsing.
proc_icls-2023,handle_1_6336,2023,2020,Modeling to Integrate Science and Engineering Curricular Activities. In Proceedings of the International,extracted_from_md_references,Extracted via 0-cost reference block parsing from proceedings markdown; 2016-2022 proceedings reference extraction can be generated via Tier 3 PDF reference parsing.
proc_icls-2023,handle_1_6823,2023,2020,"identity in basketball and classroom mathematics, The Journal of the Learning Sciences, 17(2), 143-179,",extracted_from_md_references,Extracted via 0-cost reference block parsing from proceedings markdown; 2016-2022 proceedings reference extraction can be generated via Tier 3 PDF reference parsing.
proc_icls-2023,handle_1_6535,2023,2020,learning sciences with teacher education to foreground the role of physical space in classroom teaching and,extracted_from_md_references,Extracted via 0-cost reference block parsing from proceedings markdown; 2016-2022 proceedings reference extraction can be generated via Tier 3 PDF reference parsing.
proc_icls-2023,handle_1_6351,2023,2020,"J. Kay & R. Luckin (Eds.), Rethinking learning in the dig ital age: Making the learning sciences count,",extracted_from_md_references,Extracted via 0-cost reference block parsing from proceedings markdown; 2016-2022 proceedings reference extraction can be generated via Tier 3 PDF reference parsing.
proc_icls-2023,handle_1_6445,2023,2020,"“adaptation” (Lee et al., 202). Design is a valued and highly-involved practice, especially in learning sciences. A",extracted_from_md_references,Extracted via 0-cost reference block parsing from proceedings markdown; 2016-2022 proceedings reference extraction can be generated via Tier 3 PDF reference parsing.
proc_icls-2023,handle_1_6568,2023,2020,space: How teachers work toward heterogenous science sense -making. Proceedings of the 2nd Annual,extracted_from_md_references,Extracted via 0-cost reference block parsing from proceedings markdown; 2016-2022 proceedings reference extraction can be generated via Tier 3 PDF reference parsing.
proc_icls-2023.md_46158,handle_1_6659,2023,2020,"learning about gender and sexuality. In C. Chinn, E. Tan, C. Chan, & Y. Kali. (Eds.), Proceedings of the",extracted_from_md_references,Extracted via 0-cost reference block parsing from proceedings markdown; 2016-2022 proceedings reference extraction can be generated via Tier 3 PDF reference parsing.
proc_icls-2023.md_58293,handle_1_6351,2023,2020,"empirical study of an emergent construct. The Journal of the Learning Sciences, 19(2), 143-186. Chicago",extracted_from_md_references,Extracted via 0-cost reference block parsing from proceedings markdown; 2016-2022 proceedings reference extraction can be generated via Tier 3 PDF reference parsing.
proc_icls-2023.md_58293,handle_1_6844,2023,2020,"explanations by fading scaffolds in instructional materials. The Journal of the Learning Sciences, 15(2),",extracted_from_md_references,Extracted via 0-cost reference block parsing from proceedings markdown; 2016-2022 proceedings reference extraction can be generated via Tier 3 PDF reference parsing.
proc_icls-2023.md_58293,handle_1_6823,2023,2020,"Identity in Basketball and Classroom Mathematics. Journal of the Learning Sciences, 17(2), 143–179.",extracted_from_md_references,Extracted via 0-cost reference block parsing from proceedings markdown; 2016-2022 proceedings reference extraction can be generated via Tier 3 PDF reference parsing.
proc_icls-2023.md_58293,handle_1_6292,2023,2020,projects: High school students’ challenges in making electronic textiles. Proc of ICLS. ISLS.,extracted_from_md_references,Extracted via 0-cost reference block parsing from proceedings markdown; 2016-2022 proceedings reference extraction can be generated via Tier 3 PDF reference parsing.
proc_icls-2023.md_73558,handle_1_6618,2023,2020,"activities across settings. The Journal of the Learning Sciences, 9(4), 373-401.",extracted_from_md_references,Extracted via 0-cost reference block parsing from proceedings markdown; 2016-2022 proceedings reference extraction can be generated via Tier 3 PDF reference parsing.
proc_icls-2023.md_73558,handle_1_6823,2023,2020,"identity in basketball and classroom mathematics. The Journal of the Learning Sciences, 17(2), 143–179.",extracted_from_md_references,Extracted via 0-cost reference block parsing from proceedings markdown; 2016-2022 proceedings reference extraction can be generated via Tier 3 PDF reference parsing.
proc_icls-2023.md_73558,handle_1_6509,2023,2020,"justice: A study of pedagogies of organizing by a teacher of Color. Journal of the Learning Sciences,",extracted_from_md_references,Extracted via 0-cost reference block parsing from proceedings markdown; 2016-2022 proceedings reference extraction can be generated via Tier 3 PDF reference parsing.
proc_icls-2023.md_73558,handle_1_6445,2023,2020,to practice in the classroom . While many felt that learning sciences theory and findings have much to offer to,extracted_from_md_references,Extracted via 0-cost reference block parsing from proceedings markdown; 2016-2022 proceedings reference extraction can be generated via Tier 3 PDF reference parsing.
proc_icls-2023.md_73558,handle_1_6535,2023,2020,Evoking the power of arts in and through inquiries within the field of learning sciences can open a new space and,extracted_from_md_references,Extracted via 0-cost reference block parsing from proceedings markdown; 2016-2022 proceedings reference extraction can be generated via Tier 3 PDF reference parsing.
proc_icls-2023.md_73558,handle_1_6562,2023,2020,"Learning Sciences, the study of how older adults access and participate in learning communities is rarely centered.",extracted_from_md_references,Extracted via 0-cost reference block parsing from proceedings markdown; 2016-2022 proceedings reference extraction can be generated via Tier 3 PDF reference parsing.
proc_icls-2023.md_73558,handle_1_6351,2023,2020,"An empirical study of an emergent construct. Journal of the Learning Sciences, 19(2), 143-186.",extracted_from_md_references,Extracted via 0-cost reference block parsing from proceedings markdown; 2016-2022 proceedings reference extraction can be generated via Tier 3 PDF reference parsing.
proc_icls-2023.md_73558,handle_1_6753,2023,2020,K. (2021). danceON: Culturally Responsive Creative Computing. Proceedings of the 2021 CHI,extracted_from_md_references,Extracted via 0-cost reference block parsing from proceedings markdown; 2016-2022 proceedings reference extraction can be generated via Tier 3 PDF reference parsing.
proc_icls-2023.md_73558,handle_1_6610,2023,2020,"While a substantial goal of the learning sciences is the construction of theories around learning, alternative theories",extracted_from_md_references,Extracted via 0-cost reference block parsing from proceedings markdown; 2016-2022 proceedings reference extraction can be generated via Tier 3 PDF reference parsing.
proc_icls-2023.md_73558,handle_1_6435,2023,2020,Understanding trajectories of civic engagement through resistance efforts within the Learning Sciences,extracted_from_md_references,Extracted via 0-cost reference block parsing from proceedings markdown; 2016-2022 proceedings reference extraction can be generated via Tier 3 PDF reference parsing.
proc_icls-2023.md_73558,handle_1_6571,2023,2020,"(2021) framework for ludic assessment that sits at the intersection of learning sciences, assessment science, and",extracted_from_md_references,Extracted via 0-cost reference block parsing from proceedings markdown; 2016-2022 proceedings reference extraction can be generated via Tier 3 PDF reference parsing.
proc_icls-2023.md_73558,handle_1_6813,2023,2020,paper describes student use of a computer -supported collaborative learning (CSCL) system,extracted_from_md_references,Extracted via 0-cost reference block parsing from proceedings markdown; 2016-2022 proceedings reference extraction can be generated via Tier 3 PDF reference parsing.
proc_icls-2023.md_73558,handle_1_6579,2023,2020,"learning (CSCL) , identify topics relevant to K12 practitioners  for translat ion from research to practice , and",extracted_from_md_references,Extracted via 0-cost reference block parsing from proceedings markdown; 2016-2022 proceedings reference extraction can be generated via Tier 3 PDF reference parsing.
proc_icls-2023.md_73558,handle_1_6820,2023,2020,"Learning Sciences are vital to making an impact. But, while collaboration across disciplines can be effective for",extracted_from_md_references,Extracted via 0-cost reference block parsing from proceedings markdown; 2016-2022 proceedings reference extraction can be generated via Tier 3 PDF reference parsing.
proc_icls-2023.md_73558,handle_1_6778,2023,2020,"inquiry into the relevant categories of assessment in Learning Sciences collaborations. However, this framework",extracted_from_md_references,Extracted via 0-cost reference block parsing from proceedings markdown; 2016-2022 proceedings reference extraction can be generated via Tier 3 PDF reference parsing.
proc_icls-2023.md_73558,handle_1_6704,2023,2020,opportunities in teaching and learning data literacy through art. ISLS 2021.,extracted_from_md_references,Extracted via 0-cost reference block parsing from proceedings markdown; 2016-2022 proceedings reference extraction can be generated via Tier 3 PDF reference parsing.
proc_icls-2023.md_73558,handle_1_6663,2023,2020,can be modified. With an important goal of the Learning Sciences being to better understand  the cognitive and,extracted_from_md_references,Extracted via 0-cost reference block parsing from proceedings markdown; 2016-2022 proceedings reference extraction can be generated via Tier 3 PDF reference parsing.
proc_cscl-2023,handle_1_6745,2023,2020,shared regulation of learning in CSCL: Understanding and prompting individual-and group-level shared,extracted_from_md_references,Extracted via 0-cost reference block parsing from proceedings markdown; 2016-2022 proceedings reference extraction can be generated via Tier 3 PDF reference parsing.
proc_cscl-2023,handle_1_6355,2023,2020,analytics can help us understand how engagement manifests in classrooms and how CSCL learning environments,extracted_from_md_references,Extracted via 0-cost reference block parsing from proceedings markdown; 2016-2022 proceedings reference extraction can be generated via Tier 3 PDF reference parsing.
proc_cscl-2023.md_13565,handle_1_6351,2023,2020,"- An empirical study of an emergent construct. Journal of the Learning Sciences, 19(2), 143 – 186.",extracted_from_md_references,Extracted via 0-cost reference block parsing from proceedings markdown; 2016-2022 proceedings reference extraction can be generated via Tier 3 PDF reference parsing.
proc_cscl-2023.md_13565,handle_1_6661,2023,2020,"produce, offers opportunities to contribute to CSCL’s understanding of collaborative learning.",extracted_from_md_references,Extracted via 0-cost reference block parsing from proceedings markdown; 2016-2022 proceedings reference extraction can be generated via Tier 3 PDF reference parsing.
proc_cscl-2023.md_13565,handle_1_6340,2023,2020,problem solving. CSCL has often focused on how artifacts mediate student -to-student interactions. This study,extracted_from_md_references,Extracted via 0-cost reference block parsing from proceedings markdown; 2016-2022 proceedings reference extraction can be generated via Tier 3 PDF reference parsing.
proc_cscl-2023.md_13565,handle_1_6720,2023,2020,work together to accomplish a particular learning goal.  We use principles from CSCL research to inform our,extracted_from_md_references,Extracted via 0-cost reference block parsing from proceedings markdown; 2016-2022 proceedings reference extraction can be generated via Tier 3 PDF reference parsing.
proc_cscl-2023.md_13565,handle_1_6663,2023,2020,design experiment in the learning sciences. While KB shares key theoretical tenets with other constructivist,extracted_from_md_references,Extracted via 0-cost reference block parsing from proceedings markdown; 2016-2022 proceedings reference extraction can be generated via Tier 3 PDF reference parsing.
proc_cscl-2023.md_13565,handle_1_6528,2023,2020,"with sociocultural approaches to learning, recent work on investigating skills in scientific inquiry in CSCL have",extracted_from_md_references,Extracted via 0-cost reference block parsing from proceedings markdown; 2016-2022 proceedings reference extraction can be generated via Tier 3 PDF reference parsing.
proc_isls-2023,handle_1_4573,2023,2019,"This work was supported by International Research Institute for the Learning Sciences (#EDT/2020/1/1) , Hong",extracted_from_md_references,Extracted via 0-cost reference block parsing from proceedings markdown; 2016-2022 proceedings reference extraction can be generated via Tier 3 PDF reference parsing.
proc_isls-2023,handle_1_4567,2023,2019,"Proctor, C., & Muller, D. A. C. (2022). Joint visual attention and collaboration in Minecraft. Proceedings of 15th",extracted_from_md_references,Extracted via 0-cost reference block parsing from proceedings markdown; 2016-2022 proceedings reference extraction can be generated via Tier 3 PDF reference parsing.
proc_icls-2023,handle_1_4436,2023,2019,"Abstract: This study compares the adoption and spread of a  learning sciences innovation, a",extracted_from_md_references,Extracted via 0-cost reference block parsing from proceedings markdown; 2016-2022 proceedings reference extraction can be generated via Tier 3 PDF reference parsing.
proc_icls-2023,handle_1_4573,2023,2019,Collaborative Learning-CSCL 2021. International Society of the Learning Sciences.,extracted_from_md_references,Extracted via 0-cost reference block parsing from proceedings markdown; 2016-2022 proceedings reference extraction can be generated via Tier 3 PDF reference parsing.
proc_icls-2023,handle_1_4502,2023,2019,Ontologies: Desettling Interaction Analysis Methods. https://repository.isls.org//handle/1/7593,extracted_from_md_references,Extracted via 0-cost reference block parsing from proceedings markdown; 2016-2022 proceedings reference extraction can be generated via Tier 3 PDF reference parsing.
proc_icls-2023,handle_1_4429,2023,2019,"mathematics education. Journal of the Learning Sciences, 25(2), 203-239.",extracted_from_md_references,Extracted via 0-cost reference block parsing from proceedings markdown; 2016-2022 proceedings reference extraction can be generated via Tier 3 PDF reference parsing.
proc_icls-2023.md_46158,handle_1_4573,2023,2019,"individual musician, explorations of musical agency align with learning sciences research that positions the",extracted_from_md_references,Extracted via 0-cost reference block parsing from proceedings markdown; 2016-2022 proceedings reference extraction can be generated via Tier 3 PDF reference parsing.
proc_icls-2023.md_46158,handle_1_4429,2023,2019,"mathematics education. Journal of the Learning Sciences , 25(2), 203 –239.",extracted_from_md_references,Extracted via 0-cost reference block parsing from proceedings markdown; 2016-2022 proceedings reference extraction can be generated via Tier 3 PDF reference parsing.
proc_icls-2023.md_58293,handle_1_4573,2023,2019,"research. In R. K. Sawyer (Ed.), The Cambridge handbook of the learning sciences  (pp. 707 -725).",extracted_from_md_references,Extracted via 0-cost reference block parsing from proceedings markdown; 2016-2022 proceedings reference extraction can be generated via Tier 3 PDF reference parsing.
proc_icls-2023.md_73558,handle_1_4517,2023,2019,"Thompson, J. (2014). Engaging girls’ sociohistorical identities in science. Journal of the Learning Sciences, 23(3),",extracted_from_md_references,Extracted via 0-cost reference block parsing from proceedings markdown; 2016-2022 proceedings reference extraction can be generated via Tier 3 PDF reference parsing.
proc_icls-2023.md_73558,handle_1_4573,2023,2019,"user in mind. In the learning sciences, there is a lack of research discussing the unique needs and barriers",extracted_from_md_references,Extracted via 0-cost reference block parsing from proceedings markdown; 2016-2022 proceedings reference extraction can be generated via Tier 3 PDF reference parsing.
proc_icls-2023.md_73558,handle_1_4429,2023,2019,"mathematics education. Journal of the Learning Sciences, 25(2), 203-239.",extracted_from_md_references,Extracted via 0-cost reference block parsing from proceedings markdown; 2016-2022 proceedings reference extraction can be generated via Tier 3 PDF reference parsing.
proc_icls-2023.md_73558,handle_1_4413,2023,2019,"Through Collaborative, Embodied Explorations with Augmented Reality Holograms. Proceedings of the",extracted_from_md_references,Extracted via 0-cost reference block parsing from proceedings markdown; 2016-2022 proceedings reference extraction can be generated via Tier 3 PDF reference parsing.
proc_icls-2023.md_73558,handle_1_4390,2023,2019,"regulated learning; m ultimedia principles; and problem solving (Benassi et al., 2014).  While learning sciences",extracted_from_md_references,Extracted via 0-cost reference block parsing from proceedings markdown; 2016-2022 proceedings reference extraction can be generated via Tier 3 PDF reference parsing.
proc_cscl-2023,handle_1_4576,2023,2019,"multiple representations. Journal of the Learning Sciences, 20(3), 489-547.",extracted_from_md_references,Extracted via 0-cost reference block parsing from proceedings markdown; 2016-2022 proceedings reference extraction can be generated via Tier 3 PDF reference parsing.
proc_cscl-2023,handle_1_4390,2023,2019,"problem solving in computer-mediated settings. Journal of the Learning Sciences, 14(2), 201–241.",extracted_from_md_references,Extracted via 0-cost reference block parsing from proceedings markdown; 2016-2022 proceedings reference extraction can be generated via Tier 3 PDF reference parsing.
proc_cscl-2023,handle_1_4573,2023,2019,broad range of research works (from ethnographic research traditions in the Learning Sciences; see Goldmann et,extracted_from_md_references,Extracted via 0-cost reference block parsing from proceedings markdown; 2016-2022 proceedings reference extraction can be generated via Tier 3 PDF reference parsing.
proc_cscl-2023,handle_1_4567,2023,2019,Between Joint Mental Effort and Joint Visual Attention. In  Proceedings of the 1 5th Intl Conf on,extracted_from_md_references,Extracted via 0-cost reference block parsing from proceedings markdown; 2016-2022 proceedings reference extraction can be generated via Tier 3 PDF reference parsing.
proc_cscl-2023,handle_1_4415,2023,2019,learning (CSCL) embodied science modeling acti vities. We explore the affordances of each,extracted_from_md_references,Extracted via 0-cost reference block parsing from proceedings markdown; 2016-2022 proceedings reference extraction can be generated via Tier 3 PDF reference parsing.
proc_cscl-2023.md_13565,handle_1_4573,2023,2019,"L., Sherin, M. G., & Sherin, B. L. (2010). Conducting video research in the learning sciences: Guidance",extracted_from_md_references,Extracted via 0-cost reference block parsing from proceedings markdown; 2016-2022 proceedings reference extraction can be generated via Tier 3 PDF reference parsing.
proc_cscl-2023.md_13565,handle_1_4590,2023,2019,This could help facilitate CSCL in classrooms and help identify strategies to support student collaboration.,extracted_from_md_references,Extracted via 0-cost reference block parsing from proceedings markdown; 2016-2022 proceedings reference extraction can be generated via Tier 3 PDF reference parsing.
proc_cscl-2023.md_13565,handle_1_4438,2023,2019,"Active Learning: Typologies of orchestrational flow. ICSCL, Volume 1. (pp. 448–455). Lyon, France.",extracted_from_md_references,Extracted via 0-cost reference block parsing from proceedings markdown; 2016-2022 proceedings reference extraction can be generated via Tier 3 PDF reference parsing.
proc_cscl-2023.md_13565,handle_1_4403,2023,2019,"This study contributes to the CSCL research of scripting, (self - and) group -awareness tools, and",extracted_from_md_references,Extracted via 0-cost reference block parsing from proceedings markdown; 2016-2022 proceedings reference extraction can be generated via Tier 3 PDF reference parsing.
proc_isls-2023,handle_1_701,2023,2018,Game development to support research in the learning sciences,extracted_from_md_references,Extracted via 0-cost reference block parsing from proceedings markdown; 2016-2022 proceedings reference extraction can be generated via Tier 3 PDF reference parsing.
proc_isls-2023,handle_1_640,2023,2018,"the needs when tackling research questions in CSCL, like e.g. addressing temporal aspects in processes of learning",extracted_from_md_references,Extracted via 0-cost reference block parsing from proceedings markdown; 2016-2022 proceedings reference extraction can be generated via Tier 3 PDF reference parsing.
proc_isls-2023,handle_1_910,2023,2018,Quantitative data analyses in the learning sciences and CSCL can be combined in different ways with qualitative,extracted_from_md_references,Extracted via 0-cost reference block parsing from proceedings markdown; 2016-2022 proceedings reference extraction can be generated via Tier 3 PDF reference parsing.
proc_isls-2023,handle_1_865,2023,2018,"technologies cannot be devoid of teaching learning and research in universities, where learning sciences are",extracted_from_md_references,Extracted via 0-cost reference block parsing from proceedings markdown; 2016-2022 proceedings reference extraction can be generated via Tier 3 PDF reference parsing.
proc_isls-2023,handle_1_791,2023,2018,inclusive learning sciences field of study. The infiltration of digital technologies d oes not only speed up the,extracted_from_md_references,Extracted via 0-cost reference block parsing from proceedings markdown; 2016-2022 proceedings reference extraction can be generated via Tier 3 PDF reference parsing.
proc_isls-2023,handle_1_557,2023,2018,"(learning) networks (e.g., using co-evolution models) but may also feed group awareness tools to support CSCL.",extracted_from_md_references,Extracted via 0-cost reference block parsing from proceedings markdown; 2016-2022 proceedings reference extraction can be generated via Tier 3 PDF reference parsing.
proc_isls-2023,handle_1_889,2023,2018,assumptions about group awareness and its role in CSCL. The latter builds on first theoretical and empirical,extracted_from_md_references,Extracted via 0-cost reference block parsing from proceedings markdown; 2016-2022 proceedings reference extraction can be generated via Tier 3 PDF reference parsing.
proc_isls-2023,handle_1_828,2023,2018,"learning sciences, as teachers work in highly varied environments that are subjective to change, and design-based",extracted_from_md_references,Extracted via 0-cost reference block parsing from proceedings markdown; 2016-2022 proceedings reference extraction can be generated via Tier 3 PDF reference parsing.
proc_icls-2023,handle_1_794,2023,2018,"Opportunities to learn for English language learners. Journal of the Learning Sciences, 25(3), 411–437.",extracted_from_md_references,Extracted via 0-cost reference block parsing from proceedings markdown; 2016-2022 proceedings reference extraction can be generated via Tier 3 PDF reference parsing.
proc_icls-2023,handle_1_656,2023,2018,"In the learning sciences, many of us share the goal of designing innovative learning environments and helping",extracted_from_md_references,Extracted via 0-cost reference block parsing from proceedings markdown; 2016-2022 proceedings reference extraction can be generated via Tier 3 PDF reference parsing.
proc_icls-2023,handle_1_828,2023,2018,"Halverson, E. R. (2013). Digital Art Making as a Representational Process. Journal of the Learning Sciences ,",extracted_from_md_references,Extracted via 0-cost reference block parsing from proceedings markdown; 2016-2022 proceedings reference extraction can be generated via Tier 3 PDF reference parsing.
proc_icls-2023,handle_1_612,2023,2018,"learning. In particular, our analysis highlights implications for how theories and methods in the learning sciences",extracted_from_md_references,Extracted via 0-cost reference block parsing from proceedings markdown; 2016-2022 proceedings reference extraction can be generated via Tier 3 PDF reference parsing.
proc_icls-2023,handle_1_892,2023,2018,"Abstract: In recent years, there has been growing attention in the learning sciences t o address",extracted_from_md_references,Extracted via 0-cost reference block parsing from proceedings markdown; 2016-2022 proceedings reference extraction can be generated via Tier 3 PDF reference parsing.
proc_icls-2023,handle_1_695,2023,2018,"Computer Supported Collaborative Learning (CSCL) contexts (Winstone et al., 2017).",extracted_from_md_references,Extracted via 0-cost reference block parsing from proceedings markdown; 2016-2022 proceedings reference extraction can be generated via Tier 3 PDF reference parsing.
proc_icls-2023,handle_1_838,2023,2018,foundation of the exploring computer science professional development model. Proceedings of ACM,extracted_from_md_references,Extracted via 0-cost reference block parsing from proceedings markdown; 2016-2022 proceedings reference extraction can be generated via Tier 3 PDF reference parsing.
proc_icls-2023,handle_1_757,2023,2018,system for early primary school children. In Proceedings of t he 11th International Conference on,extracted_from_md_references,Extracted via 0-cost reference block parsing from proceedings markdown; 2016-2022 proceedings reference extraction can be generated via Tier 3 PDF reference parsing.
proc_icls-2023,handle_1_865,2023,2018,Abstract: This paper consists of two stories that span three years of a learning sciences research,extracted_from_md_references,Extracted via 0-cost reference block parsing from proceedings markdown; 2016-2022 proceedings reference extraction can be generated via Tier 3 PDF reference parsing.
proc_icls-2023,handle_1_661,2023,2018,"Proceedings of the 46th ACM Technical Symposium on Computer Science Education , 278–283.",extracted_from_md_references,Extracted via 0-cost reference block parsing from proceedings markdown; 2016-2022 proceedings reference extraction can be generated via Tier 3 PDF reference parsing.
proc_icls-2023,handle_1_858,2023,2018,"Analytics. Proceedings of the 16th International Conference of the Learning Sciences , 791–798.",extracted_from_md_references,Extracted via 0-cost reference block parsing from proceedings markdown; 2016-2022 proceedings reference extraction can be generated via Tier 3 PDF reference parsing.
proc_icls-2023.md_46158,handle_1_828,2023,2018,"term, longitudinal, or life-course perspective. Of note, too, recent learning sciences scholarship has tended to focus",extracted_from_md_references,Extracted via 0-cost reference block parsing from proceedings markdown; 2016-2022 proceedings reference extraction can be generated via Tier 3 PDF reference parsing.
proc_icls-2023.md_46158,handle_1_661,2023,2018,"Mathematics. Proceedings of the 52nd ACM Technical Symposium on Computer Science Education, 59–",extracted_from_md_references,Extracted via 0-cost reference block parsing from proceedings markdown; 2016-2022 proceedings reference extraction can be generated via Tier 3 PDF reference parsing.
proc_icls-2023.md_46158,handle_1_892,2023,2018,marginalized person. This paper highlights how equity and justice -seeking work in the learning sciences can be,extracted_from_md_references,Extracted via 0-cost reference block parsing from proceedings markdown; 2016-2022 proceedings reference extraction can be generated via Tier 3 PDF reference parsing.
proc_icls-2023.md_46158,handle_1_858,2023,2018,"In the context of learning sciences research, learning analytics and AI machine learning ha ve offered",extracted_from_md_references,Extracted via 0-cost reference block parsing from proceedings markdown; 2016-2022 proceedings reference extraction can be generated via Tier 3 PDF reference parsing.
proc_icls-2023.md_58293,handle_1_828,2023,2018,"Fishman, B. J., Davis, E. A., & Chan, C. K. K. (2014). A learning sciences perspective on teacher learning",extracted_from_md_references,Extracted via 0-cost reference block parsing from proceedings markdown; 2016-2022 proceedings reference extraction can be generated via Tier 3 PDF reference parsing.
proc_icls-2023.md_58293,handle_1_519,2023,2018,"sensemaking for epistemic agency. Journal of the Learning Sciences, 31(3), 408-457.",extracted_from_md_references,Extracted via 0-cost reference block parsing from proceedings markdown; 2016-2022 proceedings reference extraction can be generated via Tier 3 PDF reference parsing.
proc_icls-2023.md_58293,handle_1_686,2023,2018,"Manz, E. (2018). Designing for and analyzing productive uncertainty in science investigations. Proceedings of an",extracted_from_md_references,Extracted via 0-cost reference block parsing from proceedings markdown; 2016-2022 proceedings reference extraction can be generated via Tier 3 PDF reference parsing.
proc_icls-2023.md_58293,handle_1_728,2023,2018,review to examine narrative in both digital and non-digital environments from a learning sciences perspective.,extracted_from_md_references,Extracted via 0-cost reference block parsing from proceedings markdown; 2016-2022 proceedings reference extraction can be generated via Tier 3 PDF reference parsing.
proc_icls-2023.md_58293,handle_1_613,2023,2018,"representation in early childhood coding toys. Information and Learning Sciences, 120(7/8), 505-518.",extracted_from_md_references,Extracted via 0-cost reference block parsing from proceedings markdown; 2016-2022 proceedings reference extraction can be generated via Tier 3 PDF reference parsing.
proc_icls-2023.md_58293,handle_1_892,2023,2018,There have been recent calls for the field of the Learning Sciences to attend to learning processes in contexts that,extracted_from_md_references,Extracted via 0-cost reference block parsing from proceedings markdown; 2016-2022 proceedings reference extraction can be generated via Tier 3 PDF reference parsing.
proc_icls-2023.md_58293,handle_1_651,2023,2018,learning sciences in concert with a creative design thinking process that focused on adapting instruction for learner,extracted_from_md_references,Extracted via 0-cost reference block parsing from proceedings markdown; 2016-2022 proceedings reference extraction can be generated via Tier 3 PDF reference parsing.
proc_icls-2023.md_58293,handle_1_740,2023,2018,paint a picture of impressive transfer of both learning sciences and design content to a variety of contexts.,extracted_from_md_references,Extracted via 0-cost reference block parsing from proceedings markdown; 2016-2022 proceedings reference extraction can be generated via Tier 3 PDF reference parsing.
proc_icls-2023.md_73558,handle_1_613,2023,2018,"comparison of early childhood coding toys. Information and Learning Sciences, 120(7/8), 505-518.",extracted_from_md_references,Extracted via 0-cost reference block parsing from proceedings markdown; 2016-2022 proceedings reference extraction can be generated via Tier 3 PDF reference parsing.
proc_icls-2023.md_73558,handle_1_876,2023,2018,"as a justification for learning computer science. Journal of the Learning Sciences, 23(3), 272-315.",extracted_from_md_references,Extracted via 0-cost reference block parsing from proceedings markdown; 2016-2022 proceedings reference extraction can be generated via Tier 3 PDF reference parsing.
proc_icls-2023.md_73558,handle_1_661,2023,2018,"Proceedings of the 54th ACM Technical Symposium on Computer Science Education V. 2, 1351.",extracted_from_md_references,Extracted via 0-cost reference block parsing from proceedings markdown; 2016-2022 proceedings reference extraction can be generated via Tier 3 PDF reference parsing.
proc_icls-2023.md_73558,handle_1_828,2023,2018,"learners' and teachers' gestures. Journal of the Learning Sciences, 21(2), 247-286.",extracted_from_md_references,Extracted via 0-cost reference block parsing from proceedings markdown; 2016-2022 proceedings reference extraction can be generated via Tier 3 PDF reference parsing.
proc_icls-2023.md_73558,handle_1_892,2023,2018,"Uttamchandani, S. (2018, July). Equity in the Learning Sciences: Recent Themes and Pathways. Proceedings of",extracted_from_md_references,Extracted via 0-cost reference block parsing from proceedings markdown; 2016-2022 proceedings reference extraction can be generated via Tier 3 PDF reference parsing.
proc_icls-2023.md_73558,handle_1_791,2023,2018,though the unit of analysis in this study was institutions that had both learning sciences researchers and teacher,extracted_from_md_references,Extracted via 0-cost reference block parsing from proceedings markdown; 2016-2022 proceedings reference extraction can be generated via Tier 3 PDF reference parsing.
proc_icls-2023.md_73558,handle_1_572,2023,2018,"to the learning sciences through classroom research partnerships, and 41% of respondents (1 5) reported teacher",extracted_from_md_references,Extracted via 0-cost reference block parsing from proceedings markdown; 2016-2022 proceedings reference extraction can be generated via Tier 3 PDF reference parsing.
proc_icls-2023.md_73558,handle_1_888,2023,2018,"necessity of political struggle (Curnow & Jurow, 2021), and the importance of using the learning sciences toward",extracted_from_md_references,Extracted via 0-cost reference block parsing from proceedings markdown; 2016-2022 proceedings reference extraction can be generated via Tier 3 PDF reference parsing.
proc_icls-2023.md_73558,handle_1_549,2023,2018,"education and he aling? (2) In efforts towards a more just future, what can the learning sciences research",extracted_from_md_references,Extracted via 0-cost reference block parsing from proceedings markdown; 2016-2022 proceedings reference extraction can be generated via Tier 3 PDF reference parsing.
proc_icls-2023.md_73558,handle_1_656,2023,2018,on designing transformative learning environments within the learning sciences has largely been situated in the,extracted_from_md_references,Extracted via 0-cost reference block parsing from proceedings markdown; 2016-2022 proceedings reference extraction can be generated via Tier 3 PDF reference parsing.
proc_icls-2023.md_73558,handle_1_858,2023,2018,Abstract: The study focuses on how learning sciences and visual learning analytics can be,extracted_from_md_references,Extracted via 0-cost reference block parsing from proceedings markdown; 2016-2022 proceedings reference extraction can be generated via Tier 3 PDF reference parsing.
proc_icls-2023.md_73558,handle_1_701,2023,2018,builds upon prior approaches in learning sciences to support learning in the workforce through research,extracted_from_md_references,Extracted via 0-cost reference block parsing from proceedings markdown; 2016-2022 proceedings reference extraction can be generated via Tier 3 PDF reference parsing.
proc_icls-2023.md_73558,handle_1_534,2023,2018,To design an effective tool for examining and guiding the collaboration process within Learning Sciences,extracted_from_md_references,Extracted via 0-cost reference block parsing from proceedings markdown; 2016-2022 proceedings reference extraction can be generated via Tier 3 PDF reference parsing.
proc_icls-2023.md_73558,handle_1_780,2023,2018,Applied research in the field of the Learning Sciences often employs Design -Based Research (DBR) sometimes,extracted_from_md_references,Extracted via 0-cost reference block parsing from proceedings markdown; 2016-2022 proceedings reference extraction can be generated via Tier 3 PDF reference parsing.
proc_icls-2023.md_73558,handle_1_622,2023,2018,practice that applies the learning sciences using human -centered engineering design methodologies and data -,extracted_from_md_references,Extracted via 0-cost reference block parsing from proceedings markdown; 2016-2022 proceedings reference extraction can be generated via Tier 3 PDF reference parsing.
proc_icls-2023.md_73558,handle_1_707,2023,2018,"Goodell, J. (Ed.). (2022). The learning engineering toolkit: Evidence-based practices from the learning sciences,",extracted_from_md_references,Extracted via 0-cost reference block parsing from proceedings markdown; 2016-2022 proceedings reference extraction can be generated via Tier 3 PDF reference parsing.
proc_cscl-2023,handle_1_828,2023,2018,"learners' and teachers' gestures. Journal of the learning sciences, 21(2), 247-286.",extracted_from_md_references,Extracted via 0-cost reference block parsing from proceedings markdown; 2016-2022 proceedings reference extraction can be generated via Tier 3 PDF reference parsing.
proc_cscl-2023,handle_1_881,2023,2018,Higher education has widely adopted Computer -supported Collaborative Learning (CSCL) which encourages,extracted_from_md_references,Extracted via 0-cost reference block parsing from proceedings markdown; 2016-2022 proceedings reference extraction can be generated via Tier 3 PDF reference parsing.
proc_cscl-2023,handle_1_734,2023,2018,future options to help groups to regulate their group processes in CSCL. In the next section we will further describe,extracted_from_md_references,Extracted via 0-cost reference block parsing from proceedings markdown; 2016-2022 proceedings reference extraction can be generated via Tier 3 PDF reference parsing.
proc_cscl-2023,handle_1_695,2023,2018,Sinha et al. (2015) investigated collaborative group engagement in CSCL learning contexts as a construct,extracted_from_md_references,Extracted via 0-cost reference block parsing from proceedings markdown; 2016-2022 proceedings reference extraction can be generated via Tier 3 PDF reference parsing.
proc_cscl-2023,handle_1_483,2023,2018,central for the theory and practice of the Learning Sciences and Computer Supported Collaborative Learning,extracted_from_md_references,Extracted via 0-cost reference block parsing from proceedings markdown; 2016-2022 proceedings reference extraction can be generated via Tier 3 PDF reference parsing.
proc_cscl-2023.md_13565,handle_1_717,2023,2018,particular learning goals.  Our project is especially well -situated to examine the rich affordances of CSCL,extracted_from_md_references,Extracted via 0-cost reference block parsing from proceedings markdown; 2016-2022 proceedings reference extraction can be generated via Tier 3 PDF reference parsing.
proc_cscl-2023.md_13565,handle_1_613,2023,2018,ScratchJr: Support for early childhood learning through computer programming. In Proceedings of the,extracted_from_md_references,Extracted via 0-cost reference block parsing from proceedings markdown; 2016-2022 proceedings reference extraction can be generated via Tier 3 PDF reference parsing.
proc_cscl-2023.md_13565,handle_1_838,2023,2018,foundation of the exploring computer science professional development model. In Proceedings of the,extracted_from_md_references,Extracted via 0-cost reference block parsing from proceedings markdown; 2016-2022 proceedings reference extraction can be generated via Tier 3 PDF reference parsing.
proc_cscl-2023.md_13565,handle_1_758,2023,2018,"conceptualizing and operationalizing a shared meaning -making model in CSCL. More specifically, this study",extracted_from_md_references,Extracted via 0-cost reference block parsing from proceedings markdown; 2016-2022 proceedings reference extraction can be generated via Tier 3 PDF reference parsing.
proc_cscl-2023.md_13565,handle_1_739,2023,2018,"Science: Participatory Digital Mapping and the Pursuit of a Third Space. Journal of the learning sciences,",extracted_from_md_references,Extracted via 0-cost reference block parsing from proceedings markdown; 2016-2022 proceedings reference extraction can be generated via Tier 3 PDF reference parsing.
proc_cscl-2023.md_23154,handle_1_828,2023,2018,The invitation by the International Society for the Learning Science’s (ISLS) to teachers to lead conference,extracted_from_md_references,Extracted via 0-cost reference block parsing from proceedings markdown; 2016-2022 proceedings reference extraction can be generated via Tier 3 PDF reference parsing.
proc_isls-2023,handle_1_243,2023,2017,"involved are “Social Network Analysis” (CSCL2017), “Collaboration Analytics” (CSCL 2019), “Open Science",extracted_from_md_references,Extracted via 0-cost reference block parsing from proceedings markdown; 2016-2022 proceedings reference extraction can be generated via Tier 3 PDF reference parsing.
proc_isls-2023,handle_1_256,2023,2017,Research in the learning sciences community has explored the ways that learning about data and data science,extracted_from_md_references,Extracted via 0-cost reference block parsing from proceedings markdown; 2016-2022 proceedings reference extraction can be generated via Tier 3 PDF reference parsing.
proc_isls-2023,handle_1_242,2023,2017,collaboration used in LS and CSCL research more appropriately conceptualized and measured as formative,extracted_from_md_references,Extracted via 0-cost reference block parsing from proceedings markdown; 2016-2022 proceedings reference extraction can be generated via Tier 3 PDF reference parsing.
proc_isls-2023,handle_1_240,2023,2017,"María Jesús, & Ochoa, Xavier. (2017). Joint proceedings of the sixth multimodal learning analytics",extracted_from_md_references,Extracted via 0-cost reference block parsing from proceedings markdown; 2016-2022 proceedings reference extraction can be generated via Tier 3 PDF reference parsing.
proc_isls-2023,handle_1_212,2023,2017,"Abstract: Informed by the Computer-Supported Collaborative Learning (CSCL) literature, the",extracted_from_md_references,Extracted via 0-cost reference block parsing from proceedings markdown; 2016-2022 proceedings reference extraction can be generated via Tier 3 PDF reference parsing.
proc_icls-2023,handle_1_248,2023,2017,‘discrepant events’ between physical experiments and virtual models in biology. Proceedings of the,extracted_from_md_references,Extracted via 0-cost reference block parsing from proceedings markdown; 2016-2022 proceedings reference extraction can be generated via Tier 3 PDF reference parsing.
proc_icls-2023,handle_1_264,2023,2017,Environments as Tools to Structure Classroom -Level Knowledge Building. Proceedings of the 12th,extracted_from_md_references,Extracted via 0-cost reference block parsing from proceedings markdown; 2016-2022 proceedings reference extraction can be generated via Tier 3 PDF reference parsing.
proc_icls-2023,handle_1_256,2023,2017,"shape collaborative science inquiry. Journal of the Learning Sciences, 28(4-5), 513-555.",extracted_from_md_references,Extracted via 0-cost reference block parsing from proceedings markdown; 2016-2022 proceedings reference extraction can be generated via Tier 3 PDF reference parsing.
proc_icls-2023.md_46158,handle_1_198,2023,2017,"identities in climate change learning. Journal of the Learning Sciences, 27(1), 8-48.",extracted_from_md_references,Extracted via 0-cost reference block parsing from proceedings markdown; 2016-2022 proceedings reference extraction can be generated via Tier 3 PDF reference parsing.
proc_icls-2023.md_46158,handle_1_212,2023,2017,Conference on Computer-Supported Collaborative Learning (CSCL) 2022 (pp. 266-273). International,extracted_from_md_references,Extracted via 0-cost reference block parsing from proceedings markdown; 2016-2022 proceedings reference extraction can be generated via Tier 3 PDF reference parsing.
proc_icls-2023.md_58293,handle_1_259,2023,2017,during collaborative engineering design tasks. 16th International Conference of the Learning Sciences.,extracted_from_md_references,Extracted via 0-cost reference block parsing from proceedings markdown; 2016-2022 proceedings reference extraction can be generated via Tier 3 PDF reference parsing.
proc_icls-2023.md_73558,handle_1_256,2023,2017,"data in community and citizen science. Journal of the Learning Sciences , 29(2), 224 -263.",extracted_from_md_references,Extracted via 0-cost reference block parsing from proceedings markdown; 2016-2022 proceedings reference extraction can be generated via Tier 3 PDF reference parsing.
proc_icls-2023.md_73558,handle_1_237,2023,2017,"design course. Proceedings of the 13th Annual Conference on Information Technology Education , 55–",extracted_from_md_references,Extracted via 0-cost reference block parsing from proceedings markdown; 2016-2022 proceedings reference extraction can be generated via Tier 3 PDF reference parsing.
proc_icls-2023.md_73558,handle_1_212,2023,2017,Conference on Computer-Supported Collaborative Learning – CSCL 2022 (pp. 340–343). ISLS.,extracted_from_md_references,Extracted via 0-cost reference block parsing from proceedings markdown; 2016-2022 proceedings reference extraction can be generated via Tier 3 PDF reference parsing.
proc_icls-2023.md_73558,handle_1_259,2023,2017,during collaborative engineering design tasks. Proceedings of International Conference of the Learning,extracted_from_md_references,Extracted via 0-cost reference block parsing from proceedings markdown; 2016-2022 proceedings reference extraction can be generated via Tier 3 PDF reference parsing.
proc_icls-2023.md_73558,handle_1_217,2023,2017,"fields of study including computer science, educational technology, learning sciences, bioengineering, and applied",extracted_from_md_references,Extracted via 0-cost reference block parsing from proceedings markdown; 2016-2022 proceedings reference extraction can be generated via Tier 3 PDF reference parsing.
proc_icls-2023.md_73558,handle_1_206,2023,2017,"annual meeting, ""Building knowledge and sustaining our community,"" demands the ISLS community to engage",extracted_from_md_references,Extracted via 0-cost reference block parsing from proceedings markdown; 2016-2022 proceedings reference extraction can be generated via Tier 3 PDF reference parsing.
proc_icls-2023.md_73558,handle_1_240,2023,2017,"limitations in mind, we sought to identify the core aspects of Learning Sciences collaborations that should be",extracted_from_md_references,Extracted via 0-cost reference block parsing from proceedings markdown; 2016-2022 proceedings reference extraction can be generated via Tier 3 PDF reference parsing.
proc_cscl-2023,handle_1_213,2023,2017,Dispositions to Regulate Emotions in Collaborative Problem -Solving. In Proceedings of  the 14th,extracted_from_md_references,Extracted via 0-cost reference block parsing from proceedings markdown; 2016-2022 proceedings reference extraction can be generated via Tier 3 PDF reference parsing.
proc_cscl-2023,handle_1_240,2023,2017,Learning Approach Using Multimodal Data. Proceedings of International Conferences of Learning,extracted_from_md_references,Extracted via 0-cost reference block parsing from proceedings markdown; 2016-2022 proceedings reference extraction can be generated via Tier 3 PDF reference parsing.
proc_cscl-2023,handle_1_212,2023,2017,"students develop a basic understanding of core learning sciences theories (e.g., computer-supported collaborative",extracted_from_md_references,Extracted via 0-cost reference block parsing from proceedings markdown; 2016-2022 proceedings reference extraction can be generated via Tier 3 PDF reference parsing.
proc_cscl-2023,handle_1_259,2023,2017,"for Complex Collaborative Design Processes. Journal of the Learning Sciences, 19(3), 403–440.",extracted_from_md_references,Extracted via 0-cost reference block parsing from proceedings markdown; 2016-2022 proceedings reference extraction can be generated via Tier 3 PDF reference parsing.
proc_cscl-2023,handle_1_232,2023,2017,"understanding of complex systems. The Journal of the Learning Sciences, 16(3), 307-331.",extracted_from_md_references,Extracted via 0-cost reference block parsing from proceedings markdown; 2016-2022 proceedings reference extraction can be generated via Tier 3 PDF reference parsing.
proc_cscl-2023.md_13565,handle_1_256,2023,2017,"Stahl, G. (Ed.). (2002). Computer support for collaborative learning: Foundations for a CSCL community",extracted_from_md_references,Extracted via 0-cost reference block parsing from proceedings markdown; 2016-2022 proceedings reference extraction can be generated via Tier 3 PDF reference parsing.
proc_cscl-2023.md_13565,handle_1_212,2023,2017,Computer-supported collaborative learning (CSCL) studies focus on a process of online collaboration to build,extracted_from_md_references,Extracted via 0-cost reference block parsing from proceedings markdown; 2016-2022 proceedings reference extraction can be generated via Tier 3 PDF reference parsing.
proc_cscl-2023.md_13565,handle_1_217,2023,2017,the many ways that it can support lear ners to engage in Computer -Supported Collaborative Learning (CSCL),extracted_from_md_references,Extracted via 0-cost reference block parsing from proceedings markdown; 2016-2022 proceedings reference extraction can be generated via Tier 3 PDF reference parsing.
proc_cscl-2023.md_13565,handle_1_243,2023,2017,"ICLS communities, while Lund et al. (2020) used scientometric methods to connect educational research to social",extracted_from_md_references,Extracted via 0-cost reference block parsing from proceedings markdown; 2016-2022 proceedings reference extraction can be generated via Tier 3 PDF reference parsing.
proc_cscl-2023.md_13565,handle_1_213,2023,2017,CSCL research particularly inquires under which circumstances collaborative problem solving facilitates,extracted_from_md_references,Extracted via 0-cost reference block parsing from proceedings markdown; 2016-2022 proceedings reference extraction can be generated via Tier 3 PDF reference parsing.
proc_cscl-2023.md_13565,handle_1_305,2023,2017,"In problem-based learning (PBL) within a computer -supported collaborative learning (CSCL) context, students",extracted_from_md_references,Extracted via 0-cost reference block parsing from proceedings markdown; 2016-2022 proceedings reference extraction can be generated via Tier 3 PDF reference parsing.
proc_cscl-2023.md_13565,handle_1_240,2023,2017,insights: A layered storytelling approach for multimodal learning analytics. In Proceedings of the 2020,extracted_from_md_references,Extracted via 0-cost reference block parsing from proceedings markdown; 2016-2022 proceedings reference extraction can be generated via Tier 3 PDF reference parsing.
proc_cscl-2023.md_13565,handle_1_231,2023,2017,Just as research in the field of computer -supported collaborative learning (CSCL) calls out interaction processes,extracted_from_md_references,Extracted via 0-cost reference block parsing from proceedings markdown; 2016-2022 proceedings reference extraction can be generated via Tier 3 PDF reference parsing.
proc_isls-2023,handle_1_179,2023,2016,Learning Sciences community; and reviews of international work in the Data Science Education space with a,extracted_from_md_references,Extracted via 0-cost reference block parsing from proceedings markdown; 2016-2022 proceedings reference extraction can be generated via Tier 3 PDF reference parsing.
proc_isls-2023,handle_1_381,2023,2016,relationship and following r ecommendations coming out of current conversations in learning sciences,extracted_from_md_references,Extracted via 0-cost reference block parsing from proceedings markdown; 2016-2022 proceedings reference extraction can be generated via Tier 3 PDF reference parsing.
proc_isls-2023,handle_1_375,2023,2016,"expanding the learning sciences beyond the insular walls of the academy'' (as cited in Esmonde & Booker, 2017,",extracted_from_md_references,Extracted via 0-cost reference block parsing from proceedings markdown; 2016-2022 proceedings reference extraction can be generated via Tier 3 PDF reference parsing.
proc_isls-2023,handle_1_315,2023,2016,(2017). Power and privilege in the learning sciences: Critical and sociocultural perspectives. New York:,extracted_from_md_references,Extracted via 0-cost reference block parsing from proceedings markdown; 2016-2022 proceedings reference extraction can be generated via Tier 3 PDF reference parsing.
proc_isls-2023,handle_1_106,2023,2016,"Yoon, S. A., & Hmelo -Silver, C. E. (2017). What do learning scientists do? A survey of the ISLS membership.",extracted_from_md_references,Extracted via 0-cost reference block parsing from proceedings markdown; 2016-2022 proceedings reference extraction can be generated via Tier 3 PDF reference parsing.
proc_isls-2023,handle_1_149,2023,2016,"awareness may affect group regulation during CSCL (e.g., when learners use the information to support their",extracted_from_md_references,Extracted via 0-cost reference block parsing from proceedings markdown; 2016-2022 proceedings reference extraction can be generated via Tier 3 PDF reference parsing.
proc_isls-2023,handle_1_318,2023,2016,"collaborative learning (CSCL), supported by Knowledge Forum® (KF) (Figure 1, Tong et al., 2019), an online",extracted_from_md_references,Extracted via 0-cost reference block parsing from proceedings markdown; 2016-2022 proceedings reference extraction can be generated via Tier 3 PDF reference parsing.
proc_isls-2023,handle_1_361,2023,2016,This study makes a significant contribution to the field of learning sciences through the development of tools and,extracted_from_md_references,Extracted via 0-cost reference block parsing from proceedings markdown; 2016-2022 proceedings reference extraction can be generated via Tier 3 PDF reference parsing.
proc_icls-2023,handle_1_369,2023,2016,(2016).FUSE: An alternative infrastructure for empowering learners in  schools. Proceedings of the,extracted_from_md_references,Extracted via 0-cost reference block parsing from proceedings markdown; 2016-2022 proceedings reference extraction can be generated via Tier 3 PDF reference parsing.
proc_icls-2023,handle_1_381,2023,2016,"Conference of the Learning Sciences, Online.",extracted_from_md_references,Extracted via 0-cost reference block parsing from proceedings markdown; 2016-2022 proceedings reference extraction can be generated via Tier 3 PDF reference parsing.
proc_icls-2023,handle_1_362,2023,2016,Supports to Promote  Computer Science Teachers' Pedagogical Content Knowledge. In  Proceedings of,extracted_from_md_references,Extracted via 0-cost reference block parsing from proceedings markdown; 2016-2022 proceedings reference extraction can be generated via Tier 3 PDF reference parsing.
proc_icls-2023,handle_1_187,2023,2016,understanding in secondary computer science edu cation. In  Proceedings of the 13th Workshop in,extracted_from_md_references,Extracted via 0-cost reference block parsing from proceedings markdown; 2016-2022 proceedings reference extraction can be generated via Tier 3 PDF reference parsing.
proc_icls-2023,handle_1_375,2023,2016,"and beyond an afterschool science program. Journal of the Learning Sciences, 31(2), 199-236.",extracted_from_md_references,Extracted via 0-cost reference block parsing from proceedings markdown; 2016-2022 proceedings reference extraction can be generated via Tier 3 PDF reference parsing.
proc_icls-2023,handle_1_372,2023,2016,Prior work in the learning sciences that addresses equity through understanding how nondominant communities,extracted_from_md_references,Extracted via 0-cost reference block parsing from proceedings markdown; 2016-2022 proceedings reference extraction can be generated via Tier 3 PDF reference parsing.
proc_icls-2023,handle_1_101,2023,2016,"professional practice. Notably, theories in the learning sciences informed our approach to supporting teachers’",extracted_from_md_references,Extracted via 0-cost reference block parsing from proceedings markdown; 2016-2022 proceedings reference extraction can be generated via Tier 3 PDF reference parsing.
proc_icls-2023,handle_1_179,2023,2016,"science education. Journal of the Learning Sciences, 29(1), 57–80.",extracted_from_md_references,Extracted via 0-cost reference block parsing from proceedings markdown; 2016-2022 proceedings reference extraction can be generated via Tier 3 PDF reference parsing.
proc_icls-2023,handle_1_318,2023,2016,"knowledge building communities. The Journal of the Learning Sciences, 18(1), 7-44.",extracted_from_md_references,Extracted via 0-cost reference block parsing from proceedings markdown; 2016-2022 proceedings reference extraction can be generated via Tier 3 PDF reference parsing.
proc_icls-2023,handle_1_351,2023,2016,"Science Learning in Middle School. In Proceedings of Interaction Design and Children, 206–211.",extracted_from_md_references,Extracted via 0-cost reference block parsing from proceedings markdown; 2016-2022 proceedings reference extraction can be generated via Tier 3 PDF reference parsing.
proc_icls-2023.md_46158,handle_1_315,2023,2016,"A sociocultural perspective. Journal of the Learning Sciences, 1-39.",extracted_from_md_references,Extracted via 0-cost reference block parsing from proceedings markdown; 2016-2022 proceedings reference extraction can be generated via Tier 3 PDF reference parsing.
proc_icls-2023.md_46158,handle_1_375,2023,2016,"and beyond an afterschool science program. Journal of the Learning Sciences, 31(2), 199–236.",extracted_from_md_references,Extracted via 0-cost reference block parsing from proceedings markdown; 2016-2022 proceedings reference extraction can be generated via Tier 3 PDF reference parsing.
proc_icls-2023.md_58293,handle_1_315,2023,2016,"A sociocultural perspective. Journal of the Learning Sciences, 31(2), 278–316.",extracted_from_md_references,Extracted via 0-cost reference block parsing from proceedings markdown; 2016-2022 proceedings reference extraction can be generated via Tier 3 PDF reference parsing.
proc_icls-2023.md_58293,handle_1_351,2023,2016,"learning in middle school. In Proceedings of Interaction Design and Children (IDC ’22), June 27-30,",extracted_from_md_references,Extracted via 0-cost reference block parsing from proceedings markdown; 2016-2022 proceedings reference extraction can be generated via Tier 3 PDF reference parsing.
proc_icls-2023.md_58293,handle_1_378,2023,2016,As the Learning Sciences field turns its attention to designing and stud ying contexts that span disciplinary,extracted_from_md_references,Extracted via 0-cost reference block parsing from proceedings markdown; 2016-2022 proceedings reference extraction can be generated via Tier 3 PDF reference parsing.
proc_icls-2023.md_58293,handle_1_375,2023,2016,"In recent years, the learning sciences have begun to theorize beyond the individual learner to include the",extracted_from_md_references,Extracted via 0-cost reference block parsing from proceedings markdown; 2016-2022 proceedings reference extraction can be generated via Tier 3 PDF reference parsing.
proc_icls-2023.md_58293,handle_1_183,2023,2016,"Zipitría, S. D. R. (2018, October). Piaget and computational thinking. In Proceedings of the 7th Computer Science",extracted_from_md_references,Extracted via 0-cost reference block parsing from proceedings markdown; 2016-2022 proceedings reference extraction can be generated via Tier 3 PDF reference parsing.
proc_icls-2023.md_73558,handle_1_369,2023,2016,Alternative infrastructure for empowering learners in schools. Proceedings of the 12 th International,extracted_from_md_references,Extracted via 0-cost reference block parsing from proceedings markdown; 2016-2022 proceedings reference extraction can be generated via Tier 3 PDF reference parsing.
proc_icls-2023.md_73558,handle_1_179,2023,2016,"Science, Technology, Engineering and Mathematics (STEM) education and learning sciences scholars have",extracted_from_md_references,Extracted via 0-cost reference block parsing from proceedings markdown; 2016-2022 proceedings reference extraction can be generated via Tier 3 PDF reference parsing.
proc_icls-2023.md_73558,handle_1_169,2023,2016,"collaborative learning in online courses. 13th International Conference on CSCL, (pp. 33-40).",extracted_from_md_references,Extracted via 0-cost reference block parsing from proceedings markdown; 2016-2022 proceedings reference extraction can be generated via Tier 3 PDF reference parsing.
proc_icls-2023.md_73558,handle_1_381,2023,2016,"pedagogical approaches from online practitioners.  Information and Learning Sciences , 121(5/6), 443-",extracted_from_md_references,Extracted via 0-cost reference block parsing from proceedings markdown; 2016-2022 proceedings reference extraction can be generated via Tier 3 PDF reference parsing.
proc_icls-2023.md_73558,handle_1_315,2023,2016,"From its origins, the learning sciences has coupled an investigation into the processes of learning with attempts",extracted_from_md_references,Extracted via 0-cost reference block parsing from proceedings markdown; 2016-2022 proceedings reference extraction can be generated via Tier 3 PDF reference parsing.
proc_icls-2023.md_73558,handle_1_106,2023,2016,"Yoon, S. A., & Hmelo -Silver, C. E. (2017). What do learning scientists do? A survey of the ISLS membership.",extracted_from_md_references,Extracted via 0-cost reference block parsing from proceedings markdown; 2016-2022 proceedings reference extraction can be generated via Tier 3 PDF reference parsing.
proc_icls-2023.md_73558,handle_1_375,2023,2016,"beyond an afterschool science program. Journal of the Learning Sciences , 31(2), 1 –38.",extracted_from_md_references,Extracted via 0-cost reference block parsing from proceedings markdown; 2016-2022 proceedings reference extraction can be generated via Tier 3 PDF reference parsing.
proc_icls-2023.md_73558,handle_1_351,2023,2016,middle school students. In Proceedings of the interaction design and children conference (pp. 1-10).,extracted_from_md_references,Extracted via 0-cost reference block parsing from proceedings markdown; 2016-2022 proceedings reference extraction can be generated via Tier 3 PDF reference parsing.
proc_icls-2023.md_73558,handle_1_318,2023,2016,machine learning through building models of athletic moves. In Proceedings of the 18th ACM,extracted_from_md_references,Extracted via 0-cost reference block parsing from proceedings markdown; 2016-2022 proceedings reference extraction can be generated via Tier 3 PDF reference parsing.
proc_icls-2023.md_73558,handle_1_137,2023,2016,Adolescents’ experiences during COVID-19 disruption. Information and Learning Sciences.,extracted_from_md_references,Extracted via 0-cost reference block parsing from proceedings markdown; 2016-2022 proceedings reference extraction can be generated via Tier 3 PDF reference parsing.
proc_icls-2023.md_73558,handle_1_362,2023,2016,Supports to Promote Computer Science Teachers' Pedagogical Content Knowledge. In  Proceedings of,extracted_from_md_references,Extracted via 0-cost reference block parsing from proceedings markdown; 2016-2022 proceedings reference extraction can be generated via Tier 3 PDF reference parsing.
proc_icls-2023.md_73558,handle_1_183,2023,2016,computational thinking. Learning Sciences Perspectives on Math and Science . American Educational,extracted_from_md_references,Extracted via 0-cost reference block parsing from proceedings markdown; 2016-2022 proceedings reference extraction can be generated via Tier 3 PDF reference parsing.
proc_icls-2023.md_73558,handle_1_174,2023,2016,"course. In order to address these challenges, I turned to the learning sciences. I now provide three use cases from",extracted_from_md_references,Extracted via 0-cost reference block parsing from proceedings markdown; 2016-2022 proceedings reference extraction can be generated via Tier 3 PDF reference parsing.
proc_cscl-2023,handle_1_361,2023,2016,combines cognitive load theory (CLT) and (computer -supported) collaborative learning (CSCL). The authors,extracted_from_md_references,Extracted via 0-cost reference block parsing from proceedings markdown; 2016-2022 proceedings reference extraction can be generated via Tier 3 PDF reference parsing.
proc_cscl-2023,handle_1_318,2023,2016,"Computer-supported collaborative learning (CSCL) has positive effects on skill acquisition, knowledge gain, and",extracted_from_md_references,Extracted via 0-cost reference block parsing from proceedings markdown; 2016-2022 proceedings reference extraction can be generated via Tier 3 PDF reference parsing.
proc_cscl-2023,handle_1_343,2023,2016,Still under -researched are the implications of large -scale collaboration for the design of CSCL,extracted_from_md_references,Extracted via 0-cost reference block parsing from proceedings markdown; 2016-2022 proceedings reference extraction can be generated via Tier 3 PDF reference parsing.
proc_cscl-2023,handle_1_157,2023,2016,dynamics using mobile eye -trackers. Proceedings of the ICLS 2016 International Conference of the,extracted_from_md_references,Extracted via 0-cost reference block parsing from proceedings markdown; 2016-2022 proceedings reference extraction can be generated via Tier 3 PDF reference parsing.
proc_cscl-2023.md_13565,handle_1_358,2023,2016,Enhancing socially shared regulation in collaborative learning groups: Designing for CSCL regulation tools.,extracted_from_md_references,Extracted via 0-cost reference block parsing from proceedings markdown; 2016-2022 proceedings reference extraction can be generated via Tier 3 PDF reference parsing.
proc_cscl-2023.md_13565,handle_1_328,2023,2016,in CSCL: Progress of socially shared regulation among high-and low-performing groups. Computers in,extracted_from_md_references,Extracted via 0-cost reference block parsing from proceedings markdown; 2016-2022 proceedings reference extraction can be generated via Tier 3 PDF reference parsing.
proc_cscl-2023.md_13565,handle_1_183,2023,2016,"and ICLS: five related to specific domains ( climate change, computational thinking, computer science, the Next",extracted_from_md_references,Extracted via 0-cost reference block parsing from proceedings markdown; 2016-2022 proceedings reference extraction can be generated via Tier 3 PDF reference parsing.
proc_cscl-2023.md_13565,handle_1_375,2023,2016,"modifying or creating. We report the rationale, precedent in learning sciences and CSCL",extracted_from_md_references,Extracted via 0-cost reference block parsing from proceedings markdown; 2016-2022 proceedings reference extraction can be generated via Tier 3 PDF reference parsing.
proc_cscl-2023.md_13565,handle_1_179,2023,2016,"Science Education. Journal of the learning sciences, 20(1), 57-80. doi:10.1080/10508406.2019.1693377",extracted_from_md_references,Extracted via 0-cost reference block parsing from proceedings markdown; 2016-2022 proceedings reference extraction can be generated via Tier 3 PDF reference parsing.
proc_cscl-2023.md_23154,handle_1_323,2023,2016,computer supported collaborative learning (CSCL) research and evaluation. Teachers mediate student learning,extracted_from_md_references,Extracted via 0-cost reference block parsing from proceedings markdown; 2016-2022 proceedings reference extraction can be generated via Tier 3 PDF reference parsing.
